sku,store_view_code,attribute_set_code,product_type,categories,product_websites,name,description,short_description,weight,product_online,tax_class_name,visibility,price,special_price,special_price_from_date,special_price_to_date,url_key,meta_title,meta_keywords,meta_description,base_image,base_image_label,small_image,small_image_label,thumbnail_image,thumbnail_image_label,swatch_image,swatch_image_label,created_at,updated_at,new_from_date,new_to_date,display_product_options_in,map_price,msrp_price,map_enabled,gift_message_available,custom_design,custom_design_from,custom_design_to,custom_layout_update,page_layout,product_options_container,msrp_display_actual_price_type,country_of_manufacture,additional_attributes,qty,out_of_stock_qty,use_config_min_qty,is_qty_decimal,allow_backorders,use_config_backorders,min_cart_qty,use_config_min_sale_qty,max_cart_qty,use_config_max_sale_qty,is_in_stock,notify_on_stock_below,use_config_notify_stock_qty,manage_stock,use_config_manage_stock,use_config_qty_increments,qty_increments,use_config_enable_qty_inc,enable_qty_increments,is_decimal_divided,website_id,deferred_stock_update,use_config_deferred_stock_update,related_skus,related_position,crosssell_skus,crosssell_position,upsell_skus,upsell_position,additional_images,additional_image_labels,hide_from_product_page,custom_options,giftcard_type,giftcard_allow_open_amount,giftcard_open_amount_min,giftcard_open_amount_max,giftcard_amount,use_config_is_redeemable,giftcard_is_redeemable,use_config_lifetime,giftcard_lifetime,use_config_allow_message,giftcard_allow_message,use_config_email_template,giftcard_email_template,bundle_price_type,bundle_sku_type,bundle_price_view,bundle_weight_type,bundle_values,bundle_shipment_type,configurable_variations,configurable_variation_labels,downloadable_links,downloadable_samples,associated_skus
SB-ONC-PRC-WB-8ML,,Biospecimen,simple,Bodea/Products,"base,bodea","Prostate Cancer Whole Blood – K2-EDTA (8 mL)","<h4>Additional Information</h4>
<p>Fresh whole blood from donors with confirmed prostate cancer, spanning localized low-risk disease through castration-resistant prostate cancer (CRPC). The K2-EDTA format preserves nucleic acid integrity for PSA gene expression, AR splice variant detection, and CTC enrichment.</p>","Prostate cancer whole blood, K2-EDTA, 8 mL, fresh. PSA levels, Gleason/ISUP grade, AR-V7 status (CRPC), BRCA1/2 mutations documented. Ideal for CTC isolation, PSA assay validation, and AR-V7 detection.",0.100000,2,"Taxable Goods","Catalog, Search",499.000000,,,,prostate-cancer-whole-blood-k2edta-8ml,"Prostate Cancer Whole Blood K2-EDTA | Sanguine Bio","prostate cancer blood, PSA blood, CTC prostate cancer, AR-V7 blood, CRPC whole blood","Prostate cancer whole blood – 8 mL fresh. PSA levels, Gleason grade, AR-V7, BRCA1/2 status documented. Ideal for CTC and AR-V7 liquid biopsy. RUO.",https://delivery-p158081-e1683323.adobeaemcloud.com/adobe/assets/urn:aaid:aem:04b21442-9c8b-45a6-99d7-4766664b3529,,https://delivery-p158081-e1683323.adobeaemcloud.com/adobe/assets/urn:aaid:aem:04b21442-9c8b-45a6-99d7-4766664b3529,,https://delivery-p158081-e1683323.adobeaemcloud.com/adobe/assets/urn:aaid:aem:04b21442-9c8b-45a6-99d7-4766664b3529,,https://delivery-p158081-e1683323.adobeaemcloud.com/adobe/assets/urn:aaid:aem:04b21442-9c8b-45a6-99d7-4766664b3529,,6/3/26,8/16/26,,,"Block after Info Column",,,,No,,,,,,,"Use config",,"asset_role_image=https://delivery-p158081-e1683323.adobeaemcloud.com/adobe/assets/urn:aaid:aem:04b21442-9c8b-45a6-99d7-4766664b3529,asset_role_small_image=https://delivery-p158081-e1683323.adobeaemcloud.com/adobe/assets/urn:aaid:aem:04b21442-9c8b-45a6-99d7-4766664b3529,asset_role_swatch_image=https://delivery-p158081-e1683323.adobeaemcloud.com/adobe/assets/urn:aaid:aem:04b21442-9c8b-45a6-99d7-4766664b3529,asset_role_thumbnail=https://delivery-p158081-e1683323.adobeaemcloud.com/adobe/assets/urn:aaid:aem:04b21442-9c8b-45a6-99d7-4766664b3529,gift_wrapping_available=No,sanguine_anticoagulant=K2-EDTA,sanguine_cancer_type=Prostate Cancer,sanguine_catalog_number=12345,sanguine_collection_method=Biopsy,sanguine_covid19_variant=Alpha (B.1.1.7),sanguine_cryopreservation_media=CryoStor CS10,sanguine_disease_state=Prostate Cancer,sanguine_infectious_disease_tested=Yes,sanguine_irb_approved=Yes,sanguine_product_series=LeukoCore,sanguine_regulatory_status=Research Use Only (RUO),sanguine_sample_format=Fresh,sanguine_scd_genotype=HbAA (Normal),sanguine_shipping_condition=Ambient / Gel Pack,sanguine_specimen_type=1,sanguine_storage_condition=–80°C,sanguine_volume_size=123415",18.0000,0.0000,1,0,0,1,1.0000,0,10.0000,0,1,1.0000,1,1,0,0,0.0000,1,0,0,0,0,1,,,,,,,https://delivery-p158081-e1683323.adobeaemcloud.com/adobe/assets/urn:aaid:aem:04b21442-9c8b-45a6-99d7-4766664b3529,,,,,,,,,,,,,,,,,,,,,,,,,,,
sc8890,,"Agilent LVO",simple,"Default Category/Products",base,"Large Valve Oven for GC (Simple-Customize)","<ul>
<li>Takes up no additional bench space</li>
<li>Six-position isothermal valve oven for actuated valves, micro-gasifiers, needle valves, and columns (including 1/8-in packed columns) with access to valve connections without removing actuators</li>
<li>Can accommodate 4-, 6-, 10-, or 14-port valves including Hastelloy valves</li>
<li>Dual thermal zones allow for thermal isolation between column oven and LVO</li>
<li>Independent control of LVO and GC oven zones</li>
<li>Maximum operating temperature of 330 °C (depending on columns and valves)</li>
<li>Ability to configure analyses that require multiple thermal zones, for example, run isothermal in the LVO while temperature ramping the GC oven</li>
<li>Easy maintenance and servicing</li>
<li>Enables highly configurable analyzers</li>
</ul>","<p>The Agilent Large Valve Oven (LVO) for 8890 and 7890B GC systems is a versatile, high-capacity external oven that can be configured to support complex, multi-valve gas chromatography applications. Unlike auxiliary valve ovens from other GC manufacturers, it is mounted on top of the gas chromatograph, optimizing precious laboratory bench space.<br><br>Precisely engineered for thermal isolation from the GC oven, the LVO provides a homogeneous isothermal environment that accommodates up to six positions for columns and valves, with convenient open access for maintenance, adjustment, or customization. Accessibility, capacity, and thermal uniformity make the Agilent LVO ideal for performing various ASTM and EN methods on a single gas chromatography platform.</p>",354.000000,1,"Taxable Goods","Catalog, Search",5000.000000,,,,large-valve-oven-for-gc,"Large Valve Oven for GC","Large Valve Oven for GC","Large Valve Oven for GC 
Takes up no additional bench space
Six-position isothermal valve oven for actuated valves, micro-gasifiers, needle valves, and columns (including 1/8-in packed columns) with access to valve connections without removing actuators",https://delivery-p158081-e1683323.adobeaemcloud.com/adobe/assets/urn:aaid:aem:5ca3290b-f13c-46da-ac54-4f6901a42f4d,,https://delivery-p158081-e1683323.adobeaemcloud.com/adobe/assets/urn:aaid:aem:5ca3290b-f13c-46da-ac54-4f6901a42f4d,,https://delivery-p158081-e1683323.adobeaemcloud.com/adobe/assets/urn:aaid:aem:5ca3290b-f13c-46da-ac54-4f6901a42f4d,,https://delivery-p158081-e1683323.adobeaemcloud.com/adobe/assets/urn:aaid:aem:5ca3290b-f13c-46da-ac54-4f6901a42f4d,,8/15/26,8/15/26,,,"Block after Info Column",,,,"Use config",,,,,,,"Use config","United States","agilent_column_mandrel_size=Small Mandrel (7 ft-1/8-in),agilent_compatible_gc_platform=8890 GC,agilent_valve_material=Standard,agilent_valve_port_configuration=4-port,asset_role_image=https://delivery-p158081-e1683323.adobeaemcloud.com/adobe/assets/urn:aaid:aem:5ca3290b-f13c-46da-ac54-4f6901a42f4d,asset_role_small_image=https://delivery-p158081-e1683323.adobeaemcloud.com/adobe/assets/urn:aaid:aem:5ca3290b-f13c-46da-ac54-4f6901a42f4d,asset_role_swatch_image=https://delivery-p158081-e1683323.adobeaemcloud.com/adobe/assets/urn:aaid:aem:5ca3290b-f13c-46da-ac54-4f6901a42f4d,asset_role_thumbnail=https://delivery-p158081-e1683323.adobeaemcloud.com/adobe/assets/urn:aaid:aem:5ca3290b-f13c-46da-ac54-4f6901a42f4d,gift_wrapping_available=Use config",100.0000,0.0000,1,0,0,1,1,1,10000,1,1,1.0000,1,1,1,1,1.0000,1,0,0,0,0,1,,,,,,,"https://delivery-p158081-e1683323.adobeaemcloud.com/adobe/assets/urn:aaid:aem:fb2180d2-e287-4c59-b409-551f4bb76c0e,https://delivery-p158081-e1683323.adobeaemcloud.com/adobe/assets/urn:aaid:aem:5ca3290b-f13c-46da-ac54-4f6901a42f4d",",",,"name=Valve Material,type=drop_down,required=0,price=0.000000,sku=,max_characters=0,file_extension=,image_size_x=0,image_size_y=0,price_type=fixed,option_title=Standard|name=Valve Material,type=drop_down,required=0,price=400.000000,sku=,max_characters=0,file_extension=,image_size_x=0,image_size_y=0,price_type=fixed,option_title=Hastelloy|name=Compatible GC Platform,type=drop_down,required=0,price=0.000000,sku=,max_characters=0,file_extension=,image_size_x=0,image_size_y=0,price_type=fixed,option_title=8890 GC|name=Compatible GC Platform,type=drop_down,required=0,price=300.000000,sku=,max_characters=0,file_extension=,image_size_x=0,image_size_y=0,price_type=fixed,option_title=7890B GC|name=Valve Port Configuration,type=drop_down,required=0,price=0.000000,sku=,max_characters=0,file_extension=,image_size_x=0,image_size_y=0,price_type=fixed,option_title=4-port|name=Valve Port Configuration,type=drop_down,required=0,price=100.000000,sku=,max_characters=0,file_extension=,image_size_x=0,image_size_y=0,price_type=fixed,option_title=6-port|name=Valve Port Configuration,type=drop_down,required=0,price=200.000000,sku=,max_characters=0,file_extension=,image_size_x=0,image_size_y=0,price_type=fixed,option_title=10-port|name=Valve Port Configuration,type=drop_down,required=0,price=300.000000,sku=,max_characters=0,file_extension=,image_size_x=0,image_size_y=0,price_type=fixed,option_title=14-port|name=Column Mandrel Size,type=drop_down,required=0,price=0.000000,sku=,max_characters=0,file_extension=,image_size_x=0,image_size_y=0,price_type=fixed,option_title=Small (7ft of 1/8 OD)|name=Column Mandrel Size,type=drop_down,required=0,price=400.000000,sku=,max_characters=0,file_extension=,image_size_x=0,image_size_y=0,price_type=fixed,option_title=Large (15ft of 1/8 OD)",,,,,,,,,,,,,,,,,,,,,,,,
"c8890-Large Mandrel (15 ft-1/8-in)-7890B GC-Standard-4-port",,"Agilent LVO",simple,,base,"Large Valve Oven for GC543-Large Mandrel (15 ft-1/8-in)-7890B GC-Standard-4-port","<ul>
<li>Takes up no additional bench space</li>
<li>Six-position isothermal valve oven for actuated valves, micro-gasifiers, needle valves, and columns (including 1/8-in packed columns) with access to valve connections without removing actuators</li>
<li>Can accommodate 4-, 6-, 10-, or 14-port valves including Hastelloy valves</li>
<li>Dual thermal zones allow for thermal isolation between column oven and LVO</li>
<li>Independent control of LVO and GC oven zones</li>
<li>Maximum operating temperature of 330 °C (depending on columns and valves)</li>
<li>Ability to configure analyses that require multiple thermal zones, for example, run isothermal in the LVO while temperature ramping the GC oven</li>
<li>Easy maintenance and servicing</li>
<li>Enables highly configurable analyzers</li>
</ul>","<p>The Agilent Large Valve Oven (LVO) for 8890 and 7890B GC systems is a versatile, high-capacity external oven that can be configured to support complex, multi-valve gas chromatography applications. Unlike auxiliary valve ovens from other GC manufacturers, it is mounted on top of the gas chromatograph, optimizing precious laboratory bench space.<br><br>Precisely engineered for thermal isolation from the GC oven, the LVO provides a homogeneous isothermal environment that accommodates up to six positions for columns and valves, with convenient open access for maintenance, adjustment, or customization. Accessibility, capacity, and thermal uniformity make the Agilent LVO ideal for performing various ASTM and EN methods on a single gas chromatography platform.</p>",346.000000,1,"Taxable Goods","Not Visible Individually",400.000000,,,,large-valve-oven-for-gc543-large-mandrel-15-ft-1-8-in-7890b-gc-standard-4-port,"Large Valve Oven for GC543","Large Valve Oven for GC543","Large Valve Oven for GC543 
Takes up no additional bench space
Six-position isothermal valve oven for actuated valves, micro-gasifiers, needle valves, and columns (including 1/8-in packed columns) with access to valve connections without removing actuat",,,,,,,,,8/15/26,8/15/26,,,"Block after Info Column",,,,No,,,,,,,"Use config",,"agilent_column_mandrel_size=Large Mandrel (15 ft-1/8-in),agilent_compatible_gc_platform=7890B GC,agilent_valve_material=Standard,agilent_valve_port_configuration=4-port,gift_wrapping_available=Yes",100.0000,0.0000,1,0,0,1,1,1,10000,1,1,1.0000,1,1,1,1,1.0000,1,0,0,0,0,1,,,,,,,,,,,,,,,,,,,,,,,,,,,,,,,,,,
"c8890-Large Mandrel (15 ft-1/8-in)-7890B GC-Standard-6-port",,"Agilent LVO",simple,,base,"Large Valve Oven for GC543-Large Mandrel (15 ft-1/8-in)-7890B GC-Standard-6-port","<ul>
<li>Takes up no additional bench space</li>
<li>Six-position isothermal valve oven for actuated valves, micro-gasifiers, needle valves, and columns (including 1/8-in packed columns) with access to valve connections without removing actuators</li>
<li>Can accommodate 4-, 6-, 10-, or 14-port valves including Hastelloy valves</li>
<li>Dual thermal zones allow for thermal isolation between column oven and LVO</li>
<li>Independent control of LVO and GC oven zones</li>
<li>Maximum operating temperature of 330 °C (depending on columns and valves)</li>
<li>Ability to configure analyses that require multiple thermal zones, for example, run isothermal in the LVO while temperature ramping the GC oven</li>
<li>Easy maintenance and servicing</li>
<li>Enables highly configurable analyzers</li>
</ul>","<p>The Agilent Large Valve Oven (LVO) for 8890 and 7890B GC systems is a versatile, high-capacity external oven that can be configured to support complex, multi-valve gas chromatography applications. Unlike auxiliary valve ovens from other GC manufacturers, it is mounted on top of the gas chromatograph, optimizing precious laboratory bench space.<br><br>Precisely engineered for thermal isolation from the GC oven, the LVO provides a homogeneous isothermal environment that accommodates up to six positions for columns and valves, with convenient open access for maintenance, adjustment, or customization. Accessibility, capacity, and thermal uniformity make the Agilent LVO ideal for performing various ASTM and EN methods on a single gas chromatography platform.</p>",346.000000,1,"Taxable Goods","Not Visible Individually",600.000000,,,,large-valve-oven-for-gc543-large-mandrel-15-ft-1-8-in-7890b-gc-standard-6-port,"Large Valve Oven for GC543","Large Valve Oven for GC543","Large Valve Oven for GC543 
Takes up no additional bench space
Six-position isothermal valve oven for actuated valves, micro-gasifiers, needle valves, and columns (including 1/8-in packed columns) with access to valve connections without removing actuat",,,,,,,,,8/15/26,8/15/26,,,"Block after Info Column",,,,No,,,,,,,"Use config",,"agilent_column_mandrel_size=Large Mandrel (15 ft-1/8-in),agilent_compatible_gc_platform=7890B GC,agilent_valve_material=Standard,agilent_valve_port_configuration=6-port,gift_wrapping_available=Yes",100.0000,0.0000,1,0,0,1,1,1,10000,1,1,1.0000,1,1,1,1,1.0000,1,0,0,0,0,1,,,,,,,,,,,,,,,,,,,,,,,,,,,,,,,,,,
"c8890-Large Mandrel (15 ft-1/8-in)-7890B GC-Standard-10-port",,"Agilent LVO",simple,,base,"Large Valve Oven for GC543-Large Mandrel (15 ft-1/8-in)-7890B GC-Standard-10-port","<ul>
<li>Takes up no additional bench space</li>
<li>Six-position isothermal valve oven for actuated valves, micro-gasifiers, needle valves, and columns (including 1/8-in packed columns) with access to valve connections without removing actuators</li>
<li>Can accommodate 4-, 6-, 10-, or 14-port valves including Hastelloy valves</li>
<li>Dual thermal zones allow for thermal isolation between column oven and LVO</li>
<li>Independent control of LVO and GC oven zones</li>
<li>Maximum operating temperature of 330 °C (depending on columns and valves)</li>
<li>Ability to configure analyses that require multiple thermal zones, for example, run isothermal in the LVO while temperature ramping the GC oven</li>
<li>Easy maintenance and servicing</li>
<li>Enables highly configurable analyzers</li>
</ul>","<p>The Agilent Large Valve Oven (LVO) for 8890 and 7890B GC systems is a versatile, high-capacity external oven that can be configured to support complex, multi-valve gas chromatography applications. Unlike auxiliary valve ovens from other GC manufacturers, it is mounted on top of the gas chromatograph, optimizing precious laboratory bench space.<br><br>Precisely engineered for thermal isolation from the GC oven, the LVO provides a homogeneous isothermal environment that accommodates up to six positions for columns and valves, with convenient open access for maintenance, adjustment, or customization. Accessibility, capacity, and thermal uniformity make the Agilent LVO ideal for performing various ASTM and EN methods on a single gas chromatography platform.</p>",346.000000,1,"Taxable Goods","Not Visible Individually",1000.000000,,,,large-valve-oven-for-gc543-large-mandrel-15-ft-1-8-in-7890b-gc-standard-10-port,"Large Valve Oven for GC543","Large Valve Oven for GC543","Large Valve Oven for GC543 
Takes up no additional bench space
Six-position isothermal valve oven for actuated valves, micro-gasifiers, needle valves, and columns (including 1/8-in packed columns) with access to valve connections without removing actuat",,,,,,,,,8/15/26,8/15/26,,,"Block after Info Column",,,,No,,,,,,,"Use config",,"agilent_column_mandrel_size=Large Mandrel (15 ft-1/8-in),agilent_compatible_gc_platform=7890B GC,agilent_valve_material=Standard,agilent_valve_port_configuration=10-port,gift_wrapping_available=Yes",100.0000,0.0000,1,0,0,1,1,1,10000,1,1,1.0000,1,1,1,1,1.0000,1,0,0,0,0,1,,,,,,,,,,,,,,,,,,,,,,,,,,,,,,,,,,
"c8890-Large Mandrel (15 ft-1/8-in)-7890B GC-Standard-14-port",,"Agilent LVO",simple,,base,"Large Valve Oven for GC543-Large Mandrel (15 ft-1/8-in)-7890B GC-Standard-14-port","<ul>
<li>Takes up no additional bench space</li>
<li>Six-position isothermal valve oven for actuated valves, micro-gasifiers, needle valves, and columns (including 1/8-in packed columns) with access to valve connections without removing actuators</li>
<li>Can accommodate 4-, 6-, 10-, or 14-port valves including Hastelloy valves</li>
<li>Dual thermal zones allow for thermal isolation between column oven and LVO</li>
<li>Independent control of LVO and GC oven zones</li>
<li>Maximum operating temperature of 330 °C (depending on columns and valves)</li>
<li>Ability to configure analyses that require multiple thermal zones, for example, run isothermal in the LVO while temperature ramping the GC oven</li>
<li>Easy maintenance and servicing</li>
<li>Enables highly configurable analyzers</li>
</ul>","<p>The Agilent Large Valve Oven (LVO) for 8890 and 7890B GC systems is a versatile, high-capacity external oven that can be configured to support complex, multi-valve gas chromatography applications. Unlike auxiliary valve ovens from other GC manufacturers, it is mounted on top of the gas chromatograph, optimizing precious laboratory bench space.<br><br>Precisely engineered for thermal isolation from the GC oven, the LVO provides a homogeneous isothermal environment that accommodates up to six positions for columns and valves, with convenient open access for maintenance, adjustment, or customization. Accessibility, capacity, and thermal uniformity make the Agilent LVO ideal for performing various ASTM and EN methods on a single gas chromatography platform.</p>",346.000000,1,"Taxable Goods","Not Visible Individually",1400.000000,,,,large-valve-oven-for-gc543-large-mandrel-15-ft-1-8-in-7890b-gc-standard-14-port,"Large Valve Oven for GC543","Large Valve Oven for GC543","Large Valve Oven for GC543 
Takes up no additional bench space
Six-position isothermal valve oven for actuated valves, micro-gasifiers, needle valves, and columns (including 1/8-in packed columns) with access to valve connections without removing actuat",,,,,,,,,8/15/26,8/15/26,,,"Block after Info Column",,,,No,,,,,,,"Use config",,"agilent_column_mandrel_size=Large Mandrel (15 ft-1/8-in),agilent_compatible_gc_platform=7890B GC,agilent_valve_material=Standard,agilent_valve_port_configuration=14-port,gift_wrapping_available=Yes",100.0000,0.0000,1,0,0,1,1,1,10000,1,1,1.0000,1,1,1,1,1.0000,1,0,0,0,0,1,,,,,,,,,,,,,,,,,,,,,,,,,,,,,,,,,,
"c8890-Large Mandrel (15 ft-1/8-in)-7890B GC-Hastelloy-4-port",,"Agilent LVO",simple,,base,"Large Valve Oven for GC543-Large Mandrel (15 ft-1/8-in)-7890B GC-Hastelloy-4-port","<ul>
<li>Takes up no additional bench space</li>
<li>Six-position isothermal valve oven for actuated valves, micro-gasifiers, needle valves, and columns (including 1/8-in packed columns) with access to valve connections without removing actuators</li>
<li>Can accommodate 4-, 6-, 10-, or 14-port valves including Hastelloy valves</li>
<li>Dual thermal zones allow for thermal isolation between column oven and LVO</li>
<li>Independent control of LVO and GC oven zones</li>
<li>Maximum operating temperature of 330 °C (depending on columns and valves)</li>
<li>Ability to configure analyses that require multiple thermal zones, for example, run isothermal in the LVO while temperature ramping the GC oven</li>
<li>Easy maintenance and servicing</li>
<li>Enables highly configurable analyzers</li>
</ul>","<p>The Agilent Large Valve Oven (LVO) for 8890 and 7890B GC systems is a versatile, high-capacity external oven that can be configured to support complex, multi-valve gas chromatography applications. Unlike auxiliary valve ovens from other GC manufacturers, it is mounted on top of the gas chromatograph, optimizing precious laboratory bench space.<br><br>Precisely engineered for thermal isolation from the GC oven, the LVO provides a homogeneous isothermal environment that accommodates up to six positions for columns and valves, with convenient open access for maintenance, adjustment, or customization. Accessibility, capacity, and thermal uniformity make the Agilent LVO ideal for performing various ASTM and EN methods on a single gas chromatography platform.</p>",346.000000,1,"Taxable Goods","Not Visible Individually",400.000000,,,,large-valve-oven-for-gc543-large-mandrel-15-ft-1-8-in-7890b-gc-hastelloy-4-port,"Large Valve Oven for GC543","Large Valve Oven for GC543","Large Valve Oven for GC543 
Takes up no additional bench space
Six-position isothermal valve oven for actuated valves, micro-gasifiers, needle valves, and columns (including 1/8-in packed columns) with access to valve connections without removing actuat",,,,,,,,,8/15/26,8/15/26,,,"Block after Info Column",,,,No,,,,,,,"Use config",,"agilent_column_mandrel_size=Large Mandrel (15 ft-1/8-in),agilent_compatible_gc_platform=7890B GC,agilent_valve_material=Hastelloy,agilent_valve_port_configuration=4-port,gift_wrapping_available=Yes",100.0000,0.0000,1,0,0,1,1,1,10000,1,1,1.0000,1,1,1,1,1.0000,1,0,0,0,0,1,,,,,,,,,,,,,,,,,,,,,,,,,,,,,,,,,,
"c8890-Large Mandrel (15 ft-1/8-in)-7890B GC-Hastelloy-6-port",,"Agilent LVO",simple,,base,"Large Valve Oven for GC543-Large Mandrel (15 ft-1/8-in)-7890B GC-Hastelloy-6-port","<ul>
<li>Takes up no additional bench space</li>
<li>Six-position isothermal valve oven for actuated valves, micro-gasifiers, needle valves, and columns (including 1/8-in packed columns) with access to valve connections without removing actuators</li>
<li>Can accommodate 4-, 6-, 10-, or 14-port valves including Hastelloy valves</li>
<li>Dual thermal zones allow for thermal isolation between column oven and LVO</li>
<li>Independent control of LVO and GC oven zones</li>
<li>Maximum operating temperature of 330 °C (depending on columns and valves)</li>
<li>Ability to configure analyses that require multiple thermal zones, for example, run isothermal in the LVO while temperature ramping the GC oven</li>
<li>Easy maintenance and servicing</li>
<li>Enables highly configurable analyzers</li>
</ul>","<p>The Agilent Large Valve Oven (LVO) for 8890 and 7890B GC systems is a versatile, high-capacity external oven that can be configured to support complex, multi-valve gas chromatography applications. Unlike auxiliary valve ovens from other GC manufacturers, it is mounted on top of the gas chromatograph, optimizing precious laboratory bench space.<br><br>Precisely engineered for thermal isolation from the GC oven, the LVO provides a homogeneous isothermal environment that accommodates up to six positions for columns and valves, with convenient open access for maintenance, adjustment, or customization. Accessibility, capacity, and thermal uniformity make the Agilent LVO ideal for performing various ASTM and EN methods on a single gas chromatography platform.</p>",346.000000,1,"Taxable Goods","Not Visible Individually",600.000000,,,,large-valve-oven-for-gc543-large-mandrel-15-ft-1-8-in-7890b-gc-hastelloy-6-port,"Large Valve Oven for GC543","Large Valve Oven for GC543","Large Valve Oven for GC543 
Takes up no additional bench space
Six-position isothermal valve oven for actuated valves, micro-gasifiers, needle valves, and columns (including 1/8-in packed columns) with access to valve connections without removing actuat",,,,,,,,,8/15/26,8/15/26,,,"Block after Info Column",,,,No,,,,,,,"Use config",,"agilent_column_mandrel_size=Large Mandrel (15 ft-1/8-in),agilent_compatible_gc_platform=7890B GC,agilent_valve_material=Hastelloy,agilent_valve_port_configuration=6-port,gift_wrapping_available=Yes",100.0000,0.0000,1,0,0,1,1,1,10000,1,1,1.0000,1,1,1,1,1.0000,1,0,0,0,0,1,,,,,,,,,,,,,,,,,,,,,,,,,,,,,,,,,,
"c8890-Large Mandrel (15 ft-1/8-in)-7890B GC-Hastelloy-10-port",,"Agilent LVO",simple,,base,"Large Valve Oven for GC543-Large Mandrel (15 ft-1/8-in)-7890B GC-Hastelloy-10-port","<ul>
<li>Takes up no additional bench space</li>
<li>Six-position isothermal valve oven for actuated valves, micro-gasifiers, needle valves, and columns (including 1/8-in packed columns) with access to valve connections without removing actuators</li>
<li>Can accommodate 4-, 6-, 10-, or 14-port valves including Hastelloy valves</li>
<li>Dual thermal zones allow for thermal isolation between column oven and LVO</li>
<li>Independent control of LVO and GC oven zones</li>
<li>Maximum operating temperature of 330 °C (depending on columns and valves)</li>
<li>Ability to configure analyses that require multiple thermal zones, for example, run isothermal in the LVO while temperature ramping the GC oven</li>
<li>Easy maintenance and servicing</li>
<li>Enables highly configurable analyzers</li>
</ul>","<p>The Agilent Large Valve Oven (LVO) for 8890 and 7890B GC systems is a versatile, high-capacity external oven that can be configured to support complex, multi-valve gas chromatography applications. Unlike auxiliary valve ovens from other GC manufacturers, it is mounted on top of the gas chromatograph, optimizing precious laboratory bench space.<br><br>Precisely engineered for thermal isolation from the GC oven, the LVO provides a homogeneous isothermal environment that accommodates up to six positions for columns and valves, with convenient open access for maintenance, adjustment, or customization. Accessibility, capacity, and thermal uniformity make the Agilent LVO ideal for performing various ASTM and EN methods on a single gas chromatography platform.</p>",346.000000,1,"Taxable Goods","Not Visible Individually",1000.000000,,,,large-valve-oven-for-gc543-large-mandrel-15-ft-1-8-in-7890b-gc-hastelloy-10-port,"Large Valve Oven for GC543","Large Valve Oven for GC543","Large Valve Oven for GC543 
Takes up no additional bench space
Six-position isothermal valve oven for actuated valves, micro-gasifiers, needle valves, and columns (including 1/8-in packed columns) with access to valve connections without removing actuat",,,,,,,,,8/15/26,8/15/26,,,"Block after Info Column",,,,No,,,,,,,"Use config",,"agilent_column_mandrel_size=Large Mandrel (15 ft-1/8-in),agilent_compatible_gc_platform=7890B GC,agilent_valve_material=Hastelloy,agilent_valve_port_configuration=10-port,gift_wrapping_available=Yes",100.0000,0.0000,1,0,0,1,1,1,10000,1,1,1.0000,1,1,1,1,1.0000,1,0,0,0,0,1,,,,,,,,,,,,,,,,,,,,,,,,,,,,,,,,,,
"c8890-Large Mandrel (15 ft-1/8-in)-7890B GC-Hastelloy-14-port",,"Agilent LVO",simple,,base,"Large Valve Oven for GC543-Large Mandrel (15 ft-1/8-in)-7890B GC-Hastelloy-14-port","<ul>
<li>Takes up no additional bench space</li>
<li>Six-position isothermal valve oven for actuated valves, micro-gasifiers, needle valves, and columns (including 1/8-in packed columns) with access to valve connections without removing actuators</li>
<li>Can accommodate 4-, 6-, 10-, or 14-port valves including Hastelloy valves</li>
<li>Dual thermal zones allow for thermal isolation between column oven and LVO</li>
<li>Independent control of LVO and GC oven zones</li>
<li>Maximum operating temperature of 330 °C (depending on columns and valves)</li>
<li>Ability to configure analyses that require multiple thermal zones, for example, run isothermal in the LVO while temperature ramping the GC oven</li>
<li>Easy maintenance and servicing</li>
<li>Enables highly configurable analyzers</li>
</ul>","<p>The Agilent Large Valve Oven (LVO) for 8890 and 7890B GC systems is a versatile, high-capacity external oven that can be configured to support complex, multi-valve gas chromatography applications. Unlike auxiliary valve ovens from other GC manufacturers, it is mounted on top of the gas chromatograph, optimizing precious laboratory bench space.<br><br>Precisely engineered for thermal isolation from the GC oven, the LVO provides a homogeneous isothermal environment that accommodates up to six positions for columns and valves, with convenient open access for maintenance, adjustment, or customization. Accessibility, capacity, and thermal uniformity make the Agilent LVO ideal for performing various ASTM and EN methods on a single gas chromatography platform.</p>",346.000000,1,"Taxable Goods","Not Visible Individually",1400.000000,,,,large-valve-oven-for-gc543-large-mandrel-15-ft-1-8-in-7890b-gc-hastelloy-14-port,"Large Valve Oven for GC543","Large Valve Oven for GC543","Large Valve Oven for GC543 
Takes up no additional bench space
Six-position isothermal valve oven for actuated valves, micro-gasifiers, needle valves, and columns (including 1/8-in packed columns) with access to valve connections without removing actuat",,,,,,,,,8/15/26,8/15/26,,,"Block after Info Column",,,,No,,,,,,,"Use config",,"agilent_column_mandrel_size=Large Mandrel (15 ft-1/8-in),agilent_compatible_gc_platform=7890B GC,agilent_valve_material=Hastelloy,agilent_valve_port_configuration=14-port,gift_wrapping_available=Yes",100.0000,0.0000,1,0,0,1,1,1,10000,1,1,1.0000,1,1,1,1,1.0000,1,0,0,0,0,1,,,,,,,,,,,,,,,,,,,,,,,,,,,,,,,,,,
"c8890-Large Mandrel (15 ft-1/8-in)-8890 GC-Standard-4-port",,"Agilent LVO",simple,,base,"Large Valve Oven for GC543-Large Mandrel (15 ft-1/8-in)-8890 GC-Standard-4-port","<ul>
<li>Takes up no additional bench space</li>
<li>Six-position isothermal valve oven for actuated valves, micro-gasifiers, needle valves, and columns (including 1/8-in packed columns) with access to valve connections without removing actuators</li>
<li>Can accommodate 4-, 6-, 10-, or 14-port valves including Hastelloy valves</li>
<li>Dual thermal zones allow for thermal isolation between column oven and LVO</li>
<li>Independent control of LVO and GC oven zones</li>
<li>Maximum operating temperature of 330 °C (depending on columns and valves)</li>
<li>Ability to configure analyses that require multiple thermal zones, for example, run isothermal in the LVO while temperature ramping the GC oven</li>
<li>Easy maintenance and servicing</li>
<li>Enables highly configurable analyzers</li>
</ul>","<p>The Agilent Large Valve Oven (LVO) for 8890 and 7890B GC systems is a versatile, high-capacity external oven that can be configured to support complex, multi-valve gas chromatography applications. Unlike auxiliary valve ovens from other GC manufacturers, it is mounted on top of the gas chromatograph, optimizing precious laboratory bench space.<br><br>Precisely engineered for thermal isolation from the GC oven, the LVO provides a homogeneous isothermal environment that accommodates up to six positions for columns and valves, with convenient open access for maintenance, adjustment, or customization. Accessibility, capacity, and thermal uniformity make the Agilent LVO ideal for performing various ASTM and EN methods on a single gas chromatography platform.</p>",346.000000,1,"Taxable Goods","Not Visible Individually",400.000000,,,,large-valve-oven-for-gc543-large-mandrel-15-ft-1-8-in-8890-gc-standard-4-port,"Large Valve Oven for GC543","Large Valve Oven for GC543","Large Valve Oven for GC543 
Takes up no additional bench space
Six-position isothermal valve oven for actuated valves, micro-gasifiers, needle valves, and columns (including 1/8-in packed columns) with access to valve connections without removing actuat",,,,,,,,,8/15/26,8/15/26,,,"Block after Info Column",,,,No,,,,,,,"Use config",,"agilent_column_mandrel_size=Large Mandrel (15 ft-1/8-in),agilent_compatible_gc_platform=8890 GC,agilent_valve_material=Standard,agilent_valve_port_configuration=4-port,gift_wrapping_available=Yes",100.0000,0.0000,1,0,0,1,1,1,10000,1,1,1.0000,1,1,1,1,1.0000,1,0,0,0,0,1,,,,,,,,,,,,,,,,,,,,,,,,,,,,,,,,,,
"c8890-Large Mandrel (15 ft-1/8-in)-8890 GC-Standard-6-port",,"Agilent LVO",simple,,base,"Large Valve Oven for GC543-Large Mandrel (15 ft-1/8-in)-8890 GC-Standard-6-port","<ul>
<li>Takes up no additional bench space</li>
<li>Six-position isothermal valve oven for actuated valves, micro-gasifiers, needle valves, and columns (including 1/8-in packed columns) with access to valve connections without removing actuators</li>
<li>Can accommodate 4-, 6-, 10-, or 14-port valves including Hastelloy valves</li>
<li>Dual thermal zones allow for thermal isolation between column oven and LVO</li>
<li>Independent control of LVO and GC oven zones</li>
<li>Maximum operating temperature of 330 °C (depending on columns and valves)</li>
<li>Ability to configure analyses that require multiple thermal zones, for example, run isothermal in the LVO while temperature ramping the GC oven</li>
<li>Easy maintenance and servicing</li>
<li>Enables highly configurable analyzers</li>
</ul>","<p>The Agilent Large Valve Oven (LVO) for 8890 and 7890B GC systems is a versatile, high-capacity external oven that can be configured to support complex, multi-valve gas chromatography applications. Unlike auxiliary valve ovens from other GC manufacturers, it is mounted on top of the gas chromatograph, optimizing precious laboratory bench space.<br><br>Precisely engineered for thermal isolation from the GC oven, the LVO provides a homogeneous isothermal environment that accommodates up to six positions for columns and valves, with convenient open access for maintenance, adjustment, or customization. Accessibility, capacity, and thermal uniformity make the Agilent LVO ideal for performing various ASTM and EN methods on a single gas chromatography platform.</p>",346.000000,1,"Taxable Goods","Not Visible Individually",600.000000,,,,large-valve-oven-for-gc543-large-mandrel-15-ft-1-8-in-8890-gc-standard-6-port,"Large Valve Oven for GC543","Large Valve Oven for GC543","Large Valve Oven for GC543 
Takes up no additional bench space
Six-position isothermal valve oven for actuated valves, micro-gasifiers, needle valves, and columns (including 1/8-in packed columns) with access to valve connections without removing actuat",,,,,,,,,8/15/26,8/15/26,,,"Block after Info Column",,,,No,,,,,,,"Use config",,"agilent_column_mandrel_size=Large Mandrel (15 ft-1/8-in),agilent_compatible_gc_platform=8890 GC,agilent_valve_material=Standard,agilent_valve_port_configuration=6-port,gift_wrapping_available=Yes",100.0000,0.0000,1,0,0,1,1,1,10000,1,1,1.0000,1,1,1,1,1.0000,1,0,0,0,0,1,,,,,,,,,,,,,,,,,,,,,,,,,,,,,,,,,,
"c8890-Large Mandrel (15 ft-1/8-in)-8890 GC-Standard-10-port",,"Agilent LVO",simple,,base,"Large Valve Oven for GC543-Large Mandrel (15 ft-1/8-in)-8890 GC-Standard-10-port","<ul>
<li>Takes up no additional bench space</li>
<li>Six-position isothermal valve oven for actuated valves, micro-gasifiers, needle valves, and columns (including 1/8-in packed columns) with access to valve connections without removing actuators</li>
<li>Can accommodate 4-, 6-, 10-, or 14-port valves including Hastelloy valves</li>
<li>Dual thermal zones allow for thermal isolation between column oven and LVO</li>
<li>Independent control of LVO and GC oven zones</li>
<li>Maximum operating temperature of 330 °C (depending on columns and valves)</li>
<li>Ability to configure analyses that require multiple thermal zones, for example, run isothermal in the LVO while temperature ramping the GC oven</li>
<li>Easy maintenance and servicing</li>
<li>Enables highly configurable analyzers</li>
</ul>","<p>The Agilent Large Valve Oven (LVO) for 8890 and 7890B GC systems is a versatile, high-capacity external oven that can be configured to support complex, multi-valve gas chromatography applications. Unlike auxiliary valve ovens from other GC manufacturers, it is mounted on top of the gas chromatograph, optimizing precious laboratory bench space.<br><br>Precisely engineered for thermal isolation from the GC oven, the LVO provides a homogeneous isothermal environment that accommodates up to six positions for columns and valves, with convenient open access for maintenance, adjustment, or customization. Accessibility, capacity, and thermal uniformity make the Agilent LVO ideal for performing various ASTM and EN methods on a single gas chromatography platform.</p>",346.000000,1,"Taxable Goods","Not Visible Individually",1000.000000,,,,large-valve-oven-for-gc543-large-mandrel-15-ft-1-8-in-8890-gc-standard-10-port,"Large Valve Oven for GC543","Large Valve Oven for GC543","Large Valve Oven for GC543 
Takes up no additional bench space
Six-position isothermal valve oven for actuated valves, micro-gasifiers, needle valves, and columns (including 1/8-in packed columns) with access to valve connections without removing actuat",,,,,,,,,8/15/26,8/15/26,,,"Block after Info Column",,,,No,,,,,,,"Use config",,"agilent_column_mandrel_size=Large Mandrel (15 ft-1/8-in),agilent_compatible_gc_platform=8890 GC,agilent_valve_material=Standard,agilent_valve_port_configuration=10-port,gift_wrapping_available=Yes",100.0000,0.0000,1,0,0,1,1,1,10000,1,1,1.0000,1,1,1,1,1.0000,1,0,0,0,0,1,,,,,,,,,,,,,,,,,,,,,,,,,,,,,,,,,,
"c8890-Large Mandrel (15 ft-1/8-in)-8890 GC-Standard-14-port",,"Agilent LVO",simple,,base,"Large Valve Oven for GC543-Large Mandrel (15 ft-1/8-in)-8890 GC-Standard-14-port","<ul>
<li>Takes up no additional bench space</li>
<li>Six-position isothermal valve oven for actuated valves, micro-gasifiers, needle valves, and columns (including 1/8-in packed columns) with access to valve connections without removing actuators</li>
<li>Can accommodate 4-, 6-, 10-, or 14-port valves including Hastelloy valves</li>
<li>Dual thermal zones allow for thermal isolation between column oven and LVO</li>
<li>Independent control of LVO and GC oven zones</li>
<li>Maximum operating temperature of 330 °C (depending on columns and valves)</li>
<li>Ability to configure analyses that require multiple thermal zones, for example, run isothermal in the LVO while temperature ramping the GC oven</li>
<li>Easy maintenance and servicing</li>
<li>Enables highly configurable analyzers</li>
</ul>","<p>The Agilent Large Valve Oven (LVO) for 8890 and 7890B GC systems is a versatile, high-capacity external oven that can be configured to support complex, multi-valve gas chromatography applications. Unlike auxiliary valve ovens from other GC manufacturers, it is mounted on top of the gas chromatograph, optimizing precious laboratory bench space.<br><br>Precisely engineered for thermal isolation from the GC oven, the LVO provides a homogeneous isothermal environment that accommodates up to six positions for columns and valves, with convenient open access for maintenance, adjustment, or customization. Accessibility, capacity, and thermal uniformity make the Agilent LVO ideal for performing various ASTM and EN methods on a single gas chromatography platform.</p>",346.000000,1,"Taxable Goods","Not Visible Individually",1400.000000,,,,large-valve-oven-for-gc543-large-mandrel-15-ft-1-8-in-8890-gc-standard-14-port,"Large Valve Oven for GC543","Large Valve Oven for GC543","Large Valve Oven for GC543 
Takes up no additional bench space
Six-position isothermal valve oven for actuated valves, micro-gasifiers, needle valves, and columns (including 1/8-in packed columns) with access to valve connections without removing actuat",,,,,,,,,8/15/26,8/15/26,,,"Block after Info Column",,,,No,,,,,,,"Use config",,"agilent_column_mandrel_size=Large Mandrel (15 ft-1/8-in),agilent_compatible_gc_platform=8890 GC,agilent_valve_material=Standard,agilent_valve_port_configuration=14-port,gift_wrapping_available=Yes",100.0000,0.0000,1,0,0,1,1,1,10000,1,1,1.0000,1,1,1,1,1.0000,1,0,0,0,0,1,,,,,,,,,,,,,,,,,,,,,,,,,,,,,,,,,,
"c8890-Large Mandrel (15 ft-1/8-in)-8890 GC-Hastelloy-4-port",,"Agilent LVO",simple,,base,"Large Valve Oven for GC543-Large Mandrel (15 ft-1/8-in)-8890 GC-Hastelloy-4-port","<ul>
<li>Takes up no additional bench space</li>
<li>Six-position isothermal valve oven for actuated valves, micro-gasifiers, needle valves, and columns (including 1/8-in packed columns) with access to valve connections without removing actuators</li>
<li>Can accommodate 4-, 6-, 10-, or 14-port valves including Hastelloy valves</li>
<li>Dual thermal zones allow for thermal isolation between column oven and LVO</li>
<li>Independent control of LVO and GC oven zones</li>
<li>Maximum operating temperature of 330 °C (depending on columns and valves)</li>
<li>Ability to configure analyses that require multiple thermal zones, for example, run isothermal in the LVO while temperature ramping the GC oven</li>
<li>Easy maintenance and servicing</li>
<li>Enables highly configurable analyzers</li>
</ul>","<p>The Agilent Large Valve Oven (LVO) for 8890 and 7890B GC systems is a versatile, high-capacity external oven that can be configured to support complex, multi-valve gas chromatography applications. Unlike auxiliary valve ovens from other GC manufacturers, it is mounted on top of the gas chromatograph, optimizing precious laboratory bench space.<br><br>Precisely engineered for thermal isolation from the GC oven, the LVO provides a homogeneous isothermal environment that accommodates up to six positions for columns and valves, with convenient open access for maintenance, adjustment, or customization. Accessibility, capacity, and thermal uniformity make the Agilent LVO ideal for performing various ASTM and EN methods on a single gas chromatography platform.</p>",346.000000,1,"Taxable Goods","Not Visible Individually",400.000000,,,,large-valve-oven-for-gc543-large-mandrel-15-ft-1-8-in-8890-gc-hastelloy-4-port,"Large Valve Oven for GC543","Large Valve Oven for GC543","Large Valve Oven for GC543 
Takes up no additional bench space
Six-position isothermal valve oven for actuated valves, micro-gasifiers, needle valves, and columns (including 1/8-in packed columns) with access to valve connections without removing actuat",,,,,,,,,8/15/26,8/15/26,,,"Block after Info Column",,,,No,,,,,,,"Use config",,"agilent_column_mandrel_size=Large Mandrel (15 ft-1/8-in),agilent_compatible_gc_platform=8890 GC,agilent_valve_material=Hastelloy,agilent_valve_port_configuration=4-port,gift_wrapping_available=Yes",100.0000,0.0000,1,0,0,1,1,1,10000,1,1,1.0000,1,1,1,1,1.0000,1,0,0,0,0,1,,,,,,,,,,,,,,,,,,,,,,,,,,,,,,,,,,
"c8890-Large Mandrel (15 ft-1/8-in)-8890 GC-Hastelloy-6-port",,"Agilent LVO",simple,,base,"Large Valve Oven for GC543-Large Mandrel (15 ft-1/8-in)-8890 GC-Hastelloy-6-port","<ul>
<li>Takes up no additional bench space</li>
<li>Six-position isothermal valve oven for actuated valves, micro-gasifiers, needle valves, and columns (including 1/8-in packed columns) with access to valve connections without removing actuators</li>
<li>Can accommodate 4-, 6-, 10-, or 14-port valves including Hastelloy valves</li>
<li>Dual thermal zones allow for thermal isolation between column oven and LVO</li>
<li>Independent control of LVO and GC oven zones</li>
<li>Maximum operating temperature of 330 °C (depending on columns and valves)</li>
<li>Ability to configure analyses that require multiple thermal zones, for example, run isothermal in the LVO while temperature ramping the GC oven</li>
<li>Easy maintenance and servicing</li>
<li>Enables highly configurable analyzers</li>
</ul>","<p>The Agilent Large Valve Oven (LVO) for 8890 and 7890B GC systems is a versatile, high-capacity external oven that can be configured to support complex, multi-valve gas chromatography applications. Unlike auxiliary valve ovens from other GC manufacturers, it is mounted on top of the gas chromatograph, optimizing precious laboratory bench space.<br><br>Precisely engineered for thermal isolation from the GC oven, the LVO provides a homogeneous isothermal environment that accommodates up to six positions for columns and valves, with convenient open access for maintenance, adjustment, or customization. Accessibility, capacity, and thermal uniformity make the Agilent LVO ideal for performing various ASTM and EN methods on a single gas chromatography platform.</p>",346.000000,1,"Taxable Goods","Not Visible Individually",600.000000,,,,large-valve-oven-for-gc543-large-mandrel-15-ft-1-8-in-8890-gc-hastelloy-6-port,"Large Valve Oven for GC543","Large Valve Oven for GC543","Large Valve Oven for GC543 
Takes up no additional bench space
Six-position isothermal valve oven for actuated valves, micro-gasifiers, needle valves, and columns (including 1/8-in packed columns) with access to valve connections without removing actuat",,,,,,,,,8/15/26,8/15/26,,,"Block after Info Column",,,,No,,,,,,,"Use config",,"agilent_column_mandrel_size=Large Mandrel (15 ft-1/8-in),agilent_compatible_gc_platform=8890 GC,agilent_valve_material=Hastelloy,agilent_valve_port_configuration=6-port,gift_wrapping_available=Yes",100.0000,0.0000,1,0,0,1,1,1,10000,1,1,1.0000,1,1,1,1,1.0000,1,0,0,0,0,1,,,,,,,,,,,,,,,,,,,,,,,,,,,,,,,,,,
"c8890-Large Mandrel (15 ft-1/8-in)-8890 GC-Hastelloy-10-port",,"Agilent LVO",simple,,base,"Large Valve Oven for GC543-Large Mandrel (15 ft-1/8-in)-8890 GC-Hastelloy-10-port","<ul>
<li>Takes up no additional bench space</li>
<li>Six-position isothermal valve oven for actuated valves, micro-gasifiers, needle valves, and columns (including 1/8-in packed columns) with access to valve connections without removing actuators</li>
<li>Can accommodate 4-, 6-, 10-, or 14-port valves including Hastelloy valves</li>
<li>Dual thermal zones allow for thermal isolation between column oven and LVO</li>
<li>Independent control of LVO and GC oven zones</li>
<li>Maximum operating temperature of 330 °C (depending on columns and valves)</li>
<li>Ability to configure analyses that require multiple thermal zones, for example, run isothermal in the LVO while temperature ramping the GC oven</li>
<li>Easy maintenance and servicing</li>
<li>Enables highly configurable analyzers</li>
</ul>","<p>The Agilent Large Valve Oven (LVO) for 8890 and 7890B GC systems is a versatile, high-capacity external oven that can be configured to support complex, multi-valve gas chromatography applications. Unlike auxiliary valve ovens from other GC manufacturers, it is mounted on top of the gas chromatograph, optimizing precious laboratory bench space.<br><br>Precisely engineered for thermal isolation from the GC oven, the LVO provides a homogeneous isothermal environment that accommodates up to six positions for columns and valves, with convenient open access for maintenance, adjustment, or customization. Accessibility, capacity, and thermal uniformity make the Agilent LVO ideal for performing various ASTM and EN methods on a single gas chromatography platform.</p>",346.000000,1,"Taxable Goods","Not Visible Individually",1000.000000,,,,large-valve-oven-for-gc543-large-mandrel-15-ft-1-8-in-8890-gc-hastelloy-10-port,"Large Valve Oven for GC543","Large Valve Oven for GC543","Large Valve Oven for GC543 
Takes up no additional bench space
Six-position isothermal valve oven for actuated valves, micro-gasifiers, needle valves, and columns (including 1/8-in packed columns) with access to valve connections without removing actuat",,,,,,,,,8/15/26,8/15/26,,,"Block after Info Column",,,,No,,,,,,,"Use config",,"agilent_column_mandrel_size=Large Mandrel (15 ft-1/8-in),agilent_compatible_gc_platform=8890 GC,agilent_valve_material=Hastelloy,agilent_valve_port_configuration=10-port,gift_wrapping_available=Yes",100.0000,0.0000,1,0,0,1,1,1,10000,1,1,1.0000,1,1,1,1,1.0000,1,0,0,0,0,1,,,,,,,,,,,,,,,,,,,,,,,,,,,,,,,,,,
"c8890-Large Mandrel (15 ft-1/8-in)-8890 GC-Hastelloy-14-port",,"Agilent LVO",simple,,base,"Large Valve Oven for GC543-Large Mandrel (15 ft-1/8-in)-8890 GC-Hastelloy-14-port","<ul>
<li>Takes up no additional bench space</li>
<li>Six-position isothermal valve oven for actuated valves, micro-gasifiers, needle valves, and columns (including 1/8-in packed columns) with access to valve connections without removing actuators</li>
<li>Can accommodate 4-, 6-, 10-, or 14-port valves including Hastelloy valves</li>
<li>Dual thermal zones allow for thermal isolation between column oven and LVO</li>
<li>Independent control of LVO and GC oven zones</li>
<li>Maximum operating temperature of 330 °C (depending on columns and valves)</li>
<li>Ability to configure analyses that require multiple thermal zones, for example, run isothermal in the LVO while temperature ramping the GC oven</li>
<li>Easy maintenance and servicing</li>
<li>Enables highly configurable analyzers</li>
</ul>","<p>The Agilent Large Valve Oven (LVO) for 8890 and 7890B GC systems is a versatile, high-capacity external oven that can be configured to support complex, multi-valve gas chromatography applications. Unlike auxiliary valve ovens from other GC manufacturers, it is mounted on top of the gas chromatograph, optimizing precious laboratory bench space.<br><br>Precisely engineered for thermal isolation from the GC oven, the LVO provides a homogeneous isothermal environment that accommodates up to six positions for columns and valves, with convenient open access for maintenance, adjustment, or customization. Accessibility, capacity, and thermal uniformity make the Agilent LVO ideal for performing various ASTM and EN methods on a single gas chromatography platform.</p>",346.000000,1,"Taxable Goods","Not Visible Individually",1400.000000,,,,large-valve-oven-for-gc543-large-mandrel-15-ft-1-8-in-8890-gc-hastelloy-14-port,"Large Valve Oven for GC543","Large Valve Oven for GC543","Large Valve Oven for GC543 
Takes up no additional bench space
Six-position isothermal valve oven for actuated valves, micro-gasifiers, needle valves, and columns (including 1/8-in packed columns) with access to valve connections without removing actuat",,,,,,,,,8/15/26,8/15/26,,,"Block after Info Column",,,,No,,,,,,,"Use config",,"agilent_column_mandrel_size=Large Mandrel (15 ft-1/8-in),agilent_compatible_gc_platform=8890 GC,agilent_valve_material=Hastelloy,agilent_valve_port_configuration=14-port,gift_wrapping_available=Yes",100.0000,0.0000,1,0,0,1,1,1,10000,1,1,1.0000,1,1,1,1,1.0000,1,0,0,0,0,1,,,,,,,,,,,,,,,,,,,,,,,,,,,,,,,,,,
"c8890-Small Mandrel (7 ft-1/8-in)-7890B GC-Standard-4-port",,"Agilent LVO",simple,,base,"Large Valve Oven for GC543-Small Mandrel (7 ft-1/8-in)-7890B GC-Standard-4-port","<ul>
<li>Takes up no additional bench space</li>
<li>Six-position isothermal valve oven for actuated valves, micro-gasifiers, needle valves, and columns (including 1/8-in packed columns) with access to valve connections without removing actuators</li>
<li>Can accommodate 4-, 6-, 10-, or 14-port valves including Hastelloy valves</li>
<li>Dual thermal zones allow for thermal isolation between column oven and LVO</li>
<li>Independent control of LVO and GC oven zones</li>
<li>Maximum operating temperature of 330 °C (depending on columns and valves)</li>
<li>Ability to configure analyses that require multiple thermal zones, for example, run isothermal in the LVO while temperature ramping the GC oven</li>
<li>Easy maintenance and servicing</li>
<li>Enables highly configurable analyzers</li>
</ul>","<p>The Agilent Large Valve Oven (LVO) for 8890 and 7890B GC systems is a versatile, high-capacity external oven that can be configured to support complex, multi-valve gas chromatography applications. Unlike auxiliary valve ovens from other GC manufacturers, it is mounted on top of the gas chromatograph, optimizing precious laboratory bench space.<br><br>Precisely engineered for thermal isolation from the GC oven, the LVO provides a homogeneous isothermal environment that accommodates up to six positions for columns and valves, with convenient open access for maintenance, adjustment, or customization. Accessibility, capacity, and thermal uniformity make the Agilent LVO ideal for performing various ASTM and EN methods on a single gas chromatography platform.</p>",346.000000,1,"Taxable Goods","Not Visible Individually",400.000000,,,,large-valve-oven-for-gc543-small-mandrel-7-ft-1-8-in-7890b-gc-standard-4-port,"Large Valve Oven for GC543","Large Valve Oven for GC543","Large Valve Oven for GC543 
Takes up no additional bench space
Six-position isothermal valve oven for actuated valves, micro-gasifiers, needle valves, and columns (including 1/8-in packed columns) with access to valve connections without removing actuat",,,,,,,,,8/15/26,8/15/26,,,"Block after Info Column",,,,No,,,,,,,"Use config",,"agilent_column_mandrel_size=Small Mandrel (7 ft-1/8-in),agilent_compatible_gc_platform=7890B GC,agilent_valve_material=Standard,agilent_valve_port_configuration=4-port,gift_wrapping_available=Yes",100.0000,0.0000,1,0,0,1,1,1,10000,1,1,1.0000,1,1,1,1,1.0000,1,0,0,0,0,1,,,,,,,,,,,,,,,,,,,,,,,,,,,,,,,,,,
"c8890-Small Mandrel (7 ft-1/8-in)-7890B GC-Standard-6-port",,"Agilent LVO",simple,,base,"Large Valve Oven for GC543-Small Mandrel (7 ft-1/8-in)-7890B GC-Standard-6-port","<ul>
<li>Takes up no additional bench space</li>
<li>Six-position isothermal valve oven for actuated valves, micro-gasifiers, needle valves, and columns (including 1/8-in packed columns) with access to valve connections without removing actuators</li>
<li>Can accommodate 4-, 6-, 10-, or 14-port valves including Hastelloy valves</li>
<li>Dual thermal zones allow for thermal isolation between column oven and LVO</li>
<li>Independent control of LVO and GC oven zones</li>
<li>Maximum operating temperature of 330 °C (depending on columns and valves)</li>
<li>Ability to configure analyses that require multiple thermal zones, for example, run isothermal in the LVO while temperature ramping the GC oven</li>
<li>Easy maintenance and servicing</li>
<li>Enables highly configurable analyzers</li>
</ul>","<p>The Agilent Large Valve Oven (LVO) for 8890 and 7890B GC systems is a versatile, high-capacity external oven that can be configured to support complex, multi-valve gas chromatography applications. Unlike auxiliary valve ovens from other GC manufacturers, it is mounted on top of the gas chromatograph, optimizing precious laboratory bench space.<br><br>Precisely engineered for thermal isolation from the GC oven, the LVO provides a homogeneous isothermal environment that accommodates up to six positions for columns and valves, with convenient open access for maintenance, adjustment, or customization. Accessibility, capacity, and thermal uniformity make the Agilent LVO ideal for performing various ASTM and EN methods on a single gas chromatography platform.</p>",346.000000,1,"Taxable Goods","Not Visible Individually",600.000000,,,,large-valve-oven-for-gc543-small-mandrel-7-ft-1-8-in-7890b-gc-standard-6-port,"Large Valve Oven for GC543","Large Valve Oven for GC543","Large Valve Oven for GC543 
Takes up no additional bench space
Six-position isothermal valve oven for actuated valves, micro-gasifiers, needle valves, and columns (including 1/8-in packed columns) with access to valve connections without removing actuat",,,,,,,,,8/15/26,8/15/26,,,"Block after Info Column",,,,No,,,,,,,"Use config",,"agilent_column_mandrel_size=Small Mandrel (7 ft-1/8-in),agilent_compatible_gc_platform=7890B GC,agilent_valve_material=Standard,agilent_valve_port_configuration=6-port,gift_wrapping_available=Yes",100.0000,0.0000,1,0,0,1,1,1,10000,1,1,1.0000,1,1,1,1,1.0000,1,0,0,0,0,1,,,,,,,,,,,,,,,,,,,,,,,,,,,,,,,,,,
"c8890-Small Mandrel (7 ft-1/8-in)-7890B GC-Standard-10-port",,"Agilent LVO",simple,,base,"Large Valve Oven for GC543-Small Mandrel (7 ft-1/8-in)-7890B GC-Standard-10-port","<ul>
<li>Takes up no additional bench space</li>
<li>Six-position isothermal valve oven for actuated valves, micro-gasifiers, needle valves, and columns (including 1/8-in packed columns) with access to valve connections without removing actuators</li>
<li>Can accommodate 4-, 6-, 10-, or 14-port valves including Hastelloy valves</li>
<li>Dual thermal zones allow for thermal isolation between column oven and LVO</li>
<li>Independent control of LVO and GC oven zones</li>
<li>Maximum operating temperature of 330 °C (depending on columns and valves)</li>
<li>Ability to configure analyses that require multiple thermal zones, for example, run isothermal in the LVO while temperature ramping the GC oven</li>
<li>Easy maintenance and servicing</li>
<li>Enables highly configurable analyzers</li>
</ul>","<p>The Agilent Large Valve Oven (LVO) for 8890 and 7890B GC systems is a versatile, high-capacity external oven that can be configured to support complex, multi-valve gas chromatography applications. Unlike auxiliary valve ovens from other GC manufacturers, it is mounted on top of the gas chromatograph, optimizing precious laboratory bench space.<br><br>Precisely engineered for thermal isolation from the GC oven, the LVO provides a homogeneous isothermal environment that accommodates up to six positions for columns and valves, with convenient open access for maintenance, adjustment, or customization. Accessibility, capacity, and thermal uniformity make the Agilent LVO ideal for performing various ASTM and EN methods on a single gas chromatography platform.</p>",346.000000,1,"Taxable Goods","Not Visible Individually",1000.000000,,,,large-valve-oven-for-gc543-small-mandrel-7-ft-1-8-in-7890b-gc-standard-10-port,"Large Valve Oven for GC543","Large Valve Oven for GC543","Large Valve Oven for GC543 
Takes up no additional bench space
Six-position isothermal valve oven for actuated valves, micro-gasifiers, needle valves, and columns (including 1/8-in packed columns) with access to valve connections without removing actuat",,,,,,,,,8/15/26,8/15/26,,,"Block after Info Column",,,,No,,,,,,,"Use config",,"agilent_column_mandrel_size=Small Mandrel (7 ft-1/8-in),agilent_compatible_gc_platform=7890B GC,agilent_valve_material=Standard,agilent_valve_port_configuration=10-port,gift_wrapping_available=Yes",100.0000,0.0000,1,0,0,1,1,1,10000,1,1,1.0000,1,1,1,1,1.0000,1,0,0,0,0,1,,,,,,,,,,,,,,,,,,,,,,,,,,,,,,,,,,
"c8890-Small Mandrel (7 ft-1/8-in)-7890B GC-Standard-14-port",,"Agilent LVO",simple,,base,"Large Valve Oven for GC543-Small Mandrel (7 ft-1/8-in)-7890B GC-Standard-14-port","<ul>
<li>Takes up no additional bench space</li>
<li>Six-position isothermal valve oven for actuated valves, micro-gasifiers, needle valves, and columns (including 1/8-in packed columns) with access to valve connections without removing actuators</li>
<li>Can accommodate 4-, 6-, 10-, or 14-port valves including Hastelloy valves</li>
<li>Dual thermal zones allow for thermal isolation between column oven and LVO</li>
<li>Independent control of LVO and GC oven zones</li>
<li>Maximum operating temperature of 330 °C (depending on columns and valves)</li>
<li>Ability to configure analyses that require multiple thermal zones, for example, run isothermal in the LVO while temperature ramping the GC oven</li>
<li>Easy maintenance and servicing</li>
<li>Enables highly configurable analyzers</li>
</ul>","<p>The Agilent Large Valve Oven (LVO) for 8890 and 7890B GC systems is a versatile, high-capacity external oven that can be configured to support complex, multi-valve gas chromatography applications. Unlike auxiliary valve ovens from other GC manufacturers, it is mounted on top of the gas chromatograph, optimizing precious laboratory bench space.<br><br>Precisely engineered for thermal isolation from the GC oven, the LVO provides a homogeneous isothermal environment that accommodates up to six positions for columns and valves, with convenient open access for maintenance, adjustment, or customization. Accessibility, capacity, and thermal uniformity make the Agilent LVO ideal for performing various ASTM and EN methods on a single gas chromatography platform.</p>",346.000000,1,"Taxable Goods","Not Visible Individually",1400.000000,,,,large-valve-oven-for-gc543-small-mandrel-7-ft-1-8-in-7890b-gc-standard-14-port,"Large Valve Oven for GC543","Large Valve Oven for GC543","Large Valve Oven for GC543 
Takes up no additional bench space
Six-position isothermal valve oven for actuated valves, micro-gasifiers, needle valves, and columns (including 1/8-in packed columns) with access to valve connections without removing actuat",,,,,,,,,8/15/26,8/15/26,,,"Block after Info Column",,,,No,,,,,,,"Use config",,"agilent_column_mandrel_size=Small Mandrel (7 ft-1/8-in),agilent_compatible_gc_platform=7890B GC,agilent_valve_material=Standard,agilent_valve_port_configuration=14-port,gift_wrapping_available=Yes",100.0000,0.0000,1,0,0,1,1,1,10000,1,1,1.0000,1,1,1,1,1.0000,1,0,0,0,0,1,,,,,,,,,,,,,,,,,,,,,,,,,,,,,,,,,,
"c8890-Small Mandrel (7 ft-1/8-in)-7890B GC-Hastelloy-4-port",,"Agilent LVO",simple,,base,"Large Valve Oven for GC543-Small Mandrel (7 ft-1/8-in)-7890B GC-Hastelloy-4-port","<ul>
<li>Takes up no additional bench space</li>
<li>Six-position isothermal valve oven for actuated valves, micro-gasifiers, needle valves, and columns (including 1/8-in packed columns) with access to valve connections without removing actuators</li>
<li>Can accommodate 4-, 6-, 10-, or 14-port valves including Hastelloy valves</li>
<li>Dual thermal zones allow for thermal isolation between column oven and LVO</li>
<li>Independent control of LVO and GC oven zones</li>
<li>Maximum operating temperature of 330 °C (depending on columns and valves)</li>
<li>Ability to configure analyses that require multiple thermal zones, for example, run isothermal in the LVO while temperature ramping the GC oven</li>
<li>Easy maintenance and servicing</li>
<li>Enables highly configurable analyzers</li>
</ul>","<p>The Agilent Large Valve Oven (LVO) for 8890 and 7890B GC systems is a versatile, high-capacity external oven that can be configured to support complex, multi-valve gas chromatography applications. Unlike auxiliary valve ovens from other GC manufacturers, it is mounted on top of the gas chromatograph, optimizing precious laboratory bench space.<br><br>Precisely engineered for thermal isolation from the GC oven, the LVO provides a homogeneous isothermal environment that accommodates up to six positions for columns and valves, with convenient open access for maintenance, adjustment, or customization. Accessibility, capacity, and thermal uniformity make the Agilent LVO ideal for performing various ASTM and EN methods on a single gas chromatography platform.</p>",346.000000,1,"Taxable Goods","Not Visible Individually",400.000000,,,,large-valve-oven-for-gc543-small-mandrel-7-ft-1-8-in-7890b-gc-hastelloy-4-port,"Large Valve Oven for GC543","Large Valve Oven for GC543","Large Valve Oven for GC543 
Takes up no additional bench space
Six-position isothermal valve oven for actuated valves, micro-gasifiers, needle valves, and columns (including 1/8-in packed columns) with access to valve connections without removing actuat",,,,,,,,,8/15/26,8/15/26,,,"Block after Info Column",,,,No,,,,,,,"Use config",,"agilent_column_mandrel_size=Small Mandrel (7 ft-1/8-in),agilent_compatible_gc_platform=7890B GC,agilent_valve_material=Hastelloy,agilent_valve_port_configuration=4-port,gift_wrapping_available=Yes",100.0000,0.0000,1,0,0,1,1,1,10000,1,1,1.0000,1,1,1,1,1.0000,1,0,0,0,0,1,,,,,,,,,,,,,,,,,,,,,,,,,,,,,,,,,,
"c8890-Small Mandrel (7 ft-1/8-in)-7890B GC-Hastelloy-6-port",,"Agilent LVO",simple,,base,"Large Valve Oven for GC543-Small Mandrel (7 ft-1/8-in)-7890B GC-Hastelloy-6-port","<ul>
<li>Takes up no additional bench space</li>
<li>Six-position isothermal valve oven for actuated valves, micro-gasifiers, needle valves, and columns (including 1/8-in packed columns) with access to valve connections without removing actuators</li>
<li>Can accommodate 4-, 6-, 10-, or 14-port valves including Hastelloy valves</li>
<li>Dual thermal zones allow for thermal isolation between column oven and LVO</li>
<li>Independent control of LVO and GC oven zones</li>
<li>Maximum operating temperature of 330 °C (depending on columns and valves)</li>
<li>Ability to configure analyses that require multiple thermal zones, for example, run isothermal in the LVO while temperature ramping the GC oven</li>
<li>Easy maintenance and servicing</li>
<li>Enables highly configurable analyzers</li>
</ul>","<p>The Agilent Large Valve Oven (LVO) for 8890 and 7890B GC systems is a versatile, high-capacity external oven that can be configured to support complex, multi-valve gas chromatography applications. Unlike auxiliary valve ovens from other GC manufacturers, it is mounted on top of the gas chromatograph, optimizing precious laboratory bench space.<br><br>Precisely engineered for thermal isolation from the GC oven, the LVO provides a homogeneous isothermal environment that accommodates up to six positions for columns and valves, with convenient open access for maintenance, adjustment, or customization. Accessibility, capacity, and thermal uniformity make the Agilent LVO ideal for performing various ASTM and EN methods on a single gas chromatography platform.</p>",346.000000,1,"Taxable Goods","Not Visible Individually",600.000000,,,,large-valve-oven-for-gc543-small-mandrel-7-ft-1-8-in-7890b-gc-hastelloy-6-port,"Large Valve Oven for GC543","Large Valve Oven for GC543","Large Valve Oven for GC543 
Takes up no additional bench space
Six-position isothermal valve oven for actuated valves, micro-gasifiers, needle valves, and columns (including 1/8-in packed columns) with access to valve connections without removing actuat",,,,,,,,,8/15/26,8/15/26,,,"Block after Info Column",,,,No,,,,,,,"Use config",,"agilent_column_mandrel_size=Small Mandrel (7 ft-1/8-in),agilent_compatible_gc_platform=7890B GC,agilent_valve_material=Hastelloy,agilent_valve_port_configuration=6-port,gift_wrapping_available=Yes",100.0000,0.0000,1,0,0,1,1,1,10000,1,1,1.0000,1,1,1,1,1.0000,1,0,0,0,0,1,,,,,,,,,,,,,,,,,,,,,,,,,,,,,,,,,,
"c8890-Small Mandrel (7 ft-1/8-in)-7890B GC-Hastelloy-10-port",,"Agilent LVO",simple,,base,"Large Valve Oven for GC543-Small Mandrel (7 ft-1/8-in)-7890B GC-Hastelloy-10-port","<ul>
<li>Takes up no additional bench space</li>
<li>Six-position isothermal valve oven for actuated valves, micro-gasifiers, needle valves, and columns (including 1/8-in packed columns) with access to valve connections without removing actuators</li>
<li>Can accommodate 4-, 6-, 10-, or 14-port valves including Hastelloy valves</li>
<li>Dual thermal zones allow for thermal isolation between column oven and LVO</li>
<li>Independent control of LVO and GC oven zones</li>
<li>Maximum operating temperature of 330 °C (depending on columns and valves)</li>
<li>Ability to configure analyses that require multiple thermal zones, for example, run isothermal in the LVO while temperature ramping the GC oven</li>
<li>Easy maintenance and servicing</li>
<li>Enables highly configurable analyzers</li>
</ul>","<p>The Agilent Large Valve Oven (LVO) for 8890 and 7890B GC systems is a versatile, high-capacity external oven that can be configured to support complex, multi-valve gas chromatography applications. Unlike auxiliary valve ovens from other GC manufacturers, it is mounted on top of the gas chromatograph, optimizing precious laboratory bench space.<br><br>Precisely engineered for thermal isolation from the GC oven, the LVO provides a homogeneous isothermal environment that accommodates up to six positions for columns and valves, with convenient open access for maintenance, adjustment, or customization. Accessibility, capacity, and thermal uniformity make the Agilent LVO ideal for performing various ASTM and EN methods on a single gas chromatography platform.</p>",346.000000,1,"Taxable Goods","Not Visible Individually",1000.000000,,,,large-valve-oven-for-gc543-small-mandrel-7-ft-1-8-in-7890b-gc-hastelloy-10-port,"Large Valve Oven for GC543","Large Valve Oven for GC543","Large Valve Oven for GC543 
Takes up no additional bench space
Six-position isothermal valve oven for actuated valves, micro-gasifiers, needle valves, and columns (including 1/8-in packed columns) with access to valve connections without removing actuat",,,,,,,,,8/15/26,8/15/26,,,"Block after Info Column",,,,No,,,,,,,"Use config",,"agilent_column_mandrel_size=Small Mandrel (7 ft-1/8-in),agilent_compatible_gc_platform=7890B GC,agilent_valve_material=Hastelloy,agilent_valve_port_configuration=10-port,gift_wrapping_available=Yes",100.0000,0.0000,1,0,0,1,1,1,10000,1,1,1.0000,1,1,1,1,1.0000,1,0,0,0,0,1,,,,,,,,,,,,,,,,,,,,,,,,,,,,,,,,,,
"c8890-Small Mandrel (7 ft-1/8-in)-7890B GC-Hastelloy-14-port",,"Agilent LVO",simple,,base,"Large Valve Oven for GC543-Small Mandrel (7 ft-1/8-in)-7890B GC-Hastelloy-14-port","<ul>
<li>Takes up no additional bench space</li>
<li>Six-position isothermal valve oven for actuated valves, micro-gasifiers, needle valves, and columns (including 1/8-in packed columns) with access to valve connections without removing actuators</li>
<li>Can accommodate 4-, 6-, 10-, or 14-port valves including Hastelloy valves</li>
<li>Dual thermal zones allow for thermal isolation between column oven and LVO</li>
<li>Independent control of LVO and GC oven zones</li>
<li>Maximum operating temperature of 330 °C (depending on columns and valves)</li>
<li>Ability to configure analyses that require multiple thermal zones, for example, run isothermal in the LVO while temperature ramping the GC oven</li>
<li>Easy maintenance and servicing</li>
<li>Enables highly configurable analyzers</li>
</ul>","<p>The Agilent Large Valve Oven (LVO) for 8890 and 7890B GC systems is a versatile, high-capacity external oven that can be configured to support complex, multi-valve gas chromatography applications. Unlike auxiliary valve ovens from other GC manufacturers, it is mounted on top of the gas chromatograph, optimizing precious laboratory bench space.<br><br>Precisely engineered for thermal isolation from the GC oven, the LVO provides a homogeneous isothermal environment that accommodates up to six positions for columns and valves, with convenient open access for maintenance, adjustment, or customization. Accessibility, capacity, and thermal uniformity make the Agilent LVO ideal for performing various ASTM and EN methods on a single gas chromatography platform.</p>",346.000000,1,"Taxable Goods","Not Visible Individually",1400.000000,,,,large-valve-oven-for-gc543-small-mandrel-7-ft-1-8-in-7890b-gc-hastelloy-14-port,"Large Valve Oven for GC543","Large Valve Oven for GC543","Large Valve Oven for GC543 
Takes up no additional bench space
Six-position isothermal valve oven for actuated valves, micro-gasifiers, needle valves, and columns (including 1/8-in packed columns) with access to valve connections without removing actuat",,,,,,,,,8/15/26,8/15/26,,,"Block after Info Column",,,,No,,,,,,,"Use config",,"agilent_column_mandrel_size=Small Mandrel (7 ft-1/8-in),agilent_compatible_gc_platform=7890B GC,agilent_valve_material=Hastelloy,agilent_valve_port_configuration=14-port,gift_wrapping_available=Yes",100.0000,0.0000,1,0,0,1,1,1,10000,1,1,1.0000,1,1,1,1,1.0000,1,0,0,0,0,1,,,,,,,,,,,,,,,,,,,,,,,,,,,,,,,,,,
"c8890-Small Mandrel (7 ft-1/8-in)-8890 GC-Standard-4-port",,"Agilent LVO",simple,,base,"Large Valve Oven for GC543-Small Mandrel (7 ft-1/8-in)-8890 GC-Standard-4-port","<ul>
<li>Takes up no additional bench space</li>
<li>Six-position isothermal valve oven for actuated valves, micro-gasifiers, needle valves, and columns (including 1/8-in packed columns) with access to valve connections without removing actuators</li>
<li>Can accommodate 4-, 6-, 10-, or 14-port valves including Hastelloy valves</li>
<li>Dual thermal zones allow for thermal isolation between column oven and LVO</li>
<li>Independent control of LVO and GC oven zones</li>
<li>Maximum operating temperature of 330 °C (depending on columns and valves)</li>
<li>Ability to configure analyses that require multiple thermal zones, for example, run isothermal in the LVO while temperature ramping the GC oven</li>
<li>Easy maintenance and servicing</li>
<li>Enables highly configurable analyzers</li>
</ul>","<p>The Agilent Large Valve Oven (LVO) for 8890 and 7890B GC systems is a versatile, high-capacity external oven that can be configured to support complex, multi-valve gas chromatography applications. Unlike auxiliary valve ovens from other GC manufacturers, it is mounted on top of the gas chromatograph, optimizing precious laboratory bench space.<br><br>Precisely engineered for thermal isolation from the GC oven, the LVO provides a homogeneous isothermal environment that accommodates up to six positions for columns and valves, with convenient open access for maintenance, adjustment, or customization. Accessibility, capacity, and thermal uniformity make the Agilent LVO ideal for performing various ASTM and EN methods on a single gas chromatography platform.</p>",346.000000,1,"Taxable Goods","Not Visible Individually",400.000000,,,,large-valve-oven-for-gc543-small-mandrel-7-ft-1-8-in-8890-gc-standard-4-port,"Large Valve Oven for GC543","Large Valve Oven for GC543","Large Valve Oven for GC543 
Takes up no additional bench space
Six-position isothermal valve oven for actuated valves, micro-gasifiers, needle valves, and columns (including 1/8-in packed columns) with access to valve connections without removing actuat",,,,,,,,,8/15/26,8/15/26,,,"Block after Info Column",,,,No,,,,,,,"Use config",,"agilent_column_mandrel_size=Small Mandrel (7 ft-1/8-in),agilent_compatible_gc_platform=8890 GC,agilent_valve_material=Standard,agilent_valve_port_configuration=4-port,gift_wrapping_available=Yes",100.0000,0.0000,1,0,0,1,1,1,10000,1,1,1.0000,1,1,1,1,1.0000,1,0,0,0,0,1,,,,,,,,,,,,,,,,,,,,,,,,,,,,,,,,,,
"c8890-Small Mandrel (7 ft-1/8-in)-8890 GC-Standard-6-port",,"Agilent LVO",simple,,base,"Large Valve Oven for GC543-Small Mandrel (7 ft-1/8-in)-8890 GC-Standard-6-port","<ul>
<li>Takes up no additional bench space</li>
<li>Six-position isothermal valve oven for actuated valves, micro-gasifiers, needle valves, and columns (including 1/8-in packed columns) with access to valve connections without removing actuators</li>
<li>Can accommodate 4-, 6-, 10-, or 14-port valves including Hastelloy valves</li>
<li>Dual thermal zones allow for thermal isolation between column oven and LVO</li>
<li>Independent control of LVO and GC oven zones</li>
<li>Maximum operating temperature of 330 °C (depending on columns and valves)</li>
<li>Ability to configure analyses that require multiple thermal zones, for example, run isothermal in the LVO while temperature ramping the GC oven</li>
<li>Easy maintenance and servicing</li>
<li>Enables highly configurable analyzers</li>
</ul>","<p>The Agilent Large Valve Oven (LVO) for 8890 and 7890B GC systems is a versatile, high-capacity external oven that can be configured to support complex, multi-valve gas chromatography applications. Unlike auxiliary valve ovens from other GC manufacturers, it is mounted on top of the gas chromatograph, optimizing precious laboratory bench space.<br><br>Precisely engineered for thermal isolation from the GC oven, the LVO provides a homogeneous isothermal environment that accommodates up to six positions for columns and valves, with convenient open access for maintenance, adjustment, or customization. Accessibility, capacity, and thermal uniformity make the Agilent LVO ideal for performing various ASTM and EN methods on a single gas chromatography platform.</p>",346.000000,1,"Taxable Goods","Not Visible Individually",600.000000,,,,large-valve-oven-for-gc543-small-mandrel-7-ft-1-8-in-8890-gc-standard-6-port,"Large Valve Oven for GC543","Large Valve Oven for GC543","Large Valve Oven for GC543 
Takes up no additional bench space
Six-position isothermal valve oven for actuated valves, micro-gasifiers, needle valves, and columns (including 1/8-in packed columns) with access to valve connections without removing actuat",,,,,,,,,8/15/26,8/15/26,,,"Block after Info Column",,,,No,,,,,,,"Use config",,"agilent_column_mandrel_size=Small Mandrel (7 ft-1/8-in),agilent_compatible_gc_platform=8890 GC,agilent_valve_material=Standard,agilent_valve_port_configuration=6-port,gift_wrapping_available=Yes",100.0000,0.0000,1,0,0,1,1,1,10000,1,1,1.0000,1,1,1,1,1.0000,1,0,0,0,0,1,,,,,,,,,,,,,,,,,,,,,,,,,,,,,,,,,,
"c8890-Small Mandrel (7 ft-1/8-in)-8890 GC-Standard-10-port",,"Agilent LVO",simple,,base,"Large Valve Oven for GC543-Small Mandrel (7 ft-1/8-in)-8890 GC-Standard-10-port","<ul>
<li>Takes up no additional bench space</li>
<li>Six-position isothermal valve oven for actuated valves, micro-gasifiers, needle valves, and columns (including 1/8-in packed columns) with access to valve connections without removing actuators</li>
<li>Can accommodate 4-, 6-, 10-, or 14-port valves including Hastelloy valves</li>
<li>Dual thermal zones allow for thermal isolation between column oven and LVO</li>
<li>Independent control of LVO and GC oven zones</li>
<li>Maximum operating temperature of 330 °C (depending on columns and valves)</li>
<li>Ability to configure analyses that require multiple thermal zones, for example, run isothermal in the LVO while temperature ramping the GC oven</li>
<li>Easy maintenance and servicing</li>
<li>Enables highly configurable analyzers</li>
</ul>","<p>The Agilent Large Valve Oven (LVO) for 8890 and 7890B GC systems is a versatile, high-capacity external oven that can be configured to support complex, multi-valve gas chromatography applications. Unlike auxiliary valve ovens from other GC manufacturers, it is mounted on top of the gas chromatograph, optimizing precious laboratory bench space.<br><br>Precisely engineered for thermal isolation from the GC oven, the LVO provides a homogeneous isothermal environment that accommodates up to six positions for columns and valves, with convenient open access for maintenance, adjustment, or customization. Accessibility, capacity, and thermal uniformity make the Agilent LVO ideal for performing various ASTM and EN methods on a single gas chromatography platform.</p>",346.000000,1,"Taxable Goods","Not Visible Individually",1000.000000,,,,large-valve-oven-for-gc543-small-mandrel-7-ft-1-8-in-8890-gc-standard-10-port,"Large Valve Oven for GC543","Large Valve Oven for GC543","Large Valve Oven for GC543 
Takes up no additional bench space
Six-position isothermal valve oven for actuated valves, micro-gasifiers, needle valves, and columns (including 1/8-in packed columns) with access to valve connections without removing actuat",,,,,,,,,8/15/26,8/15/26,,,"Block after Info Column",,,,No,,,,,,,"Use config",,"agilent_column_mandrel_size=Small Mandrel (7 ft-1/8-in),agilent_compatible_gc_platform=8890 GC,agilent_valve_material=Standard,agilent_valve_port_configuration=10-port,gift_wrapping_available=Yes",100.0000,0.0000,1,0,0,1,1,1,10000,1,1,1.0000,1,1,1,1,1.0000,1,0,0,0,0,1,,,,,,,,,,,,,,,,,,,,,,,,,,,,,,,,,,
"c8890-Small Mandrel (7 ft-1/8-in)-8890 GC-Standard-14-port",,"Agilent LVO",simple,,base,"Large Valve Oven for GC543-Small Mandrel (7 ft-1/8-in)-8890 GC-Standard-14-port","<ul>
<li>Takes up no additional bench space</li>
<li>Six-position isothermal valve oven for actuated valves, micro-gasifiers, needle valves, and columns (including 1/8-in packed columns) with access to valve connections without removing actuators</li>
<li>Can accommodate 4-, 6-, 10-, or 14-port valves including Hastelloy valves</li>
<li>Dual thermal zones allow for thermal isolation between column oven and LVO</li>
<li>Independent control of LVO and GC oven zones</li>
<li>Maximum operating temperature of 330 °C (depending on columns and valves)</li>
<li>Ability to configure analyses that require multiple thermal zones, for example, run isothermal in the LVO while temperature ramping the GC oven</li>
<li>Easy maintenance and servicing</li>
<li>Enables highly configurable analyzers</li>
</ul>","<p>The Agilent Large Valve Oven (LVO) for 8890 and 7890B GC systems is a versatile, high-capacity external oven that can be configured to support complex, multi-valve gas chromatography applications. Unlike auxiliary valve ovens from other GC manufacturers, it is mounted on top of the gas chromatograph, optimizing precious laboratory bench space.<br><br>Precisely engineered for thermal isolation from the GC oven, the LVO provides a homogeneous isothermal environment that accommodates up to six positions for columns and valves, with convenient open access for maintenance, adjustment, or customization. Accessibility, capacity, and thermal uniformity make the Agilent LVO ideal for performing various ASTM and EN methods on a single gas chromatography platform.</p>",346.000000,1,"Taxable Goods","Not Visible Individually",1400.000000,,,,large-valve-oven-for-gc543-small-mandrel-7-ft-1-8-in-8890-gc-standard-14-port,"Large Valve Oven for GC543","Large Valve Oven for GC543","Large Valve Oven for GC543 
Takes up no additional bench space
Six-position isothermal valve oven for actuated valves, micro-gasifiers, needle valves, and columns (including 1/8-in packed columns) with access to valve connections without removing actuat",,,,,,,,,8/15/26,8/15/26,,,"Block after Info Column",,,,No,,,,,,,"Use config",,"agilent_column_mandrel_size=Small Mandrel (7 ft-1/8-in),agilent_compatible_gc_platform=8890 GC,agilent_valve_material=Standard,agilent_valve_port_configuration=14-port,gift_wrapping_available=Yes",100.0000,0.0000,1,0,0,1,1,1,10000,1,1,1.0000,1,1,1,1,1.0000,1,0,0,0,0,1,,,,,,,,,,,,,,,,,,,,,,,,,,,,,,,,,,
"c8890-Small Mandrel (7 ft-1/8-in)-8890 GC-Hastelloy-4-port",,"Agilent LVO",simple,,base,"Large Valve Oven for GC543-Small Mandrel (7 ft-1/8-in)-8890 GC-Hastelloy-4-port","<ul>
<li>Takes up no additional bench space</li>
<li>Six-position isothermal valve oven for actuated valves, micro-gasifiers, needle valves, and columns (including 1/8-in packed columns) with access to valve connections without removing actuators</li>
<li>Can accommodate 4-, 6-, 10-, or 14-port valves including Hastelloy valves</li>
<li>Dual thermal zones allow for thermal isolation between column oven and LVO</li>
<li>Independent control of LVO and GC oven zones</li>
<li>Maximum operating temperature of 330 °C (depending on columns and valves)</li>
<li>Ability to configure analyses that require multiple thermal zones, for example, run isothermal in the LVO while temperature ramping the GC oven</li>
<li>Easy maintenance and servicing</li>
<li>Enables highly configurable analyzers</li>
</ul>","<p>The Agilent Large Valve Oven (LVO) for 8890 and 7890B GC systems is a versatile, high-capacity external oven that can be configured to support complex, multi-valve gas chromatography applications. Unlike auxiliary valve ovens from other GC manufacturers, it is mounted on top of the gas chromatograph, optimizing precious laboratory bench space.<br><br>Precisely engineered for thermal isolation from the GC oven, the LVO provides a homogeneous isothermal environment that accommodates up to six positions for columns and valves, with convenient open access for maintenance, adjustment, or customization. Accessibility, capacity, and thermal uniformity make the Agilent LVO ideal for performing various ASTM and EN methods on a single gas chromatography platform.</p>",346.000000,1,"Taxable Goods","Not Visible Individually",400.000000,,,,large-valve-oven-for-gc543-small-mandrel-7-ft-1-8-in-8890-gc-hastelloy-4-port,"Large Valve Oven for GC543","Large Valve Oven for GC543","Large Valve Oven for GC543 
Takes up no additional bench space
Six-position isothermal valve oven for actuated valves, micro-gasifiers, needle valves, and columns (including 1/8-in packed columns) with access to valve connections without removing actuat",,,,,,,,,8/15/26,8/15/26,,,"Block after Info Column",,,,No,,,,,,,"Use config",,"agilent_column_mandrel_size=Small Mandrel (7 ft-1/8-in),agilent_compatible_gc_platform=8890 GC,agilent_valve_material=Hastelloy,agilent_valve_port_configuration=4-port,gift_wrapping_available=Yes",100.0000,0.0000,1,0,0,1,1,1,10000,1,1,1.0000,1,1,1,1,1.0000,1,0,0,0,0,1,,,,,,,,,,,,,,,,,,,,,,,,,,,,,,,,,,
"c8890-Small Mandrel (7 ft-1/8-in)-8890 GC-Hastelloy-6-port",,"Agilent LVO",simple,,base,"Large Valve Oven for GC543-Small Mandrel (7 ft-1/8-in)-8890 GC-Hastelloy-6-port","<ul>
<li>Takes up no additional bench space</li>
<li>Six-position isothermal valve oven for actuated valves, micro-gasifiers, needle valves, and columns (including 1/8-in packed columns) with access to valve connections without removing actuators</li>
<li>Can accommodate 4-, 6-, 10-, or 14-port valves including Hastelloy valves</li>
<li>Dual thermal zones allow for thermal isolation between column oven and LVO</li>
<li>Independent control of LVO and GC oven zones</li>
<li>Maximum operating temperature of 330 °C (depending on columns and valves)</li>
<li>Ability to configure analyses that require multiple thermal zones, for example, run isothermal in the LVO while temperature ramping the GC oven</li>
<li>Easy maintenance and servicing</li>
<li>Enables highly configurable analyzers</li>
</ul>","<p>The Agilent Large Valve Oven (LVO) for 8890 and 7890B GC systems is a versatile, high-capacity external oven that can be configured to support complex, multi-valve gas chromatography applications. Unlike auxiliary valve ovens from other GC manufacturers, it is mounted on top of the gas chromatograph, optimizing precious laboratory bench space.<br><br>Precisely engineered for thermal isolation from the GC oven, the LVO provides a homogeneous isothermal environment that accommodates up to six positions for columns and valves, with convenient open access for maintenance, adjustment, or customization. Accessibility, capacity, and thermal uniformity make the Agilent LVO ideal for performing various ASTM and EN methods on a single gas chromatography platform.</p>",346.000000,1,"Taxable Goods","Not Visible Individually",600.000000,,,,large-valve-oven-for-gc543-small-mandrel-7-ft-1-8-in-8890-gc-hastelloy-6-port,"Large Valve Oven for GC543","Large Valve Oven for GC543","Large Valve Oven for GC543 
Takes up no additional bench space
Six-position isothermal valve oven for actuated valves, micro-gasifiers, needle valves, and columns (including 1/8-in packed columns) with access to valve connections without removing actuat",,,,,,,,,8/15/26,8/15/26,,,"Block after Info Column",,,,No,,,,,,,"Use config",,"agilent_column_mandrel_size=Small Mandrel (7 ft-1/8-in),agilent_compatible_gc_platform=8890 GC,agilent_valve_material=Hastelloy,agilent_valve_port_configuration=6-port,gift_wrapping_available=Yes",100.0000,0.0000,1,0,0,1,1,1,10000,1,1,1.0000,1,1,1,1,1.0000,1,0,0,0,0,1,,,,,,,,,,,,,,,,,,,,,,,,,,,,,,,,,,
"c8890-Small Mandrel (7 ft-1/8-in)-8890 GC-Hastelloy-10-port",,"Agilent LVO",simple,,base,"Large Valve Oven for GC543-Small Mandrel (7 ft-1/8-in)-8890 GC-Hastelloy-10-port","<ul>
<li>Takes up no additional bench space</li>
<li>Six-position isothermal valve oven for actuated valves, micro-gasifiers, needle valves, and columns (including 1/8-in packed columns) with access to valve connections without removing actuators</li>
<li>Can accommodate 4-, 6-, 10-, or 14-port valves including Hastelloy valves</li>
<li>Dual thermal zones allow for thermal isolation between column oven and LVO</li>
<li>Independent control of LVO and GC oven zones</li>
<li>Maximum operating temperature of 330 °C (depending on columns and valves)</li>
<li>Ability to configure analyses that require multiple thermal zones, for example, run isothermal in the LVO while temperature ramping the GC oven</li>
<li>Easy maintenance and servicing</li>
<li>Enables highly configurable analyzers</li>
</ul>","<p>The Agilent Large Valve Oven (LVO) for 8890 and 7890B GC systems is a versatile, high-capacity external oven that can be configured to support complex, multi-valve gas chromatography applications. Unlike auxiliary valve ovens from other GC manufacturers, it is mounted on top of the gas chromatograph, optimizing precious laboratory bench space.<br><br>Precisely engineered for thermal isolation from the GC oven, the LVO provides a homogeneous isothermal environment that accommodates up to six positions for columns and valves, with convenient open access for maintenance, adjustment, or customization. Accessibility, capacity, and thermal uniformity make the Agilent LVO ideal for performing various ASTM and EN methods on a single gas chromatography platform.</p>",346.000000,1,"Taxable Goods","Not Visible Individually",1000.000000,,,,large-valve-oven-for-gc543-small-mandrel-7-ft-1-8-in-8890-gc-hastelloy-10-port,"Large Valve Oven for GC543","Large Valve Oven for GC543","Large Valve Oven for GC543 
Takes up no additional bench space
Six-position isothermal valve oven for actuated valves, micro-gasifiers, needle valves, and columns (including 1/8-in packed columns) with access to valve connections without removing actuat",,,,,,,,,8/15/26,8/15/26,,,"Block after Info Column",,,,No,,,,,,,"Use config",,"agilent_column_mandrel_size=Small Mandrel (7 ft-1/8-in),agilent_compatible_gc_platform=8890 GC,agilent_valve_material=Hastelloy,agilent_valve_port_configuration=10-port,gift_wrapping_available=Yes",100.0000,0.0000,1,0,0,1,1,1,10000,1,1,1.0000,1,1,1,1,1.0000,1,0,0,0,0,1,,,,,,,,,,,,,,,,,,,,,,,,,,,,,,,,,,
"c8890-Small Mandrel (7 ft-1/8-in)-8890 GC-Hastelloy-14-port",,"Agilent LVO",simple,,base,"Large Valve Oven for GC543-Small Mandrel (7 ft-1/8-in)-8890 GC-Hastelloy-14-port","<ul>
<li>Takes up no additional bench space</li>
<li>Six-position isothermal valve oven for actuated valves, micro-gasifiers, needle valves, and columns (including 1/8-in packed columns) with access to valve connections without removing actuators</li>
<li>Can accommodate 4-, 6-, 10-, or 14-port valves including Hastelloy valves</li>
<li>Dual thermal zones allow for thermal isolation between column oven and LVO</li>
<li>Independent control of LVO and GC oven zones</li>
<li>Maximum operating temperature of 330 °C (depending on columns and valves)</li>
<li>Ability to configure analyses that require multiple thermal zones, for example, run isothermal in the LVO while temperature ramping the GC oven</li>
<li>Easy maintenance and servicing</li>
<li>Enables highly configurable analyzers</li>
</ul>","<p>The Agilent Large Valve Oven (LVO) for 8890 and 7890B GC systems is a versatile, high-capacity external oven that can be configured to support complex, multi-valve gas chromatography applications. Unlike auxiliary valve ovens from other GC manufacturers, it is mounted on top of the gas chromatograph, optimizing precious laboratory bench space.<br><br>Precisely engineered for thermal isolation from the GC oven, the LVO provides a homogeneous isothermal environment that accommodates up to six positions for columns and valves, with convenient open access for maintenance, adjustment, or customization. Accessibility, capacity, and thermal uniformity make the Agilent LVO ideal for performing various ASTM and EN methods on a single gas chromatography platform.</p>",346.000000,1,"Taxable Goods","Not Visible Individually",1400.000000,,,,large-valve-oven-for-gc543-small-mandrel-7-ft-1-8-in-8890-gc-hastelloy-14-port,"Large Valve Oven for GC543","Large Valve Oven for GC543","Large Valve Oven for GC543 
Takes up no additional bench space
Six-position isothermal valve oven for actuated valves, micro-gasifiers, needle valves, and columns (including 1/8-in packed columns) with access to valve connections without removing actuat",,,,,,,,,8/15/26,8/15/26,,,"Block after Info Column",,,,No,,,,,,,"Use config",,"agilent_column_mandrel_size=Small Mandrel (7 ft-1/8-in),agilent_compatible_gc_platform=8890 GC,agilent_valve_material=Hastelloy,agilent_valve_port_configuration=14-port,gift_wrapping_available=Yes",100.0000,0.0000,1,0,0,1,1,1,10000,1,1,1.0000,1,1,1,1,1.0000,1,0,0,0,0,1,,,,,,,,,,,,,,,,,,,,,,,,,,,,,,,,,,
cfg8890,,"Agilent LVO",configurable,"Default Category/Products",base,"Large Valve Oven for GC (Config)","<ul>
<li>Takes up no additional bench space</li>
<li>Six-position isothermal valve oven for actuated valves, micro-gasifiers, needle valves, and columns (including 1/8-in packed columns) with access to valve connections without removing actuators</li>
<li>Can accommodate 4-, 6-, 10-, or 14-port valves including Hastelloy valves</li>
<li>Dual thermal zones allow for thermal isolation between column oven and LVO</li>
<li>Independent control of LVO and GC oven zones</li>
<li>Maximum operating temperature of 330 °C (depending on columns and valves)</li>
<li>Ability to configure analyses that require multiple thermal zones, for example, run isothermal in the LVO while temperature ramping the GC oven</li>
<li>Easy maintenance and servicing</li>
<li>Enables highly configurable analyzers</li>
</ul>","<p>The Agilent Large Valve Oven (LVO) for 8890 and 7890B GC systems is a versatile, high-capacity external oven that can be configured to support complex, multi-valve gas chromatography applications. Unlike auxiliary valve ovens from other GC manufacturers, it is mounted on top of the gas chromatograph, optimizing precious laboratory bench space.<br><br>Precisely engineered for thermal isolation from the GC oven, the LVO provides a homogeneous isothermal environment that accommodates up to six positions for columns and valves, with convenient open access for maintenance, adjustment, or customization. Accessibility, capacity, and thermal uniformity make the Agilent LVO ideal for performing various ASTM and EN methods on a single gas chromatography platform.</p>",346.000000,1,"Taxable Goods","Catalog, Search",,,,,large-valve-oven-for-gc543,"Large Valve Oven for GC543","Large Valve Oven for GC543","Large Valve Oven for GC543 
Takes up no additional bench space
Six-position isothermal valve oven for actuated valves, micro-gasifiers, needle valves, and columns (including 1/8-in packed columns) with access to valve connections without removing actuat",https://delivery-p158081-e1683323.adobeaemcloud.com/adobe/assets/urn:aaid:aem:5ca3290b-f13c-46da-ac54-4f6901a42f4d,,https://delivery-p158081-e1683323.adobeaemcloud.com/adobe/assets/urn:aaid:aem:5ca3290b-f13c-46da-ac54-4f6901a42f4d,,https://delivery-p158081-e1683323.adobeaemcloud.com/adobe/assets/urn:aaid:aem:5ca3290b-f13c-46da-ac54-4f6901a42f4d,,https://delivery-p158081-e1683323.adobeaemcloud.com/adobe/assets/urn:aaid:aem:5ca3290b-f13c-46da-ac54-4f6901a42f4d,,8/15/26,8/16/26,,,"Block after Info Column",,,,"Use config",,,,,,,"Use config",,"asset_role_image=https://delivery-p158081-e1683323.adobeaemcloud.com/adobe/assets/urn:aaid:aem:5ca3290b-f13c-46da-ac54-4f6901a42f4d,asset_role_small_image=https://delivery-p158081-e1683323.adobeaemcloud.com/adobe/assets/urn:aaid:aem:5ca3290b-f13c-46da-ac54-4f6901a42f4d,asset_role_swatch_image=https://delivery-p158081-e1683323.adobeaemcloud.com/adobe/assets/urn:aaid:aem:5ca3290b-f13c-46da-ac54-4f6901a42f4d,asset_role_thumbnail=https://delivery-p158081-e1683323.adobeaemcloud.com/adobe/assets/urn:aaid:aem:5ca3290b-f13c-46da-ac54-4f6901a42f4d,gift_wrapping_available=Use config",0.0000,0.0000,1,0,0,1,1,1,10000,1,1,1.0000,1,1,1,1,1.0000,1,0,0,0,0,1,,,,,,,"https://delivery-p158081-e1683323.adobeaemcloud.com/adobe/assets/urn:aaid:aem:5ca3290b-f13c-46da-ac54-4f6901a42f4d,https://delivery-p158081-e1683323.adobeaemcloud.com/adobe/assets/urn:aaid:aem:fb2180d2-e287-4c59-b409-551f4bb76c0e",",",,,,,,,,,,,,,,,,,,,,,,"sku=c8890-Large Mandrel (15 ft-1/8-in)-7890B GC-Standard-6-port,agilent_column_mandrel_size=Large Mandrel (15 ft-1/8-in),agilent_compatible_gc_platform=7890B GC,agilent_valve_material=Standard,agilent_valve_port_configuration=6-port|sku=c8890-Large Mandrel (15 ft-1/8-in)-7890B GC-Standard-4-port,agilent_column_mandrel_size=Large Mandrel (15 ft-1/8-in),agilent_compatible_gc_platform=7890B GC,agilent_valve_material=Standard,agilent_valve_port_configuration=4-port|sku=c8890-Large Mandrel (15 ft-1/8-in)-8890 GC-Hastelloy-14-port,agilent_column_mandrel_size=Large Mandrel (15 ft-1/8-in),agilent_compatible_gc_platform=8890 GC,agilent_valve_material=Hastelloy,agilent_valve_port_configuration=14-port|sku=c8890-Large Mandrel (15 ft-1/8-in)-8890 GC-Hastelloy-10-port,agilent_column_mandrel_size=Large Mandrel (15 ft-1/8-in),agilent_compatible_gc_platform=8890 GC,agilent_valve_material=Hastelloy,agilent_valve_port_configuration=10-port|sku=c8890-Large Mandrel (15 ft-1/8-in)-8890 GC-Hastelloy-6-port,agilent_column_mandrel_size=Large Mandrel (15 ft-1/8-in),agilent_compatible_gc_platform=8890 GC,agilent_valve_material=Hastelloy,agilent_valve_port_configuration=6-port|sku=c8890-Large Mandrel (15 ft-1/8-in)-8890 GC-Hastelloy-4-port,agilent_column_mandrel_size=Large Mandrel (15 ft-1/8-in),agilent_compatible_gc_platform=8890 GC,agilent_valve_material=Hastelloy,agilent_valve_port_configuration=4-port|sku=c8890-Large Mandrel (15 ft-1/8-in)-8890 GC-Standard-14-port,agilent_column_mandrel_size=Large Mandrel (15 ft-1/8-in),agilent_compatible_gc_platform=8890 GC,agilent_valve_material=Standard,agilent_valve_port_configuration=14-port|sku=c8890-Large Mandrel (15 ft-1/8-in)-8890 GC-Standard-10-port,agilent_column_mandrel_size=Large Mandrel (15 ft-1/8-in),agilent_compatible_gc_platform=8890 GC,agilent_valve_material=Standard,agilent_valve_port_configuration=10-port|sku=c8890-Large Mandrel (15 ft-1/8-in)-8890 GC-Standard-6-port,agilent_column_mandrel_size=Large Mandrel (15 ft-1/8-in),agilent_compatible_gc_platform=8890 GC,agilent_valve_material=Standard,agilent_valve_port_configuration=6-port|sku=c8890-Large Mandrel (15 ft-1/8-in)-8890 GC-Standard-4-port,agilent_column_mandrel_size=Large Mandrel (15 ft-1/8-in),agilent_compatible_gc_platform=8890 GC,agilent_valve_material=Standard,agilent_valve_port_configuration=4-port|sku=c8890-Large Mandrel (15 ft-1/8-in)-7890B GC-Hastelloy-14-port,agilent_column_mandrel_size=Large Mandrel (15 ft-1/8-in),agilent_compatible_gc_platform=7890B GC,agilent_valve_material=Hastelloy,agilent_valve_port_configuration=14-port|sku=c8890-Large Mandrel (15 ft-1/8-in)-7890B GC-Hastelloy-10-port,agilent_column_mandrel_size=Large Mandrel (15 ft-1/8-in),agilent_compatible_gc_platform=7890B GC,agilent_valve_material=Hastelloy,agilent_valve_port_configuration=10-port|sku=c8890-Large Mandrel (15 ft-1/8-in)-7890B GC-Hastelloy-6-port,agilent_column_mandrel_size=Large Mandrel (15 ft-1/8-in),agilent_compatible_gc_platform=7890B GC,agilent_valve_material=Hastelloy,agilent_valve_port_configuration=6-port|sku=c8890-Large Mandrel (15 ft-1/8-in)-7890B GC-Hastelloy-4-port,agilent_column_mandrel_size=Large Mandrel (15 ft-1/8-in),agilent_compatible_gc_platform=7890B GC,agilent_valve_material=Hastelloy,agilent_valve_port_configuration=4-port|sku=c8890-Large Mandrel (15 ft-1/8-in)-7890B GC-Standard-14-port,agilent_column_mandrel_size=Large Mandrel (15 ft-1/8-in),agilent_compatible_gc_platform=7890B GC,agilent_valve_material=Standard,agilent_valve_port_configuration=14-port|sku=c8890-Large Mandrel (15 ft-1/8-in)-7890B GC-Standard-10-port,agilent_column_mandrel_size=Large Mandrel (15 ft-1/8-in),agilent_compatible_gc_platform=7890B GC,agilent_valve_material=Standard,agilent_valve_port_configuration=10-port|sku=c8890-Small Mandrel (7 ft-1/8-in)-8890 GC-Hastelloy-14-port,agilent_column_mandrel_size=Small Mandrel (7 ft-1/8-in),agilent_compatible_gc_platform=8890 GC,agilent_valve_material=Hastelloy,agilent_valve_port_configuration=14-port|sku=c8890-Small Mandrel (7 ft-1/8-in)-8890 GC-Hastelloy-10-port,agilent_column_mandrel_size=Small Mandrel (7 ft-1/8-in),agilent_compatible_gc_platform=8890 GC,agilent_valve_material=Hastelloy,agilent_valve_port_configuration=10-port|sku=c8890-Small Mandrel (7 ft-1/8-in)-8890 GC-Hastelloy-6-port,agilent_column_mandrel_size=Small Mandrel (7 ft-1/8-in),agilent_compatible_gc_platform=8890 GC,agilent_valve_material=Hastelloy,agilent_valve_port_configuration=6-port|sku=c8890-Small Mandrel (7 ft-1/8-in)-8890 GC-Hastelloy-4-port,agilent_column_mandrel_size=Small Mandrel (7 ft-1/8-in),agilent_compatible_gc_platform=8890 GC,agilent_valve_material=Hastelloy,agilent_valve_port_configuration=4-port|sku=c8890-Small Mandrel (7 ft-1/8-in)-8890 GC-Standard-14-port,agilent_column_mandrel_size=Small Mandrel (7 ft-1/8-in),agilent_compatible_gc_platform=8890 GC,agilent_valve_material=Standard,agilent_valve_port_configuration=14-port|sku=c8890-Small Mandrel (7 ft-1/8-in)-8890 GC-Standard-10-port,agilent_column_mandrel_size=Small Mandrel (7 ft-1/8-in),agilent_compatible_gc_platform=8890 GC,agilent_valve_material=Standard,agilent_valve_port_configuration=10-port|sku=c8890-Small Mandrel (7 ft-1/8-in)-8890 GC-Standard-6-port,agilent_column_mandrel_size=Small Mandrel (7 ft-1/8-in),agilent_compatible_gc_platform=8890 GC,agilent_valve_material=Standard,agilent_valve_port_configuration=6-port|sku=c8890-Small Mandrel (7 ft-1/8-in)-8890 GC-Standard-4-port,agilent_column_mandrel_size=Small Mandrel (7 ft-1/8-in),agilent_compatible_gc_platform=8890 GC,agilent_valve_material=Standard,agilent_valve_port_configuration=4-port|sku=c8890-Small Mandrel (7 ft-1/8-in)-7890B GC-Hastelloy-14-port,agilent_column_mandrel_size=Small Mandrel (7 ft-1/8-in),agilent_compatible_gc_platform=7890B GC,agilent_valve_material=Hastelloy,agilent_valve_port_configuration=14-port|sku=c8890-Small Mandrel (7 ft-1/8-in)-7890B GC-Hastelloy-10-port,agilent_column_mandrel_size=Small Mandrel (7 ft-1/8-in),agilent_compatible_gc_platform=7890B GC,agilent_valve_material=Hastelloy,agilent_valve_port_configuration=10-port|sku=c8890-Small Mandrel (7 ft-1/8-in)-7890B GC-Hastelloy-6-port,agilent_column_mandrel_size=Small Mandrel (7 ft-1/8-in),agilent_compatible_gc_platform=7890B GC,agilent_valve_material=Hastelloy,agilent_valve_port_configuration=6-port|sku=c8890-Small Mandrel (7 ft-1/8-in)-7890B GC-Hastelloy-4-port,agilent_column_mandrel_size=Small Mandrel (7 ft-1/8-in),agilent_compatible_gc_platform=7890B GC,agilent_valve_material=Hastelloy,agilent_valve_port_configuration=4-port|sku=c8890-Small Mandrel (7 ft-1/8-in)-7890B GC-Standard-14-port,agilent_column_mandrel_size=Small Mandrel (7 ft-1/8-in),agilent_compatible_gc_platform=7890B GC,agilent_valve_material=Standard,agilent_valve_port_configuration=14-port|sku=c8890-Small Mandrel (7 ft-1/8-in)-7890B GC-Standard-10-port,agilent_column_mandrel_size=Small Mandrel (7 ft-1/8-in),agilent_compatible_gc_platform=7890B GC,agilent_valve_material=Standard,agilent_valve_port_configuration=10-port|sku=c8890-Small Mandrel (7 ft-1/8-in)-7890B GC-Standard-6-port,agilent_column_mandrel_size=Small Mandrel (7 ft-1/8-in),agilent_compatible_gc_platform=7890B GC,agilent_valve_material=Standard,agilent_valve_port_configuration=6-port|sku=c8890-Small Mandrel (7 ft-1/8-in)-7890B GC-Standard-4-port,agilent_column_mandrel_size=Small Mandrel (7 ft-1/8-in),agilent_compatible_gc_platform=7890B GC,agilent_valve_material=Standard,agilent_valve_port_configuration=4-port","agilent_column_mandrel_size=Column Mandrel Size,agilent_compatible_gc_platform=Compatible GC Platform,agilent_valve_material=Valve Material,agilent_valve_port_configuration=Valve Port Configuration",,,
G1958-Single-Single,,"Agilent AJS",virtual,"Default Category/Products",base,"Jet Stream Technology Ion Source-Single-Single","<ul>
<li>Agilent Jet Stream technology significantly enhances sensitivity relative to standard electrospray ionization</li>
<li>Superheated nitrogen sheath gas confines the nebulizer spray and improves desolvation of ions</li>
<li>Improved ion generation and sampling efficiencies for increased signals and noise reduction</li>
<li>Five-to-tenfold improvement in sensitivity over ESI at conventional flowrates (50 µL/min to 2.5 mL/min)</li>
<li>Consistent operating parameters across a wide range of flow rates reduces the need for re-optimization</li>
</ul>","<p>The thermal gradient focusing technology used in the Agilent Jet Stream high sensitivity ion source extends the sensitivity of electrospray ionization for a wide array of applications and flow rates.<br><br>This exclusive technology for high-sensitivity MS uses superheated nitrogen to improve droplet desolvation and ion generation, for a stronger signal and reduced noise. It offers the highest sensitivity for most analytes, and a response that is five-fold higher or more relative to standard electrospray ionization.</p>",,1,"Taxable Goods","Not Visible Individually",500.000000,,,,jet-stream-technology-ion-source-single-single,"Jet Stream Technology Ion Source","Jet Stream Technology Ion Source","Jet Stream Technology Ion Source 
Agilent Jet Stream technology significantly enhances sensitivity relative to standard electrospray ionization
Superheated nitrogen sheath gas confines the nebulizer spray and improves desolvation of ions
Improved ion g",https://delivery-p158081-e1683323.adobeaemcloud.com/adobe/assets/urn:aaid:aem:123f5e71-16de-41c5-baec-c55b8d53377f,,https://delivery-p158081-e1683323.adobeaemcloud.com/adobe/assets/urn:aaid:aem:123f5e71-16de-41c5-baec-c55b8d53377f,,https://delivery-p158081-e1683323.adobeaemcloud.com/adobe/assets/urn:aaid:aem:123f5e71-16de-41c5-baec-c55b8d53377f,,https://delivery-p158081-e1683323.adobeaemcloud.com/adobe/assets/urn:aaid:aem:123f5e71-16de-41c5-baec-c55b8d53377f,,8/15/26,8/15/26,,,"Block after Info Column",,,,No,,,,,,,"Use config",,"agilent_compatible_instrument=Single,agilent_nebulizer=Single,asset_role_image=https://delivery-p158081-e1683323.adobeaemcloud.com/adobe/assets/urn:aaid:aem:123f5e71-16de-41c5-baec-c55b8d53377f,asset_role_small_image=https://delivery-p158081-e1683323.adobeaemcloud.com/adobe/assets/urn:aaid:aem:123f5e71-16de-41c5-baec-c55b8d53377f,asset_role_swatch_image=https://delivery-p158081-e1683323.adobeaemcloud.com/adobe/assets/urn:aaid:aem:123f5e71-16de-41c5-baec-c55b8d53377f,asset_role_thumbnail=https://delivery-p158081-e1683323.adobeaemcloud.com/adobe/assets/urn:aaid:aem:123f5e71-16de-41c5-baec-c55b8d53377f",123.0000,0.0000,1,0,0,1,1,1,10000,1,1,1.0000,1,1,1,1,1.0000,1,0,0,0,0,1,,,,,,,https://delivery-p158081-e1683323.adobeaemcloud.com/adobe/assets/urn:aaid:aem:123f5e71-16de-41c5-baec-c55b8d53377f,,,,,,,,,,,,,,,,,,,,,,,,,,,
G1958-Single-Triple,,"Agilent AJS",virtual,"Default Category/Products",base,"Jet Stream Technology Ion Source-Single-Triple","<ul>
<li>Agilent Jet Stream technology significantly enhances sensitivity relative to standard electrospray ionization</li>
<li>Superheated nitrogen sheath gas confines the nebulizer spray and improves desolvation of ions</li>
<li>Improved ion generation and sampling efficiencies for increased signals and noise reduction</li>
<li>Five-to-tenfold improvement in sensitivity over ESI at conventional flowrates (50 µL/min to 2.5 mL/min)</li>
<li>Consistent operating parameters across a wide range of flow rates reduces the need for re-optimization</li>
</ul>","<p>The thermal gradient focusing technology used in the Agilent Jet Stream high sensitivity ion source extends the sensitivity of electrospray ionization for a wide array of applications and flow rates.<br><br>This exclusive technology for high-sensitivity MS uses superheated nitrogen to improve droplet desolvation and ion generation, for a stronger signal and reduced noise. It offers the highest sensitivity for most analytes, and a response that is five-fold higher or more relative to standard electrospray ionization.</p>",,1,"Taxable Goods","Not Visible Individually",500.000000,,,,jet-stream-technology-ion-source-single-triple,"Jet Stream Technology Ion Source","Jet Stream Technology Ion Source","Jet Stream Technology Ion Source 
Agilent Jet Stream technology significantly enhances sensitivity relative to standard electrospray ionization
Superheated nitrogen sheath gas confines the nebulizer spray and improves desolvation of ions
Improved ion g",https://delivery-p158081-e1683323.adobeaemcloud.com/adobe/assets/urn:aaid:aem:123f5e71-16de-41c5-baec-c55b8d53377f,,https://delivery-p158081-e1683323.adobeaemcloud.com/adobe/assets/urn:aaid:aem:123f5e71-16de-41c5-baec-c55b8d53377f,,https://delivery-p158081-e1683323.adobeaemcloud.com/adobe/assets/urn:aaid:aem:123f5e71-16de-41c5-baec-c55b8d53377f,,https://delivery-p158081-e1683323.adobeaemcloud.com/adobe/assets/urn:aaid:aem:123f5e71-16de-41c5-baec-c55b8d53377f,,8/15/26,8/15/26,,,"Block after Info Column",,,,No,,,,,,,"Use config",,"agilent_compatible_instrument=Triple,agilent_nebulizer=Single,asset_role_image=https://delivery-p158081-e1683323.adobeaemcloud.com/adobe/assets/urn:aaid:aem:123f5e71-16de-41c5-baec-c55b8d53377f,asset_role_small_image=https://delivery-p158081-e1683323.adobeaemcloud.com/adobe/assets/urn:aaid:aem:123f5e71-16de-41c5-baec-c55b8d53377f,asset_role_swatch_image=https://delivery-p158081-e1683323.adobeaemcloud.com/adobe/assets/urn:aaid:aem:123f5e71-16de-41c5-baec-c55b8d53377f,asset_role_thumbnail=https://delivery-p158081-e1683323.adobeaemcloud.com/adobe/assets/urn:aaid:aem:123f5e71-16de-41c5-baec-c55b8d53377f",123.0000,0.0000,1,0,0,1,1,1,10000,1,1,1.0000,1,1,1,1,1.0000,1,0,0,0,0,1,,,,,,,https://delivery-p158081-e1683323.adobeaemcloud.com/adobe/assets/urn:aaid:aem:123f5e71-16de-41c5-baec-c55b8d53377f,,,,,,,,,,,,,,,,,,,,,,,,,,,
G1958-Single-Q-TOF,,"Agilent AJS",virtual,"Default Category/Products",base,"Jet Stream Technology Ion Source-Single-Q-TOF","<ul>
<li>Agilent Jet Stream technology significantly enhances sensitivity relative to standard electrospray ionization</li>
<li>Superheated nitrogen sheath gas confines the nebulizer spray and improves desolvation of ions</li>
<li>Improved ion generation and sampling efficiencies for increased signals and noise reduction</li>
<li>Five-to-tenfold improvement in sensitivity over ESI at conventional flowrates (50 µL/min to 2.5 mL/min)</li>
<li>Consistent operating parameters across a wide range of flow rates reduces the need for re-optimization</li>
</ul>","<p>The thermal gradient focusing technology used in the Agilent Jet Stream high sensitivity ion source extends the sensitivity of electrospray ionization for a wide array of applications and flow rates.<br><br>This exclusive technology for high-sensitivity MS uses superheated nitrogen to improve droplet desolvation and ion generation, for a stronger signal and reduced noise. It offers the highest sensitivity for most analytes, and a response that is five-fold higher or more relative to standard electrospray ionization.</p>",,1,"Taxable Goods","Not Visible Individually",500.000000,,,,jet-stream-technology-ion-source-single-q-tof,"Jet Stream Technology Ion Source","Jet Stream Technology Ion Source","Jet Stream Technology Ion Source 
Agilent Jet Stream technology significantly enhances sensitivity relative to standard electrospray ionization
Superheated nitrogen sheath gas confines the nebulizer spray and improves desolvation of ions
Improved ion g",https://delivery-p158081-e1683323.adobeaemcloud.com/adobe/assets/urn:aaid:aem:123f5e71-16de-41c5-baec-c55b8d53377f,,https://delivery-p158081-e1683323.adobeaemcloud.com/adobe/assets/urn:aaid:aem:123f5e71-16de-41c5-baec-c55b8d53377f,,https://delivery-p158081-e1683323.adobeaemcloud.com/adobe/assets/urn:aaid:aem:123f5e71-16de-41c5-baec-c55b8d53377f,,https://delivery-p158081-e1683323.adobeaemcloud.com/adobe/assets/urn:aaid:aem:123f5e71-16de-41c5-baec-c55b8d53377f,,8/15/26,8/15/26,,,"Block after Info Column",,,,No,,,,,,,"Use config",,"agilent_compatible_instrument=Q-TOF,agilent_nebulizer=Single,asset_role_image=https://delivery-p158081-e1683323.adobeaemcloud.com/adobe/assets/urn:aaid:aem:123f5e71-16de-41c5-baec-c55b8d53377f,asset_role_small_image=https://delivery-p158081-e1683323.adobeaemcloud.com/adobe/assets/urn:aaid:aem:123f5e71-16de-41c5-baec-c55b8d53377f,asset_role_swatch_image=https://delivery-p158081-e1683323.adobeaemcloud.com/adobe/assets/urn:aaid:aem:123f5e71-16de-41c5-baec-c55b8d53377f,asset_role_thumbnail=https://delivery-p158081-e1683323.adobeaemcloud.com/adobe/assets/urn:aaid:aem:123f5e71-16de-41c5-baec-c55b8d53377f",123.0000,0.0000,1,0,0,1,1,1,10000,1,1,1.0000,1,1,1,1,1.0000,1,0,0,0,0,1,,,,,,,https://delivery-p158081-e1683323.adobeaemcloud.com/adobe/assets/urn:aaid:aem:123f5e71-16de-41c5-baec-c55b8d53377f,,,,,,,,,,,,,,,,,,,,,,,,,,,
G1958-Single-TOF,,"Agilent AJS",virtual,"Default Category/Products",base,"Jet Stream Technology Ion Source-Single-TOF","<ul>
<li>Agilent Jet Stream technology significantly enhances sensitivity relative to standard electrospray ionization</li>
<li>Superheated nitrogen sheath gas confines the nebulizer spray and improves desolvation of ions</li>
<li>Improved ion generation and sampling efficiencies for increased signals and noise reduction</li>
<li>Five-to-tenfold improvement in sensitivity over ESI at conventional flowrates (50 µL/min to 2.5 mL/min)</li>
<li>Consistent operating parameters across a wide range of flow rates reduces the need for re-optimization</li>
</ul>","<p>The thermal gradient focusing technology used in the Agilent Jet Stream high sensitivity ion source extends the sensitivity of electrospray ionization for a wide array of applications and flow rates.<br><br>This exclusive technology for high-sensitivity MS uses superheated nitrogen to improve droplet desolvation and ion generation, for a stronger signal and reduced noise. It offers the highest sensitivity for most analytes, and a response that is five-fold higher or more relative to standard electrospray ionization.</p>",,1,"Taxable Goods","Not Visible Individually",500.000000,,,,jet-stream-technology-ion-source-single-tof,"Jet Stream Technology Ion Source","Jet Stream Technology Ion Source","Jet Stream Technology Ion Source 
Agilent Jet Stream technology significantly enhances sensitivity relative to standard electrospray ionization
Superheated nitrogen sheath gas confines the nebulizer spray and improves desolvation of ions
Improved ion g",https://delivery-p158081-e1683323.adobeaemcloud.com/adobe/assets/urn:aaid:aem:123f5e71-16de-41c5-baec-c55b8d53377f,,https://delivery-p158081-e1683323.adobeaemcloud.com/adobe/assets/urn:aaid:aem:123f5e71-16de-41c5-baec-c55b8d53377f,,https://delivery-p158081-e1683323.adobeaemcloud.com/adobe/assets/urn:aaid:aem:123f5e71-16de-41c5-baec-c55b8d53377f,,https://delivery-p158081-e1683323.adobeaemcloud.com/adobe/assets/urn:aaid:aem:123f5e71-16de-41c5-baec-c55b8d53377f,,8/15/26,8/15/26,,,"Block after Info Column",,,,No,,,,,,,"Use config",,"agilent_compatible_instrument=TOF,agilent_nebulizer=Single,asset_role_image=https://delivery-p158081-e1683323.adobeaemcloud.com/adobe/assets/urn:aaid:aem:123f5e71-16de-41c5-baec-c55b8d53377f,asset_role_small_image=https://delivery-p158081-e1683323.adobeaemcloud.com/adobe/assets/urn:aaid:aem:123f5e71-16de-41c5-baec-c55b8d53377f,asset_role_swatch_image=https://delivery-p158081-e1683323.adobeaemcloud.com/adobe/assets/urn:aaid:aem:123f5e71-16de-41c5-baec-c55b8d53377f,asset_role_thumbnail=https://delivery-p158081-e1683323.adobeaemcloud.com/adobe/assets/urn:aaid:aem:123f5e71-16de-41c5-baec-c55b8d53377f",123.0000,0.0000,1,0,0,1,1,1,10000,1,1,1.0000,1,1,1,1,1.0000,1,0,0,0,0,1,,,,,,,https://delivery-p158081-e1683323.adobeaemcloud.com/adobe/assets/urn:aaid:aem:123f5e71-16de-41c5-baec-c55b8d53377f,,,,,,,,,,,,,,,,,,,,,,,,,,,
G1958-Dual-Single,,"Agilent AJS",virtual,"Default Category/Products",base,"Jet Stream Technology Ion Source-Dual-Single","<ul>
<li>Agilent Jet Stream technology significantly enhances sensitivity relative to standard electrospray ionization</li>
<li>Superheated nitrogen sheath gas confines the nebulizer spray and improves desolvation of ions</li>
<li>Improved ion generation and sampling efficiencies for increased signals and noise reduction</li>
<li>Five-to-tenfold improvement in sensitivity over ESI at conventional flowrates (50 µL/min to 2.5 mL/min)</li>
<li>Consistent operating parameters across a wide range of flow rates reduces the need for re-optimization</li>
</ul>","<p>The thermal gradient focusing technology used in the Agilent Jet Stream high sensitivity ion source extends the sensitivity of electrospray ionization for a wide array of applications and flow rates.<br><br>This exclusive technology for high-sensitivity MS uses superheated nitrogen to improve droplet desolvation and ion generation, for a stronger signal and reduced noise. It offers the highest sensitivity for most analytes, and a response that is five-fold higher or more relative to standard electrospray ionization.</p>",,1,"Taxable Goods","Not Visible Individually",1000.000000,,,,jet-stream-technology-ion-source-dual-single,"Jet Stream Technology Ion Source","Jet Stream Technology Ion Source","Jet Stream Technology Ion Source 
Agilent Jet Stream technology significantly enhances sensitivity relative to standard electrospray ionization
Superheated nitrogen sheath gas confines the nebulizer spray and improves desolvation of ions
Improved ion g",https://delivery-p158081-e1683323.adobeaemcloud.com/adobe/assets/urn:aaid:aem:123f5e71-16de-41c5-baec-c55b8d53377f,,https://delivery-p158081-e1683323.adobeaemcloud.com/adobe/assets/urn:aaid:aem:123f5e71-16de-41c5-baec-c55b8d53377f,,https://delivery-p158081-e1683323.adobeaemcloud.com/adobe/assets/urn:aaid:aem:123f5e71-16de-41c5-baec-c55b8d53377f,,https://delivery-p158081-e1683323.adobeaemcloud.com/adobe/assets/urn:aaid:aem:123f5e71-16de-41c5-baec-c55b8d53377f,,8/15/26,8/15/26,,,"Block after Info Column",,,,No,,,,,,,"Use config",,"agilent_compatible_instrument=Single,agilent_nebulizer=Dual,asset_role_image=https://delivery-p158081-e1683323.adobeaemcloud.com/adobe/assets/urn:aaid:aem:123f5e71-16de-41c5-baec-c55b8d53377f,asset_role_small_image=https://delivery-p158081-e1683323.adobeaemcloud.com/adobe/assets/urn:aaid:aem:123f5e71-16de-41c5-baec-c55b8d53377f,asset_role_swatch_image=https://delivery-p158081-e1683323.adobeaemcloud.com/adobe/assets/urn:aaid:aem:123f5e71-16de-41c5-baec-c55b8d53377f,asset_role_thumbnail=https://delivery-p158081-e1683323.adobeaemcloud.com/adobe/assets/urn:aaid:aem:123f5e71-16de-41c5-baec-c55b8d53377f",123.0000,0.0000,1,0,0,1,1,1,10000,1,1,1.0000,1,1,1,1,1.0000,1,0,0,0,0,1,,,,,,,https://delivery-p158081-e1683323.adobeaemcloud.com/adobe/assets/urn:aaid:aem:123f5e71-16de-41c5-baec-c55b8d53377f,,,,,,,,,,,,,,,,,,,,,,,,,,,
G1958-Dual-Triple,,"Agilent AJS",virtual,"Default Category/Products",base,"Jet Stream Technology Ion Source-Dual-Triple","<ul>
<li>Agilent Jet Stream technology significantly enhances sensitivity relative to standard electrospray ionization</li>
<li>Superheated nitrogen sheath gas confines the nebulizer spray and improves desolvation of ions</li>
<li>Improved ion generation and sampling efficiencies for increased signals and noise reduction</li>
<li>Five-to-tenfold improvement in sensitivity over ESI at conventional flowrates (50 µL/min to 2.5 mL/min)</li>
<li>Consistent operating parameters across a wide range of flow rates reduces the need for re-optimization</li>
</ul>","<p>The thermal gradient focusing technology used in the Agilent Jet Stream high sensitivity ion source extends the sensitivity of electrospray ionization for a wide array of applications and flow rates.<br><br>This exclusive technology for high-sensitivity MS uses superheated nitrogen to improve droplet desolvation and ion generation, for a stronger signal and reduced noise. It offers the highest sensitivity for most analytes, and a response that is five-fold higher or more relative to standard electrospray ionization.</p>",,1,"Taxable Goods","Not Visible Individually",1000.000000,,,,jet-stream-technology-ion-source-dual-triple,"Jet Stream Technology Ion Source","Jet Stream Technology Ion Source","Jet Stream Technology Ion Source 
Agilent Jet Stream technology significantly enhances sensitivity relative to standard electrospray ionization
Superheated nitrogen sheath gas confines the nebulizer spray and improves desolvation of ions
Improved ion g",https://delivery-p158081-e1683323.adobeaemcloud.com/adobe/assets/urn:aaid:aem:123f5e71-16de-41c5-baec-c55b8d53377f,,https://delivery-p158081-e1683323.adobeaemcloud.com/adobe/assets/urn:aaid:aem:123f5e71-16de-41c5-baec-c55b8d53377f,,https://delivery-p158081-e1683323.adobeaemcloud.com/adobe/assets/urn:aaid:aem:123f5e71-16de-41c5-baec-c55b8d53377f,,https://delivery-p158081-e1683323.adobeaemcloud.com/adobe/assets/urn:aaid:aem:123f5e71-16de-41c5-baec-c55b8d53377f,,8/15/26,8/15/26,,,"Block after Info Column",,,,No,,,,,,,"Use config",,"agilent_compatible_instrument=Triple,agilent_nebulizer=Dual,asset_role_image=https://delivery-p158081-e1683323.adobeaemcloud.com/adobe/assets/urn:aaid:aem:123f5e71-16de-41c5-baec-c55b8d53377f,asset_role_small_image=https://delivery-p158081-e1683323.adobeaemcloud.com/adobe/assets/urn:aaid:aem:123f5e71-16de-41c5-baec-c55b8d53377f,asset_role_swatch_image=https://delivery-p158081-e1683323.adobeaemcloud.com/adobe/assets/urn:aaid:aem:123f5e71-16de-41c5-baec-c55b8d53377f,asset_role_thumbnail=https://delivery-p158081-e1683323.adobeaemcloud.com/adobe/assets/urn:aaid:aem:123f5e71-16de-41c5-baec-c55b8d53377f",123.0000,0.0000,1,0,0,1,1,1,10000,1,1,1.0000,1,1,1,1,1.0000,1,0,0,0,0,1,,,,,,,https://delivery-p158081-e1683323.adobeaemcloud.com/adobe/assets/urn:aaid:aem:123f5e71-16de-41c5-baec-c55b8d53377f,,,,,,,,,,,,,,,,,,,,,,,,,,,
G1958-Dual-Q-TOF,,"Agilent AJS",virtual,"Default Category/Products",base,"Jet Stream Technology Ion Source-Dual-Q-TOF","<ul>
<li>Agilent Jet Stream technology significantly enhances sensitivity relative to standard electrospray ionization</li>
<li>Superheated nitrogen sheath gas confines the nebulizer spray and improves desolvation of ions</li>
<li>Improved ion generation and sampling efficiencies for increased signals and noise reduction</li>
<li>Five-to-tenfold improvement in sensitivity over ESI at conventional flowrates (50 µL/min to 2.5 mL/min)</li>
<li>Consistent operating parameters across a wide range of flow rates reduces the need for re-optimization</li>
</ul>","<p>The thermal gradient focusing technology used in the Agilent Jet Stream high sensitivity ion source extends the sensitivity of electrospray ionization for a wide array of applications and flow rates.<br><br>This exclusive technology for high-sensitivity MS uses superheated nitrogen to improve droplet desolvation and ion generation, for a stronger signal and reduced noise. It offers the highest sensitivity for most analytes, and a response that is five-fold higher or more relative to standard electrospray ionization.</p>",,1,"Taxable Goods","Not Visible Individually",1000.000000,,,,jet-stream-technology-ion-source-dual-q-tof,"Jet Stream Technology Ion Source","Jet Stream Technology Ion Source","Jet Stream Technology Ion Source 
Agilent Jet Stream technology significantly enhances sensitivity relative to standard electrospray ionization
Superheated nitrogen sheath gas confines the nebulizer spray and improves desolvation of ions
Improved ion g",https://delivery-p158081-e1683323.adobeaemcloud.com/adobe/assets/urn:aaid:aem:123f5e71-16de-41c5-baec-c55b8d53377f,,https://delivery-p158081-e1683323.adobeaemcloud.com/adobe/assets/urn:aaid:aem:123f5e71-16de-41c5-baec-c55b8d53377f,,https://delivery-p158081-e1683323.adobeaemcloud.com/adobe/assets/urn:aaid:aem:123f5e71-16de-41c5-baec-c55b8d53377f,,https://delivery-p158081-e1683323.adobeaemcloud.com/adobe/assets/urn:aaid:aem:123f5e71-16de-41c5-baec-c55b8d53377f,,8/15/26,8/15/26,,,"Block after Info Column",,,,No,,,,,,,"Use config",,"agilent_compatible_instrument=Q-TOF,agilent_nebulizer=Dual,asset_role_image=https://delivery-p158081-e1683323.adobeaemcloud.com/adobe/assets/urn:aaid:aem:123f5e71-16de-41c5-baec-c55b8d53377f,asset_role_small_image=https://delivery-p158081-e1683323.adobeaemcloud.com/adobe/assets/urn:aaid:aem:123f5e71-16de-41c5-baec-c55b8d53377f,asset_role_swatch_image=https://delivery-p158081-e1683323.adobeaemcloud.com/adobe/assets/urn:aaid:aem:123f5e71-16de-41c5-baec-c55b8d53377f,asset_role_thumbnail=https://delivery-p158081-e1683323.adobeaemcloud.com/adobe/assets/urn:aaid:aem:123f5e71-16de-41c5-baec-c55b8d53377f",123.0000,0.0000,1,0,0,1,1,1,10000,1,1,1.0000,1,1,1,1,1.0000,1,0,0,0,0,1,,,,,,,https://delivery-p158081-e1683323.adobeaemcloud.com/adobe/assets/urn:aaid:aem:123f5e71-16de-41c5-baec-c55b8d53377f,,,,,,,,,,,,,,,,,,,,,,,,,,,
G1958-Dual-TOF,,"Agilent AJS",virtual,"Default Category/Products",base,"Jet Stream Technology Ion Source-Dual-TOF","<ul>
<li>Agilent Jet Stream technology significantly enhances sensitivity relative to standard electrospray ionization</li>
<li>Superheated nitrogen sheath gas confines the nebulizer spray and improves desolvation of ions</li>
<li>Improved ion generation and sampling efficiencies for increased signals and noise reduction</li>
<li>Five-to-tenfold improvement in sensitivity over ESI at conventional flowrates (50 µL/min to 2.5 mL/min)</li>
<li>Consistent operating parameters across a wide range of flow rates reduces the need for re-optimization</li>
</ul>","<p>The thermal gradient focusing technology used in the Agilent Jet Stream high sensitivity ion source extends the sensitivity of electrospray ionization for a wide array of applications and flow rates.<br><br>This exclusive technology for high-sensitivity MS uses superheated nitrogen to improve droplet desolvation and ion generation, for a stronger signal and reduced noise. It offers the highest sensitivity for most analytes, and a response that is five-fold higher or more relative to standard electrospray ionization.</p>",,1,"Taxable Goods","Not Visible Individually",1000.000000,,,,jet-stream-technology-ion-source-dual-tof,"Jet Stream Technology Ion Source","Jet Stream Technology Ion Source","Jet Stream Technology Ion Source 
Agilent Jet Stream technology significantly enhances sensitivity relative to standard electrospray ionization
Superheated nitrogen sheath gas confines the nebulizer spray and improves desolvation of ions
Improved ion g",https://delivery-p158081-e1683323.adobeaemcloud.com/adobe/assets/urn:aaid:aem:123f5e71-16de-41c5-baec-c55b8d53377f,,https://delivery-p158081-e1683323.adobeaemcloud.com/adobe/assets/urn:aaid:aem:123f5e71-16de-41c5-baec-c55b8d53377f,,https://delivery-p158081-e1683323.adobeaemcloud.com/adobe/assets/urn:aaid:aem:123f5e71-16de-41c5-baec-c55b8d53377f,,https://delivery-p158081-e1683323.adobeaemcloud.com/adobe/assets/urn:aaid:aem:123f5e71-16de-41c5-baec-c55b8d53377f,,8/15/26,8/15/26,,,"Block after Info Column",,,,No,,,,,,,"Use config",,"agilent_compatible_instrument=TOF,agilent_nebulizer=Dual,asset_role_image=https://delivery-p158081-e1683323.adobeaemcloud.com/adobe/assets/urn:aaid:aem:123f5e71-16de-41c5-baec-c55b8d53377f,asset_role_small_image=https://delivery-p158081-e1683323.adobeaemcloud.com/adobe/assets/urn:aaid:aem:123f5e71-16de-41c5-baec-c55b8d53377f,asset_role_swatch_image=https://delivery-p158081-e1683323.adobeaemcloud.com/adobe/assets/urn:aaid:aem:123f5e71-16de-41c5-baec-c55b8d53377f,asset_role_thumbnail=https://delivery-p158081-e1683323.adobeaemcloud.com/adobe/assets/urn:aaid:aem:123f5e71-16de-41c5-baec-c55b8d53377f",123.0000,0.0000,1,0,0,1,1,1,10000,1,1,1.0000,1,1,1,1,1.0000,1,0,0,0,0,1,,,,,,,https://delivery-p158081-e1683323.adobeaemcloud.com/adobe/assets/urn:aaid:aem:123f5e71-16de-41c5-baec-c55b8d53377f,,,,,,,,,,,,,,,,,,,,,,,,,,,
G1958,,"Agilent AJS",configurable,"Default Category/Products",base,"Jet Stream Technology Ion Source (Config)","<ul>
<li>Agilent Jet Stream technology significantly enhances sensitivity relative to standard electrospray ionization</li>
<li>Superheated nitrogen sheath gas confines the nebulizer spray and improves desolvation of ions</li>
<li>Improved ion generation and sampling efficiencies for increased signals and noise reduction</li>
<li>Five-to-tenfold improvement in sensitivity over ESI at conventional flowrates (50 µL/min to 2.5 mL/min)</li>
<li>Consistent operating parameters across a wide range of flow rates reduces the need for re-optimization</li>
</ul>","<p>The thermal gradient focusing technology used in the Agilent Jet Stream high sensitivity ion source extends the sensitivity of electrospray ionization for a wide array of applications and flow rates.<br><br>This exclusive technology for high-sensitivity MS uses superheated nitrogen to improve droplet desolvation and ion generation, for a stronger signal and reduced noise. It offers the highest sensitivity for most analytes, and a response that is five-fold higher or more relative to standard electrospray ionization.</p>",,1,"Taxable Goods","Catalog, Search",,,,,jet-stream-technology-ion-source,"Jet Stream Technology Ion Source","Jet Stream Technology Ion Source","Jet Stream Technology Ion Source 
Agilent Jet Stream technology significantly enhances sensitivity relative to standard electrospray ionization
Superheated nitrogen sheath gas confines the nebulizer spray and improves desolvation of ions
Improved ion g",https://delivery-p158081-e1683323.adobeaemcloud.com/adobe/assets/urn:aaid:aem:123f5e71-16de-41c5-baec-c55b8d53377f,,https://delivery-p158081-e1683323.adobeaemcloud.com/adobe/assets/urn:aaid:aem:123f5e71-16de-41c5-baec-c55b8d53377f,,https://delivery-p158081-e1683323.adobeaemcloud.com/adobe/assets/urn:aaid:aem:123f5e71-16de-41c5-baec-c55b8d53377f,,https://delivery-p158081-e1683323.adobeaemcloud.com/adobe/assets/urn:aaid:aem:123f5e71-16de-41c5-baec-c55b8d53377f,,8/15/26,8/16/26,,,"Block after Info Column",,,,"Use config",,,,,,,"Use config",,"asset_role_image=https://delivery-p158081-e1683323.adobeaemcloud.com/adobe/assets/urn:aaid:aem:123f5e71-16de-41c5-baec-c55b8d53377f,asset_role_small_image=https://delivery-p158081-e1683323.adobeaemcloud.com/adobe/assets/urn:aaid:aem:123f5e71-16de-41c5-baec-c55b8d53377f,asset_role_swatch_image=https://delivery-p158081-e1683323.adobeaemcloud.com/adobe/assets/urn:aaid:aem:123f5e71-16de-41c5-baec-c55b8d53377f,asset_role_thumbnail=https://delivery-p158081-e1683323.adobeaemcloud.com/adobe/assets/urn:aaid:aem:123f5e71-16de-41c5-baec-c55b8d53377f,gift_wrapping_available=Use config",0.0000,0.0000,1,0,0,1,1,1,10000,1,1,1.0000,1,1,1,1,1.0000,1,0,0,0,0,1,,,,,,,https://delivery-p158081-e1683323.adobeaemcloud.com/adobe/assets/urn:aaid:aem:123f5e71-16de-41c5-baec-c55b8d53377f,,,,,,,,,,,,,,,,,,,,,,,"sku=G1958-Single-Single,agilent_nebulizer=Single,agilent_compatible_instrument=Single|sku=G1958-Single-Triple,agilent_nebulizer=Single,agilent_compatible_instrument=Triple|sku=G1958-Single-Q-TOF,agilent_nebulizer=Single,agilent_compatible_instrument=Q-TOF|sku=G1958-Single-TOF,agilent_nebulizer=Single,agilent_compatible_instrument=TOF|sku=G1958-Dual-Single,agilent_nebulizer=Dual,agilent_compatible_instrument=Single|sku=G1958-Dual-Triple,agilent_nebulizer=Dual,agilent_compatible_instrument=Triple|sku=G1958-Dual-Q-TOF,agilent_nebulizer=Dual,agilent_compatible_instrument=Q-TOF|sku=G1958-Dual-TOF,agilent_nebulizer=Dual,agilent_compatible_instrument=TOF","agilent_nebulizer=Nebulizer Configuration,agilent_compatible_instrument=Compatible Instrument Platform",,,
G1958C,,"Agilent AJS",simple,"Default Category/Products",base,"Agilent Jet Stream Source and enablement kit for Ultivo","<ul>
<li>Agilent Jet Stream technology significantly enhances sensitivity relative to standard electrospray ionization</li>
<li>Superheated nitrogen sheath gas confines the nebulizer spray and improves desolvation of ions</li>
<li>Improved ion generation and sampling efficiencies for increased signals and noise reduction</li>
<li>Five-to-tenfold improvement in sensitivity over ESI at conventional flowrates (50 µL/min to 2.5 mL/min)</li>
<li>Consistent operating parameters across a wide range of flow rates reduces the need for re-optimization</li>
</ul>","<p>The thermal gradient focusing technology used in the Agilent Jet Stream high sensitivity ion source extends the sensitivity of electrospray ionization for a wide array of applications and flow rates.<br><br>This exclusive technology for high-sensitivity MS uses superheated nitrogen to improve droplet desolvation and ion generation, for a stronger signal and reduced noise. It offers the highest sensitivity for most analytes, and a response that is five-fold higher or more relative to standard electrospray ionization.</p>",52.000000,1,"Taxable Goods","Catalog, Search",1200.000000,,,,agilent-jet-stream-source-and-enablement-kit-for-ultivo,"Agilent Jet Stream Source and enablement kit for Ultivo","Agilent Jet Stream Source and enablement kit for Ultivo","Agilent Jet Stream Source and enablement kit for Ultivo 
Agilent Jet Stream technology significantly enhances sensitivity relative to standard electrospray ionization
Superheated nitrogen sheath gas confines the nebulizer spray and improves desolvation ",https://delivery-p158081-e1683323.adobeaemcloud.com/adobe/assets/urn:aaid:aem:123f5e71-16de-41c5-baec-c55b8d53377f,,https://delivery-p158081-e1683323.adobeaemcloud.com/adobe/assets/urn:aaid:aem:123f5e71-16de-41c5-baec-c55b8d53377f,,https://delivery-p158081-e1683323.adobeaemcloud.com/adobe/assets/urn:aaid:aem:123f5e71-16de-41c5-baec-c55b8d53377f,,https://delivery-p158081-e1683323.adobeaemcloud.com/adobe/assets/urn:aaid:aem:123f5e71-16de-41c5-baec-c55b8d53377f,,8/15/26,8/15/26,,,"Block after Info Column",,,,"Use config",,,,,,,"Use config",,"agilent_compatible_instrument=Single,agilent_nebulizer=Single,asset_role_image=https://delivery-p158081-e1683323.adobeaemcloud.com/adobe/assets/urn:aaid:aem:123f5e71-16de-41c5-baec-c55b8d53377f,asset_role_small_image=https://delivery-p158081-e1683323.adobeaemcloud.com/adobe/assets/urn:aaid:aem:123f5e71-16de-41c5-baec-c55b8d53377f,asset_role_swatch_image=https://delivery-p158081-e1683323.adobeaemcloud.com/adobe/assets/urn:aaid:aem:123f5e71-16de-41c5-baec-c55b8d53377f,asset_role_thumbnail=https://delivery-p158081-e1683323.adobeaemcloud.com/adobe/assets/urn:aaid:aem:123f5e71-16de-41c5-baec-c55b8d53377f,gift_wrapping_available=Use config",123.0000,0.0000,1,0,0,1,1,1,10000,1,1,1.0000,1,1,1,1,1.0000,1,0,0,0,0,1,,,,,,,https://delivery-p158081-e1683323.adobeaemcloud.com/adobe/assets/urn:aaid:aem:123f5e71-16de-41c5-baec-c55b8d53377f,,,,,,,,,,,,,,,,,,,,,,,,,,,
G1958B,,"Agilent AJS",simple,"Default Category/Products",base,"Agilent Jet Stream Source","<ul>
<li>Agilent Jet Stream technology significantly enhances sensitivity relative to standard electrospray ionization</li>
<li>Superheated nitrogen sheath gas confines the nebulizer spray and improves desolvation of ions</li>
<li>Improved ion generation and sampling efficiencies for increased signals and noise reduction</li>
<li>Five-to-tenfold improvement in sensitivity over ESI at conventional flowrates (50 µL/min to 2.5 mL/min)</li>
<li>Consistent operating parameters across a wide range of flow rates reduces the need for re-optimization</li>
</ul>","<p>The thermal gradient focusing technology used in the Agilent Jet Stream high sensitivity ion source extends the sensitivity of electrospray ionization for a wide array of applications and flow rates.<br><br>This exclusive technology for high-sensitivity MS uses superheated nitrogen to improve droplet desolvation and ion generation, for a stronger signal and reduced noise. It offers the highest sensitivity for most analytes, and a response that is five-fold higher or more relative to standard electrospray ionization.</p>",52.000000,1,"Taxable Goods","Catalog, Search",1000.000000,,,,agilent-jet-stream-source-and-enablement-kit-for-ultivo-1,,,,https://delivery-p158081-e1683323.adobeaemcloud.com/adobe/assets/urn:aaid:aem:123f5e71-16de-41c5-baec-c55b8d53377f,,https://delivery-p158081-e1683323.adobeaemcloud.com/adobe/assets/urn:aaid:aem:123f5e71-16de-41c5-baec-c55b8d53377f,,https://delivery-p158081-e1683323.adobeaemcloud.com/adobe/assets/urn:aaid:aem:123f5e71-16de-41c5-baec-c55b8d53377f,,https://delivery-p158081-e1683323.adobeaemcloud.com/adobe/assets/urn:aaid:aem:123f5e71-16de-41c5-baec-c55b8d53377f,,8/15/26,8/15/26,,,"Block after Info Column",,,,"Use config",,,,,,,"Use config",,"agilent_compatible_instrument=Single,agilent_nebulizer=Single,asset_role_image=https://delivery-p158081-e1683323.adobeaemcloud.com/adobe/assets/urn:aaid:aem:123f5e71-16de-41c5-baec-c55b8d53377f,asset_role_small_image=https://delivery-p158081-e1683323.adobeaemcloud.com/adobe/assets/urn:aaid:aem:123f5e71-16de-41c5-baec-c55b8d53377f,asset_role_swatch_image=https://delivery-p158081-e1683323.adobeaemcloud.com/adobe/assets/urn:aaid:aem:123f5e71-16de-41c5-baec-c55b8d53377f,asset_role_thumbnail=https://delivery-p158081-e1683323.adobeaemcloud.com/adobe/assets/urn:aaid:aem:123f5e71-16de-41c5-baec-c55b8d53377f,gift_wrapping_available=Use config",123.0000,0.0000,1,0,0,1,1,1,10000,1,1,1.0000,1,1,1,1,1.0000,1,0,0,0,0,1,,,,,,,https://delivery-p158081-e1683323.adobeaemcloud.com/adobe/assets/urn:aaid:aem:123f5e71-16de-41c5-baec-c55b8d53377f,,,,,,,,,,,,,,,,,,,,,,,,,,,
G1958A,,"Agilent AJS",simple,"Default Category/Products",base,"Dual spray JetStream Upgrade","<ul>
<li>Agilent Jet Stream technology significantly enhances sensitivity relative to standard electrospray ionization</li>
<li>Superheated nitrogen sheath gas confines the nebulizer spray and improves desolvation of ions</li>
<li>Improved ion generation and sampling efficiencies for increased signals and noise reduction</li>
<li>Five-to-tenfold improvement in sensitivity over ESI at conventional flowrates (50 µL/min to 2.5 mL/min)</li>
<li>Consistent operating parameters across a wide range of flow rates reduces the need for re-optimization</li>
</ul>","<p>The thermal gradient focusing technology used in the Agilent Jet Stream high sensitivity ion source extends the sensitivity of electrospray ionization for a wide array of applications and flow rates.<br><br>This exclusive technology for high-sensitivity MS uses superheated nitrogen to improve droplet desolvation and ion generation, for a stronger signal and reduced noise. It offers the highest sensitivity for most analytes, and a response that is five-fold higher or more relative to standard electrospray ionization.</p>",52.000000,1,"Taxable Goods","Catalog, Search",275.000000,,,,agilent-jet-stream-source-and-enablement-kit-for-ultivo-2,,,,https://delivery-p158081-e1683323.adobeaemcloud.com/adobe/assets/urn:aaid:aem:123f5e71-16de-41c5-baec-c55b8d53377f,,https://delivery-p158081-e1683323.adobeaemcloud.com/adobe/assets/urn:aaid:aem:123f5e71-16de-41c5-baec-c55b8d53377f,,https://delivery-p158081-e1683323.adobeaemcloud.com/adobe/assets/urn:aaid:aem:123f5e71-16de-41c5-baec-c55b8d53377f,,https://delivery-p158081-e1683323.adobeaemcloud.com/adobe/assets/urn:aaid:aem:123f5e71-16de-41c5-baec-c55b8d53377f,,8/15/26,8/15/26,,,"Block after Info Column",,,,"Use config",,,,,,,"Use config",,"agilent_compatible_instrument=Single,agilent_nebulizer=Single,asset_role_image=https://delivery-p158081-e1683323.adobeaemcloud.com/adobe/assets/urn:aaid:aem:123f5e71-16de-41c5-baec-c55b8d53377f,asset_role_small_image=https://delivery-p158081-e1683323.adobeaemcloud.com/adobe/assets/urn:aaid:aem:123f5e71-16de-41c5-baec-c55b8d53377f,asset_role_swatch_image=https://delivery-p158081-e1683323.adobeaemcloud.com/adobe/assets/urn:aaid:aem:123f5e71-16de-41c5-baec-c55b8d53377f,asset_role_thumbnail=https://delivery-p158081-e1683323.adobeaemcloud.com/adobe/assets/urn:aaid:aem:123f5e71-16de-41c5-baec-c55b8d53377f,gift_wrapping_available=Use config",123.0000,0.0000,1,0,0,1,1,1,10000,1,1,1.0000,1,1,1,1,1.0000,1,0,0,0,0,1,,,,,,,https://delivery-p158081-e1683323.adobeaemcloud.com/adobe/assets/urn:aaid:aem:123f5e71-16de-41c5-baec-c55b8d53377f,,,,,,,,,,,,,,,,,,,,,,,,,,,
G1958-G,,"Agilent AJS",grouped,"Default Category/Products",base,"Jet Stream Technology Ion Source (Group)","<h4 class=""media-heading"" role=""heading"" aria-level=""4""><a id=""LibraryContent_C-1405112895093"" href=""https://www.agilent.com/cs/library/applications/application-LCMS-Plasma-Lipid-Analysis-Method-ZORBAX-Jet-Stream-5991-9280EN-agilent.pdf.pdf"" target=""_blank"" rel=""noopener"">LC/MS Method for Comprehensive Analysis of Plasma Lipids</a></h4>
<p class=""lead"">An Agilent LC system, ZORBAX column and optimized LC gradient were used for fast separation of blood plasma lipids with 15 minutes cycle time injection-to injection.</p>
<ul class=""meta-data"">
<li data-type=""""><span class=""meta-value"">Application Notes</span> </li>
<li data-type=""""><span class=""meta-value"">English</span> </li>
<li data-type=""""><span class=""meta-value"">PDF</span></li>
</ul>","<p>The thermal gradient focusing technology used in the Agilent Jet Stream high sensitivity ion source extends the sensitivity of electrospray ionization for a wide array of applications and flow rates.<br><br>This exclusive technology for high-sensitivity MS uses superheated nitrogen to improve droplet desolvation and ion generation, for a stronger signal and reduced noise. It offers the highest sensitivity for most analytes, and a response that is five-fold higher or more relative to standard electrospray ionization.</p>",,1,,"Catalog, Search",,,,,jet-stream-technology-ion-source-group,"Jet Stream Technology Ion Source (Group)","Jet Stream Technology Ion Source (Group)","Jet Stream Technology Ion Source (Group) LC/MS Method for Comprehensive Analysis of Plasma Lipids
An Agilent LC system, ZORBAX column and optimized LC gradient were used for fast separation of blood plasma lipids with 15 minutes cycle time injection-to i",https://delivery-p158081-e1683323.adobeaemcloud.com/adobe/assets/urn:aaid:aem:123f5e71-16de-41c5-baec-c55b8d53377f,,https://delivery-p158081-e1683323.adobeaemcloud.com/adobe/assets/urn:aaid:aem:123f5e71-16de-41c5-baec-c55b8d53377f,,https://delivery-p158081-e1683323.adobeaemcloud.com/adobe/assets/urn:aaid:aem:123f5e71-16de-41c5-baec-c55b8d53377f,,https://delivery-p158081-e1683323.adobeaemcloud.com/adobe/assets/urn:aaid:aem:123f5e71-16de-41c5-baec-c55b8d53377f,,8/15/26,8/16/26,,,"Block after Info Column",,,,"Use config",,,,,,,,,"agilent_compatible_instrument=Single,agilent_nebulizer=Single,asset_role_image=https://delivery-p158081-e1683323.adobeaemcloud.com/adobe/assets/urn:aaid:aem:123f5e71-16de-41c5-baec-c55b8d53377f,asset_role_small_image=https://delivery-p158081-e1683323.adobeaemcloud.com/adobe/assets/urn:aaid:aem:123f5e71-16de-41c5-baec-c55b8d53377f,asset_role_swatch_image=https://delivery-p158081-e1683323.adobeaemcloud.com/adobe/assets/urn:aaid:aem:123f5e71-16de-41c5-baec-c55b8d53377f,asset_role_thumbnail=https://delivery-p158081-e1683323.adobeaemcloud.com/adobe/assets/urn:aaid:aem:123f5e71-16de-41c5-baec-c55b8d53377f",0.0000,0.0000,1,0,0,1,1,1,10000,1,1,1.0000,1,1,1,1,1.0000,1,0,0,0,0,1,,,,,,,https://delivery-p158081-e1683323.adobeaemcloud.com/adobe/assets/urn:aaid:aem:123f5e71-16de-41c5-baec-c55b8d53377f,,,,,,,,,,,,,,,,,,,,,,,,,,,"G1958A=0.000000,G1958B=0.000000,G1958C=0.000000"
G1958-B,,"Agilent AJS",bundle,"Default Category/Products",base,"Jet Stream Technology Ion Source (Bundle)","<h4 class=""media-heading"" role=""heading"" aria-level=""4""><a id=""LibraryContent_C-1405112895093"" href=""https://www.agilent.com/cs/library/applications/application-LCMS-Plasma-Lipid-Analysis-Method-ZORBAX-Jet-Stream-5991-9280EN-agilent.pdf.pdf"" target=""_blank"" rel=""noopener"">LC/MS Method for Comprehensive Analysis of Plasma Lipids</a></h4>
<p class=""lead"">An Agilent LC system, ZORBAX column and optimized LC gradient were used for fast separation of blood plasma lipids with 15 minutes cycle time injection-to injection.</p>
<ul class=""meta-data"">
<li data-type=""""><span class=""meta-value"">Application Notes</span> </li>
<li data-type=""""><span class=""meta-value"">English</span>  </li>
<li data-type=""""><span class=""meta-value"">PDF</span></li>
</ul>","<p>The thermal gradient focusing technology used in the Agilent Jet Stream high sensitivity ion source extends the sensitivity of electrospray ionization for a wide array of applications and flow rates.<br><br>This exclusive technology for high-sensitivity MS uses superheated nitrogen to improve droplet desolvation and ion generation, for a stronger signal and reduced noise. It offers the highest sensitivity for most analytes, and a response that is five-fold higher or more relative to standard electrospray ionization.</p>",,1,"Taxable Goods","Catalog, Search",,,,,jet-stream-technology-ion-source-bundle,"Jet Stream Technology Ion Source (Bundle)","Jet Stream Technology Ion Source (Bundle)","Jet Stream Technology Ion Source (Bundle) LC/MS Method for Comprehensive Analysis of Plasma Lipids
An Agilent LC system, ZORBAX column and optimized LC gradient were used for fast separation of blood plasma lipids with 15 minutes cycle time injection-to ",https://delivery-p158081-e1683323.adobeaemcloud.com/adobe/assets/urn:aaid:aem:123f5e71-16de-41c5-baec-c55b8d53377f,,https://delivery-p158081-e1683323.adobeaemcloud.com/adobe/assets/urn:aaid:aem:123f5e71-16de-41c5-baec-c55b8d53377f,,https://delivery-p158081-e1683323.adobeaemcloud.com/adobe/assets/urn:aaid:aem:123f5e71-16de-41c5-baec-c55b8d53377f,,https://delivery-p158081-e1683323.adobeaemcloud.com/adobe/assets/urn:aaid:aem:123f5e71-16de-41c5-baec-c55b8d53377f,,8/15/26,8/15/26,,,"Block after Info Column",,,,"Use config",,,,,,,"Use config",,"asset_role_image=https://delivery-p158081-e1683323.adobeaemcloud.com/adobe/assets/urn:aaid:aem:123f5e71-16de-41c5-baec-c55b8d53377f,asset_role_small_image=https://delivery-p158081-e1683323.adobeaemcloud.com/adobe/assets/urn:aaid:aem:123f5e71-16de-41c5-baec-c55b8d53377f,asset_role_swatch_image=https://delivery-p158081-e1683323.adobeaemcloud.com/adobe/assets/urn:aaid:aem:123f5e71-16de-41c5-baec-c55b8d53377f,asset_role_thumbnail=https://delivery-p158081-e1683323.adobeaemcloud.com/adobe/assets/urn:aaid:aem:123f5e71-16de-41c5-baec-c55b8d53377f,gift_wrapping_available=Use config",0.0000,0.0000,1,0,0,1,1,1,10000,1,1,1.0000,1,1,1,1,1.0000,1,0,0,0,0,1,,,,,,,https://delivery-p158081-e1683323.adobeaemcloud.com/adobe/assets/urn:aaid:aem:123f5e71-16de-41c5-baec-c55b8d53377f,,,,,,,,,,,,,,,,,dynamic,dynamic,"Price range",dynamic,"name=Select Products to Bundle,type=multi,required=1,sku=G1958A,price=0.0000,default=0,default_qty=1.0000,price_type=fixed,can_change_qty=0|name=Select Products to Bundle,type=multi,required=1,sku=G1958B,price=0.0000,default=0,default_qty=1.0000,price_type=fixed,can_change_qty=0|name=Select Products to Bundle,type=multi,required=1,sku=G1958C,price=0.0000,default=0,default_qty=1.0000,price_type=fixed,can_change_qty=0",separately,,,,,
G7104C,,Agilent_LC,configurable,"Default Category/Products",base,"1260 Infinity III Prime LC System","<p data-v-64dfe0b9=""""><strong>Featured documents</strong></p>
<div class=""documents-list d-flex flex-column flex-md-row"" data-v-64dfe0b9="""">
<div class=""document-item rounded d-flex flex-column"" tabindex=""0"" data-v-64dfe0b9=""""><a class=""d-flex"" tabindex=""-1"" href=""https://www.agilent.com/cs/library/brochures/br-infinitylab-analytical-hplc-systems-5994-7151EN-agilent.pdf"" target=""_blank"" rel=""noopener"" data-v-64dfe0b9=""""><span data-v-64dfe0b9="""">Brochure</span></a>
<h4 data-v-64dfe0b9="""">Agilent InfinityLab LC Solutions: HPLC Made for Tomorrow</h4>
</div>
<div class=""document-item rounded d-flex flex-column"" tabindex=""0"" data-v-64dfe0b9=""""><a class=""d-flex"" tabindex=""-1"" href=""https://www.agilent.com/cs/library/applications/application-pesticide-analysis-1260-infinity-II-prime-lc-ultivo-lc-ms-ms-5994-1889en-agilent.pdf"" target=""_blank"" rel=""noopener"" data-v-64dfe0b9=""""><span data-v-64dfe0b9="""">Application note</span></a>
<h4 data-v-64dfe0b9="""">Pesticide Analysis with Agilent 1260 Infinity II Prime LC Ultivo Triple Quad LC/MS</h4>
</div>
</div>","<p class=""product-description"" data-v-64dfe0b9="""">The 1260 Infinity III Prime LC System is an analytical high-performance liquid chromatography (HPLC) system, offering the flexibility of both an HPLC and a UHPLC for columns with sub-2 μm particles. It can operate at high pressures and handle flow rates up to 5 mL/min. This HPLC/UHPLC system gives you the utmost confidence in your HPLC results and can be a front end for your LC/MS system.</p>
<ul class=""product-features list-styled flex-column"" data-v-64dfe0b9="""">
<li data-v-64dfe0b9="""">Automates your daily HPLC tasks, ensuring reliable HPLC results</li>
<li data-v-64dfe0b9="""">Delivers gradient formation/mixing performance equivalent to a binary-like system</li>
<li data-v-64dfe0b9="""">Provides excellent retention time reproducibility, accuracy, and precision</li>
<li data-v-64dfe0b9="""">Offers seamless method transfer with Intelligent System Emulation Technology</li>
<li data-v-64dfe0b9="""">Mediates solvent effects with Feed Injection using a Hybrid Multisampler</li>
</ul>
<p> </p>
<p><strong>CONFIGURE PRODUCT</strong></p>",790.000000,1,"Taxable Goods","Catalog, Search",,,,,1260-infinity-iii-prime-lc-system,"1260 Infinity III Prime LC System","1260 Infinity III Prime LC System","1260 Infinity III Prime LC System Featured documents

Brochure
Agilent InfinityLab LC Solutions: HPLC Made for Tomorrow

Application note
Pesticide Analysis with Agilent 1260 Infinity II Prime LC Ultivo Triple Quad LC/MS

",https://delivery-p158081-e1683323.adobeaemcloud.com/adobe/assets/urn:aaid:aem:79465dbd-3975-4688-88a5-badca407a941,,https://delivery-p158081-e1683323.adobeaemcloud.com/adobe/assets/urn:aaid:aem:79465dbd-3975-4688-88a5-badca407a941,,https://delivery-p158081-e1683323.adobeaemcloud.com/adobe/assets/urn:aaid:aem:79465dbd-3975-4688-88a5-badca407a941,,https://delivery-p158081-e1683323.adobeaemcloud.com/adobe/assets/urn:aaid:aem:79465dbd-3975-4688-88a5-badca407a941,,8/16/26,8/16/26,,,"Block after Info Column",,,,"Use config",,,,,,,"Use config",,"asset_role_image=https://delivery-p158081-e1683323.adobeaemcloud.com/adobe/assets/urn:aaid:aem:79465dbd-3975-4688-88a5-badca407a941,asset_role_small_image=https://delivery-p158081-e1683323.adobeaemcloud.com/adobe/assets/urn:aaid:aem:79465dbd-3975-4688-88a5-badca407a941,asset_role_swatch_image=https://delivery-p158081-e1683323.adobeaemcloud.com/adobe/assets/urn:aaid:aem:79465dbd-3975-4688-88a5-badca407a941,asset_role_thumbnail=https://delivery-p158081-e1683323.adobeaemcloud.com/adobe/assets/urn:aaid:aem:79465dbd-3975-4688-88a5-badca407a941,gift_wrapping_available=Use config",0.0000,0.0000,1,0,0,1,1,1,10000,1,1,1.0000,1,1,1,1,1.0000,1,0,0,0,0,1,,,,,,,"https://delivery-p158081-e1683323.adobeaemcloud.com/adobe/assets/urn:aaid:aem:759f08df-da10-4383-801d-92c9a7dcd263,https://delivery-p158081-e1683323.adobeaemcloud.com/adobe/assets/urn:aaid:aem:d7d84840-2c28-4036-934c-2603daad7bea,https://delivery-p158081-e1683323.adobeaemcloud.com/adobe/assets/urn:aaid:aem:4a58aaeb-3c92-43b0-bd83-557ccc56ba58,https://delivery-p158081-e1683323.adobeaemcloud.com/adobe/assets/urn:aaid:aem:783ae11a-c294-4d98-92a1-b3a13b0ba415,https://delivery-p158081-e1683323.adobeaemcloud.com/adobe/assets/urn:aaid:aem:afa9c41f-492b-48aa-b7f3-33f730278d67,https://delivery-p158081-e1683323.adobeaemcloud.com/adobe/assets/urn:aaid:aem:05297de8-d827-4655-bf24-15f884a4e58b,https://delivery-p158081-e1683323.adobeaemcloud.com/adobe/assets/urn:aaid:aem:79465dbd-3975-4688-88a5-badca407a941",",,,,,,",,,,,,,,,,,,,,,,,,,,,,"sku=1260-Solvent-None-DAD HS-Multisampler-Flex,agilent_solvent_fluid_management=Solvent,agilent_optional_secondary_detector=None,agilent_detector=DAD HS,agilent_autosampler=Multisampler,agilent_bench_stack_configuration=Flex|sku=1260-Solvent-None-DAD HS-Multisampler-Benchtop,agilent_solvent_fluid_management=Solvent,agilent_optional_secondary_detector=None,agilent_detector=DAD HS,agilent_autosampler=Multisampler,agilent_bench_stack_configuration=Benchtop|sku=1260-Solvent-None-DAD HS-Multisampler-Stack,agilent_solvent_fluid_management=Solvent,agilent_optional_secondary_detector=None,agilent_detector=DAD HS,agilent_autosampler=Multisampler,agilent_bench_stack_configuration=Stack|sku=1260-Solvent-None-DAD HS-Hybrid Multisampler-Flex,agilent_solvent_fluid_management=Solvent,agilent_optional_secondary_detector=None,agilent_detector=DAD HS,agilent_autosampler=Hybrid Multisampler,agilent_bench_stack_configuration=Flex|sku=1260-Solvent-None-DAD HS-Hybrid Multisampler-Benchtop,agilent_solvent_fluid_management=Solvent,agilent_optional_secondary_detector=None,agilent_detector=DAD HS,agilent_autosampler=Hybrid Multisampler,agilent_bench_stack_configuration=Benchtop|sku=1260-Solvent-None-DAD HS-Hybrid Multisampler-Stack,agilent_solvent_fluid_management=Solvent,agilent_optional_secondary_detector=None,agilent_detector=DAD HS,agilent_autosampler=Hybrid Multisampler,agilent_bench_stack_configuration=Stack|sku=1260-Solvent-None-DAD HS-Vialsampler-Flex,agilent_solvent_fluid_management=Solvent,agilent_optional_secondary_detector=None,agilent_detector=DAD HS,agilent_autosampler=Vialsampler,agilent_bench_stack_configuration=Flex|sku=1260-Solvent-None-DAD HS-Vialsampler-Benchtop,agilent_solvent_fluid_management=Solvent,agilent_optional_secondary_detector=None,agilent_detector=DAD HS,agilent_autosampler=Vialsampler,agilent_bench_stack_configuration=Benchtop|sku=1260-Solvent-None-DAD HS-Vialsampler-Stack,agilent_solvent_fluid_management=Solvent,agilent_optional_secondary_detector=None,agilent_detector=DAD HS,agilent_autosampler=Vialsampler,agilent_bench_stack_configuration=Stack|sku=1260-Solvent-None-DAD WR-Multisampler-Flex,agilent_solvent_fluid_management=Solvent,agilent_optional_secondary_detector=None,agilent_detector=DAD WR,agilent_autosampler=Multisampler,agilent_bench_stack_configuration=Flex|sku=1260-Solvent-None-DAD WR-Multisampler-Benchtop,agilent_solvent_fluid_management=Solvent,agilent_optional_secondary_detector=None,agilent_detector=DAD WR,agilent_autosampler=Multisampler,agilent_bench_stack_configuration=Benchtop|sku=1260-Solvent-None-DAD WR-Multisampler-Stack,agilent_solvent_fluid_management=Solvent,agilent_optional_secondary_detector=None,agilent_detector=DAD WR,agilent_autosampler=Multisampler,agilent_bench_stack_configuration=Stack|sku=1260-Solvent-None-DAD WR-Hybrid Multisampler-Flex,agilent_solvent_fluid_management=Solvent,agilent_optional_secondary_detector=None,agilent_detector=DAD WR,agilent_autosampler=Hybrid Multisampler,agilent_bench_stack_configuration=Flex|sku=1260-Solvent-None-DAD WR-Hybrid Multisampler-Benchtop,agilent_solvent_fluid_management=Solvent,agilent_optional_secondary_detector=None,agilent_detector=DAD WR,agilent_autosampler=Hybrid Multisampler,agilent_bench_stack_configuration=Benchtop|sku=1260-Solvent-None-DAD WR-Hybrid Multisampler-Stack,agilent_solvent_fluid_management=Solvent,agilent_optional_secondary_detector=None,agilent_detector=DAD WR,agilent_autosampler=Hybrid Multisampler,agilent_bench_stack_configuration=Stack|sku=1260-Solvent-None-DAD WR-Vialsampler-Flex,agilent_solvent_fluid_management=Solvent,agilent_optional_secondary_detector=None,agilent_detector=DAD WR,agilent_autosampler=Vialsampler,agilent_bench_stack_configuration=Flex|sku=1260-Solvent-None-DAD WR-Vialsampler-Benchtop,agilent_solvent_fluid_management=Solvent,agilent_optional_secondary_detector=None,agilent_detector=DAD WR,agilent_autosampler=Vialsampler,agilent_bench_stack_configuration=Benchtop|sku=1260-Solvent-None-DAD WR-Vialsampler-Stack,agilent_solvent_fluid_management=Solvent,agilent_optional_secondary_detector=None,agilent_detector=DAD WR,agilent_autosampler=Vialsampler,agilent_bench_stack_configuration=Stack|sku=1260-Solvent-None-VWD-Multisampler-Flex,agilent_solvent_fluid_management=Solvent,agilent_optional_secondary_detector=None,agilent_detector=VWD,agilent_autosampler=Multisampler,agilent_bench_stack_configuration=Flex|sku=1260-Solvent-None-VWD-Multisampler-Benchtop,agilent_solvent_fluid_management=Solvent,agilent_optional_secondary_detector=None,agilent_detector=VWD,agilent_autosampler=Multisampler,agilent_bench_stack_configuration=Benchtop|sku=1260-Solvent-None-VWD-Multisampler-Stack,agilent_solvent_fluid_management=Solvent,agilent_optional_secondary_detector=None,agilent_detector=VWD,agilent_autosampler=Multisampler,agilent_bench_stack_configuration=Stack|sku=1260-Solvent-None-VWD-Hybrid Multisampler-Flex,agilent_solvent_fluid_management=Solvent,agilent_optional_secondary_detector=None,agilent_detector=VWD,agilent_autosampler=Hybrid Multisampler,agilent_bench_stack_configuration=Flex|sku=1260-Solvent-None-VWD-Hybrid Multisampler-Benchtop,agilent_solvent_fluid_management=Solvent,agilent_optional_secondary_detector=None,agilent_detector=VWD,agilent_autosampler=Hybrid Multisampler,agilent_bench_stack_configuration=Benchtop|sku=1260-Solvent-None-VWD-Hybrid Multisampler-Stack,agilent_solvent_fluid_management=Solvent,agilent_optional_secondary_detector=None,agilent_detector=VWD,agilent_autosampler=Hybrid Multisampler,agilent_bench_stack_configuration=Stack|sku=1260-Solvent-None-VWD-Vialsampler-Flex,agilent_solvent_fluid_management=Solvent,agilent_optional_secondary_detector=None,agilent_detector=VWD,agilent_autosampler=Vialsampler,agilent_bench_stack_configuration=Flex|sku=1260-Solvent-None-VWD-Vialsampler-Benchtop,agilent_solvent_fluid_management=Solvent,agilent_optional_secondary_detector=None,agilent_detector=VWD,agilent_autosampler=Vialsampler,agilent_bench_stack_configuration=Benchtop|sku=1260-Solvent-None-VWD-Vialsampler-Stack,agilent_solvent_fluid_management=Solvent,agilent_optional_secondary_detector=None,agilent_detector=VWD,agilent_autosampler=Vialsampler,agilent_bench_stack_configuration=Stack|sku=1260-Solvent-None-FLD-Multisampler-Flex,agilent_solvent_fluid_management=Solvent,agilent_optional_secondary_detector=None,agilent_detector=FLD,agilent_autosampler=Multisampler,agilent_bench_stack_configuration=Flex|sku=1260-Solvent-None-FLD-Multisampler-Benchtop,agilent_solvent_fluid_management=Solvent,agilent_optional_secondary_detector=None,agilent_detector=FLD,agilent_autosampler=Multisampler,agilent_bench_stack_configuration=Benchtop|sku=1260-Solvent-None-FLD-Multisampler-Stack,agilent_solvent_fluid_management=Solvent,agilent_optional_secondary_detector=None,agilent_detector=FLD,agilent_autosampler=Multisampler,agilent_bench_stack_configuration=Stack|sku=1260-Solvent-None-FLD-Hybrid Multisampler-Flex,agilent_solvent_fluid_management=Solvent,agilent_optional_secondary_detector=None,agilent_detector=FLD,agilent_autosampler=Hybrid Multisampler,agilent_bench_stack_configuration=Flex|sku=1260-Solvent-None-FLD-Hybrid Multisampler-Benchtop,agilent_solvent_fluid_management=Solvent,agilent_optional_secondary_detector=None,agilent_detector=FLD,agilent_autosampler=Hybrid Multisampler,agilent_bench_stack_configuration=Benchtop|sku=1260-Solvent-None-FLD-Hybrid Multisampler-Stack,agilent_solvent_fluid_management=Solvent,agilent_optional_secondary_detector=None,agilent_detector=FLD,agilent_autosampler=Hybrid Multisampler,agilent_bench_stack_configuration=Stack|sku=1260-Solvent-None-FLD-Vialsampler-Flex,agilent_solvent_fluid_management=Solvent,agilent_optional_secondary_detector=None,agilent_detector=FLD,agilent_autosampler=Vialsampler,agilent_bench_stack_configuration=Flex|sku=1260-Solvent-None-FLD-Vialsampler-Benchtop,agilent_solvent_fluid_management=Solvent,agilent_optional_secondary_detector=None,agilent_detector=FLD,agilent_autosampler=Vialsampler,agilent_bench_stack_configuration=Benchtop|sku=1260-Solvent-None-FLD-Vialsampler-Stack,agilent_solvent_fluid_management=Solvent,agilent_optional_secondary_detector=None,agilent_detector=FLD,agilent_autosampler=Vialsampler,agilent_bench_stack_configuration=Stack|sku=1260-Solvent-None-RID-Multisampler-Flex,agilent_solvent_fluid_management=Solvent,agilent_optional_secondary_detector=None,agilent_detector=RID,agilent_autosampler=Multisampler,agilent_bench_stack_configuration=Flex|sku=1260-Solvent-None-RID-Multisampler-Benchtop,agilent_solvent_fluid_management=Solvent,agilent_optional_secondary_detector=None,agilent_detector=RID,agilent_autosampler=Multisampler,agilent_bench_stack_configuration=Benchtop|sku=1260-Solvent-None-RID-Multisampler-Stack,agilent_solvent_fluid_management=Solvent,agilent_optional_secondary_detector=None,agilent_detector=RID,agilent_autosampler=Multisampler,agilent_bench_stack_configuration=Stack|sku=1260-Solvent-None-RID-Hybrid Multisampler-Flex,agilent_solvent_fluid_management=Solvent,agilent_optional_secondary_detector=None,agilent_detector=RID,agilent_autosampler=Hybrid Multisampler,agilent_bench_stack_configuration=Flex|sku=1260-Solvent-None-RID-Hybrid Multisampler-Benchtop,agilent_solvent_fluid_management=Solvent,agilent_optional_secondary_detector=None,agilent_detector=RID,agilent_autosampler=Hybrid Multisampler,agilent_bench_stack_configuration=Benchtop|sku=1260-Solvent-None-RID-Hybrid Multisampler-Stack,agilent_solvent_fluid_management=Solvent,agilent_optional_secondary_detector=None,agilent_detector=RID,agilent_autosampler=Hybrid Multisampler,agilent_bench_stack_configuration=Stack|sku=1260-Solvent-None-RID-Vialsampler-Flex,agilent_solvent_fluid_management=Solvent,agilent_optional_secondary_detector=None,agilent_detector=RID,agilent_autosampler=Vialsampler,agilent_bench_stack_configuration=Flex|sku=1260-Solvent-None-RID-Vialsampler-Benchtop,agilent_solvent_fluid_management=Solvent,agilent_optional_secondary_detector=None,agilent_detector=RID,agilent_autosampler=Vialsampler,agilent_bench_stack_configuration=Benchtop|sku=1260-Solvent-None-RID-Vialsampler-Stack,agilent_solvent_fluid_management=Solvent,agilent_optional_secondary_detector=None,agilent_detector=RID,agilent_autosampler=Vialsampler,agilent_bench_stack_configuration=Stack|sku=1260-Solvent-ELSD-DAD HS-Multisampler-Flex,agilent_solvent_fluid_management=Solvent,agilent_optional_secondary_detector=ELSD,agilent_detector=DAD HS,agilent_autosampler=Multisampler,agilent_bench_stack_configuration=Flex|sku=1260-Solvent-ELSD-DAD HS-Multisampler-Benchtop,agilent_solvent_fluid_management=Solvent,agilent_optional_secondary_detector=ELSD,agilent_detector=DAD HS,agilent_autosampler=Multisampler,agilent_bench_stack_configuration=Benchtop|sku=1260-Solvent-ELSD-DAD HS-Multisampler-Stack,agilent_solvent_fluid_management=Solvent,agilent_optional_secondary_detector=ELSD,agilent_detector=DAD HS,agilent_autosampler=Multisampler,agilent_bench_stack_configuration=Stack|sku=1260-Solvent-ELSD-DAD HS-Hybrid Multisampler-Flex,agilent_solvent_fluid_management=Solvent,agilent_optional_secondary_detector=ELSD,agilent_detector=DAD HS,agilent_autosampler=Hybrid Multisampler,agilent_bench_stack_configuration=Flex|sku=1260-Solvent-ELSD-DAD HS-Hybrid Multisampler-Benchtop,agilent_solvent_fluid_management=Solvent,agilent_optional_secondary_detector=ELSD,agilent_detector=DAD HS,agilent_autosampler=Hybrid Multisampler,agilent_bench_stack_configuration=Benchtop|sku=1260-Solvent-ELSD-DAD HS-Hybrid Multisampler-Stack,agilent_solvent_fluid_management=Solvent,agilent_optional_secondary_detector=ELSD,agilent_detector=DAD HS,agilent_autosampler=Hybrid Multisampler,agilent_bench_stack_configuration=Stack|sku=1260-Solvent-ELSD-DAD HS-Vialsampler-Flex,agilent_solvent_fluid_management=Solvent,agilent_optional_secondary_detector=ELSD,agilent_detector=DAD HS,agilent_autosampler=Vialsampler,agilent_bench_stack_configuration=Flex|sku=1260-Solvent-ELSD-DAD HS-Vialsampler-Benchtop,agilent_solvent_fluid_management=Solvent,agilent_optional_secondary_detector=ELSD,agilent_detector=DAD HS,agilent_autosampler=Vialsampler,agilent_bench_stack_configuration=Benchtop|sku=1260-Solvent-ELSD-DAD HS-Vialsampler-Stack,agilent_solvent_fluid_management=Solvent,agilent_optional_secondary_detector=ELSD,agilent_detector=DAD HS,agilent_autosampler=Vialsampler,agilent_bench_stack_configuration=Stack|sku=1260-Solvent-ELSD-DAD WR-Multisampler-Flex,agilent_solvent_fluid_management=Solvent,agilent_optional_secondary_detector=ELSD,agilent_detector=DAD WR,agilent_autosampler=Multisampler,agilent_bench_stack_configuration=Flex|sku=1260-Solvent-ELSD-DAD WR-Multisampler-Benchtop,agilent_solvent_fluid_management=Solvent,agilent_optional_secondary_detector=ELSD,agilent_detector=DAD WR,agilent_autosampler=Multisampler,agilent_bench_stack_configuration=Benchtop|sku=1260-Solvent-ELSD-DAD WR-Multisampler-Stack,agilent_solvent_fluid_management=Solvent,agilent_optional_secondary_detector=ELSD,agilent_detector=DAD WR,agilent_autosampler=Multisampler,agilent_bench_stack_configuration=Stack|sku=1260-Solvent-ELSD-DAD WR-Hybrid Multisampler-Flex,agilent_solvent_fluid_management=Solvent,agilent_optional_secondary_detector=ELSD,agilent_detector=DAD WR,agilent_autosampler=Hybrid Multisampler,agilent_bench_stack_configuration=Flex|sku=1260-Solvent-ELSD-DAD WR-Hybrid Multisampler-Benchtop,agilent_solvent_fluid_management=Solvent,agilent_optional_secondary_detector=ELSD,agilent_detector=DAD WR,agilent_autosampler=Hybrid Multisampler,agilent_bench_stack_configuration=Benchtop|sku=1260-Solvent-ELSD-DAD WR-Hybrid Multisampler-Stack,agilent_solvent_fluid_management=Solvent,agilent_optional_secondary_detector=ELSD,agilent_detector=DAD WR,agilent_autosampler=Hybrid Multisampler,agilent_bench_stack_configuration=Stack|sku=1260-Solvent-ELSD-DAD WR-Vialsampler-Flex,agilent_solvent_fluid_management=Solvent,agilent_optional_secondary_detector=ELSD,agilent_detector=DAD WR,agilent_autosampler=Vialsampler,agilent_bench_stack_configuration=Flex|sku=1260-Solvent-ELSD-DAD WR-Vialsampler-Benchtop,agilent_solvent_fluid_management=Solvent,agilent_optional_secondary_detector=ELSD,agilent_detector=DAD WR,agilent_autosampler=Vialsampler,agilent_bench_stack_configuration=Benchtop|sku=1260-Solvent-ELSD-DAD WR-Vialsampler-Stack,agilent_solvent_fluid_management=Solvent,agilent_optional_secondary_detector=ELSD,agilent_detector=DAD WR,agilent_autosampler=Vialsampler,agilent_bench_stack_configuration=Stack|sku=1260-Solvent-ELSD-VWD-Multisampler-Flex,agilent_solvent_fluid_management=Solvent,agilent_optional_secondary_detector=ELSD,agilent_detector=VWD,agilent_autosampler=Multisampler,agilent_bench_stack_configuration=Flex|sku=1260-Solvent-ELSD-VWD-Multisampler-Benchtop,agilent_solvent_fluid_management=Solvent,agilent_optional_secondary_detector=ELSD,agilent_detector=VWD,agilent_autosampler=Multisampler,agilent_bench_stack_configuration=Benchtop|sku=1260-Solvent-ELSD-VWD-Multisampler-Stack,agilent_solvent_fluid_management=Solvent,agilent_optional_secondary_detector=ELSD,agilent_detector=VWD,agilent_autosampler=Multisampler,agilent_bench_stack_configuration=Stack|sku=1260-Solvent-ELSD-VWD-Hybrid Multisampler-Flex,agilent_solvent_fluid_management=Solvent,agilent_optional_secondary_detector=ELSD,agilent_detector=VWD,agilent_autosampler=Hybrid Multisampler,agilent_bench_stack_configuration=Flex|sku=1260-Solvent-ELSD-VWD-Hybrid Multisampler-Benchtop,agilent_solvent_fluid_management=Solvent,agilent_optional_secondary_detector=ELSD,agilent_detector=VWD,agilent_autosampler=Hybrid Multisampler,agilent_bench_stack_configuration=Benchtop|sku=1260-Solvent-ELSD-VWD-Hybrid Multisampler-Stack,agilent_solvent_fluid_management=Solvent,agilent_optional_secondary_detector=ELSD,agilent_detector=VWD,agilent_autosampler=Hybrid Multisampler,agilent_bench_stack_configuration=Stack|sku=1260-Solvent-ELSD-VWD-Vialsampler-Flex,agilent_solvent_fluid_management=Solvent,agilent_optional_secondary_detector=ELSD,agilent_detector=VWD,agilent_autosampler=Vialsampler,agilent_bench_stack_configuration=Flex|sku=1260-Solvent-ELSD-VWD-Vialsampler-Benchtop,agilent_solvent_fluid_management=Solvent,agilent_optional_secondary_detector=ELSD,agilent_detector=VWD,agilent_autosampler=Vialsampler,agilent_bench_stack_configuration=Benchtop|sku=1260-Solvent-ELSD-VWD-Vialsampler-Stack,agilent_solvent_fluid_management=Solvent,agilent_optional_secondary_detector=ELSD,agilent_detector=VWD,agilent_autosampler=Vialsampler,agilent_bench_stack_configuration=Stack|sku=1260-Solvent-ELSD-FLD-Multisampler-Flex,agilent_solvent_fluid_management=Solvent,agilent_optional_secondary_detector=ELSD,agilent_detector=FLD,agilent_autosampler=Multisampler,agilent_bench_stack_configuration=Flex|sku=1260-Solvent-ELSD-FLD-Multisampler-Benchtop,agilent_solvent_fluid_management=Solvent,agilent_optional_secondary_detector=ELSD,agilent_detector=FLD,agilent_autosampler=Multisampler,agilent_bench_stack_configuration=Benchtop|sku=1260-Solvent-ELSD-FLD-Multisampler-Stack,agilent_solvent_fluid_management=Solvent,agilent_optional_secondary_detector=ELSD,agilent_detector=FLD,agilent_autosampler=Multisampler,agilent_bench_stack_configuration=Stack|sku=1260-Solvent-ELSD-FLD-Hybrid Multisampler-Flex,agilent_solvent_fluid_management=Solvent,agilent_optional_secondary_detector=ELSD,agilent_detector=FLD,agilent_autosampler=Hybrid Multisampler,agilent_bench_stack_configuration=Flex|sku=1260-Solvent-ELSD-FLD-Hybrid Multisampler-Benchtop,agilent_solvent_fluid_management=Solvent,agilent_optional_secondary_detector=ELSD,agilent_detector=FLD,agilent_autosampler=Hybrid Multisampler,agilent_bench_stack_configuration=Benchtop|sku=1260-Solvent-ELSD-FLD-Hybrid Multisampler-Stack,agilent_solvent_fluid_management=Solvent,agilent_optional_secondary_detector=ELSD,agilent_detector=FLD,agilent_autosampler=Hybrid Multisampler,agilent_bench_stack_configuration=Stack|sku=1260-Solvent-ELSD-FLD-Vialsampler-Flex,agilent_solvent_fluid_management=Solvent,agilent_optional_secondary_detector=ELSD,agilent_detector=FLD,agilent_autosampler=Vialsampler,agilent_bench_stack_configuration=Flex|sku=1260-Solvent-ELSD-FLD-Vialsampler-Benchtop,agilent_solvent_fluid_management=Solvent,agilent_optional_secondary_detector=ELSD,agilent_detector=FLD,agilent_autosampler=Vialsampler,agilent_bench_stack_configuration=Benchtop|sku=1260-Solvent-ELSD-FLD-Vialsampler-Stack,agilent_solvent_fluid_management=Solvent,agilent_optional_secondary_detector=ELSD,agilent_detector=FLD,agilent_autosampler=Vialsampler,agilent_bench_stack_configuration=Stack|sku=1260-Solvent-ELSD-RID-Multisampler-Flex,agilent_solvent_fluid_management=Solvent,agilent_optional_secondary_detector=ELSD,agilent_detector=RID,agilent_autosampler=Multisampler,agilent_bench_stack_configuration=Flex|sku=1260-Solvent-ELSD-RID-Multisampler-Benchtop,agilent_solvent_fluid_management=Solvent,agilent_optional_secondary_detector=ELSD,agilent_detector=RID,agilent_autosampler=Multisampler,agilent_bench_stack_configuration=Benchtop|sku=1260-Solvent-ELSD-RID-Multisampler-Stack,agilent_solvent_fluid_management=Solvent,agilent_optional_secondary_detector=ELSD,agilent_detector=RID,agilent_autosampler=Multisampler,agilent_bench_stack_configuration=Stack|sku=1260-Solvent-ELSD-RID-Hybrid Multisampler-Flex,agilent_solvent_fluid_management=Solvent,agilent_optional_secondary_detector=ELSD,agilent_detector=RID,agilent_autosampler=Hybrid Multisampler,agilent_bench_stack_configuration=Flex|sku=1260-Solvent-ELSD-RID-Hybrid Multisampler-Benchtop,agilent_solvent_fluid_management=Solvent,agilent_optional_secondary_detector=ELSD,agilent_detector=RID,agilent_autosampler=Hybrid Multisampler,agilent_bench_stack_configuration=Benchtop|sku=1260-Solvent-ELSD-RID-Hybrid Multisampler-Stack,agilent_solvent_fluid_management=Solvent,agilent_optional_secondary_detector=ELSD,agilent_detector=RID,agilent_autosampler=Hybrid Multisampler,agilent_bench_stack_configuration=Stack|sku=1260-Solvent-ELSD-RID-Vialsampler-Flex,agilent_solvent_fluid_management=Solvent,agilent_optional_secondary_detector=ELSD,agilent_detector=RID,agilent_autosampler=Vialsampler,agilent_bench_stack_configuration=Flex|sku=1260-Solvent-ELSD-RID-Vialsampler-Benchtop,agilent_solvent_fluid_management=Solvent,agilent_optional_secondary_detector=ELSD,agilent_detector=RID,agilent_autosampler=Vialsampler,agilent_bench_stack_configuration=Benchtop|sku=1260-Solvent-ELSD-RID-Vialsampler-Stack,agilent_solvent_fluid_management=Solvent,agilent_optional_secondary_detector=ELSD,agilent_detector=RID,agilent_autosampler=Vialsampler,agilent_bench_stack_configuration=Stack|sku=1260-Level Sensing-None-DAD HS-Multisampler-Flex,agilent_solvent_fluid_management=Level Sensing,agilent_optional_secondary_detector=None,agilent_detector=DAD HS,agilent_autosampler=Multisampler,agilent_bench_stack_configuration=Flex|sku=1260-Level Sensing-None-DAD HS-Multisampler-Benchtop,agilent_solvent_fluid_management=Level Sensing,agilent_optional_secondary_detector=None,agilent_detector=DAD HS,agilent_autosampler=Multisampler,agilent_bench_stack_configuration=Benchtop|sku=1260-Level Sensing-None-DAD HS-Multisampler-Stack,agilent_solvent_fluid_management=Level Sensing,agilent_optional_secondary_detector=None,agilent_detector=DAD HS,agilent_autosampler=Multisampler,agilent_bench_stack_configuration=Stack|sku=1260-Level Sensing-None-DAD HS-Hybrid Multisampler-Flex,agilent_solvent_fluid_management=Level Sensing,agilent_optional_secondary_detector=None,agilent_detector=DAD HS,agilent_autosampler=Hybrid Multisampler,agilent_bench_stack_configuration=Flex|sku=1260-Level Sensing-None-DAD HS-Hybrid Multisampler-Benchtop,agilent_solvent_fluid_management=Level Sensing,agilent_optional_secondary_detector=None,agilent_detector=DAD HS,agilent_autosampler=Hybrid Multisampler,agilent_bench_stack_configuration=Benchtop|sku=1260-Level Sensing-None-DAD HS-Hybrid Multisampler-Stack,agilent_solvent_fluid_management=Level Sensing,agilent_optional_secondary_detector=None,agilent_detector=DAD HS,agilent_autosampler=Hybrid Multisampler,agilent_bench_stack_configuration=Stack|sku=1260-Level Sensing-None-DAD HS-Vialsampler-Flex,agilent_solvent_fluid_management=Level Sensing,agilent_optional_secondary_detector=None,agilent_detector=DAD HS,agilent_autosampler=Vialsampler,agilent_bench_stack_configuration=Flex|sku=1260-Level Sensing-None-DAD HS-Vialsampler-Benchtop,agilent_solvent_fluid_management=Level Sensing,agilent_optional_secondary_detector=None,agilent_detector=DAD HS,agilent_autosampler=Vialsampler,agilent_bench_stack_configuration=Benchtop|sku=1260-Level Sensing-None-DAD HS-Vialsampler-Stack,agilent_solvent_fluid_management=Level Sensing,agilent_optional_secondary_detector=None,agilent_detector=DAD HS,agilent_autosampler=Vialsampler,agilent_bench_stack_configuration=Stack|sku=1260-Level Sensing-None-DAD WR-Multisampler-Flex,agilent_solvent_fluid_management=Level Sensing,agilent_optional_secondary_detector=None,agilent_detector=DAD WR,agilent_autosampler=Multisampler,agilent_bench_stack_configuration=Flex|sku=1260-Level Sensing-None-DAD WR-Multisampler-Benchtop,agilent_solvent_fluid_management=Level Sensing,agilent_optional_secondary_detector=None,agilent_detector=DAD WR,agilent_autosampler=Multisampler,agilent_bench_stack_configuration=Benchtop|sku=1260-Level Sensing-None-DAD WR-Multisampler-Stack,agilent_solvent_fluid_management=Level Sensing,agilent_optional_secondary_detector=None,agilent_detector=DAD WR,agilent_autosampler=Multisampler,agilent_bench_stack_configuration=Stack|sku=1260-Level Sensing-None-DAD WR-Hybrid Multisampler-Flex,agilent_solvent_fluid_management=Level Sensing,agilent_optional_secondary_detector=None,agilent_detector=DAD WR,agilent_autosampler=Hybrid Multisampler,agilent_bench_stack_configuration=Flex|sku=1260-Level Sensing-None-DAD WR-Hybrid Multisampler-Benchtop,agilent_solvent_fluid_management=Level Sensing,agilent_optional_secondary_detector=None,agilent_detector=DAD WR,agilent_autosampler=Hybrid Multisampler,agilent_bench_stack_configuration=Benchtop|sku=1260-Level Sensing-None-DAD WR-Hybrid Multisampler-Stack,agilent_solvent_fluid_management=Level Sensing,agilent_optional_secondary_detector=None,agilent_detector=DAD WR,agilent_autosampler=Hybrid Multisampler,agilent_bench_stack_configuration=Stack|sku=1260-Level Sensing-None-DAD WR-Vialsampler-Flex,agilent_solvent_fluid_management=Level Sensing,agilent_optional_secondary_detector=None,agilent_detector=DAD WR,agilent_autosampler=Vialsampler,agilent_bench_stack_configuration=Flex|sku=1260-Level Sensing-None-DAD WR-Vialsampler-Benchtop,agilent_solvent_fluid_management=Level Sensing,agilent_optional_secondary_detector=None,agilent_detector=DAD WR,agilent_autosampler=Vialsampler,agilent_bench_stack_configuration=Benchtop|sku=1260-Level Sensing-None-DAD WR-Vialsampler-Stack,agilent_solvent_fluid_management=Level Sensing,agilent_optional_secondary_detector=None,agilent_detector=DAD WR,agilent_autosampler=Vialsampler,agilent_bench_stack_configuration=Stack|sku=1260-Level Sensing-None-VWD-Multisampler-Flex,agilent_solvent_fluid_management=Level Sensing,agilent_optional_secondary_detector=None,agilent_detector=VWD,agilent_autosampler=Multisampler,agilent_bench_stack_configuration=Flex|sku=1260-Level Sensing-None-VWD-Multisampler-Benchtop,agilent_solvent_fluid_management=Level Sensing,agilent_optional_secondary_detector=None,agilent_detector=VWD,agilent_autosampler=Multisampler,agilent_bench_stack_configuration=Benchtop|sku=1260-Level Sensing-None-VWD-Multisampler-Stack,agilent_solvent_fluid_management=Level Sensing,agilent_optional_secondary_detector=None,agilent_detector=VWD,agilent_autosampler=Multisampler,agilent_bench_stack_configuration=Stack|sku=1260-Level Sensing-None-VWD-Hybrid Multisampler-Flex,agilent_solvent_fluid_management=Level Sensing,agilent_optional_secondary_detector=None,agilent_detector=VWD,agilent_autosampler=Hybrid Multisampler,agilent_bench_stack_configuration=Flex|sku=1260-Level Sensing-None-VWD-Hybrid Multisampler-Benchtop,agilent_solvent_fluid_management=Level Sensing,agilent_optional_secondary_detector=None,agilent_detector=VWD,agilent_autosampler=Hybrid Multisampler,agilent_bench_stack_configuration=Benchtop|sku=1260-Level Sensing-None-VWD-Hybrid Multisampler-Stack,agilent_solvent_fluid_management=Level Sensing,agilent_optional_secondary_detector=None,agilent_detector=VWD,agilent_autosampler=Hybrid Multisampler,agilent_bench_stack_configuration=Stack|sku=1260-Level Sensing-None-VWD-Vialsampler-Flex,agilent_solvent_fluid_management=Level Sensing,agilent_optional_secondary_detector=None,agilent_detector=VWD,agilent_autosampler=Vialsampler,agilent_bench_stack_configuration=Flex|sku=1260-Level Sensing-None-VWD-Vialsampler-Benchtop,agilent_solvent_fluid_management=Level Sensing,agilent_optional_secondary_detector=None,agilent_detector=VWD,agilent_autosampler=Vialsampler,agilent_bench_stack_configuration=Benchtop|sku=1260-Level Sensing-None-VWD-Vialsampler-Stack,agilent_solvent_fluid_management=Level Sensing,agilent_optional_secondary_detector=None,agilent_detector=VWD,agilent_autosampler=Vialsampler,agilent_bench_stack_configuration=Stack|sku=1260-Level Sensing-None-FLD-Multisampler-Flex,agilent_solvent_fluid_management=Level Sensing,agilent_optional_secondary_detector=None,agilent_detector=FLD,agilent_autosampler=Multisampler,agilent_bench_stack_configuration=Flex|sku=1260-Level Sensing-None-FLD-Multisampler-Benchtop,agilent_solvent_fluid_management=Level Sensing,agilent_optional_secondary_detector=None,agilent_detector=FLD,agilent_autosampler=Multisampler,agilent_bench_stack_configuration=Benchtop|sku=1260-Level Sensing-None-FLD-Multisampler-Stack,agilent_solvent_fluid_management=Level Sensing,agilent_optional_secondary_detector=None,agilent_detector=FLD,agilent_autosampler=Multisampler,agilent_bench_stack_configuration=Stack|sku=1260-Level Sensing-None-FLD-Hybrid Multisampler-Flex,agilent_solvent_fluid_management=Level Sensing,agilent_optional_secondary_detector=None,agilent_detector=FLD,agilent_autosampler=Hybrid Multisampler,agilent_bench_stack_configuration=Flex|sku=1260-Level Sensing-None-FLD-Hybrid Multisampler-Benchtop,agilent_solvent_fluid_management=Level Sensing,agilent_optional_secondary_detector=None,agilent_detector=FLD,agilent_autosampler=Hybrid Multisampler,agilent_bench_stack_configuration=Benchtop|sku=1260-Level Sensing-None-FLD-Hybrid Multisampler-Stack,agilent_solvent_fluid_management=Level Sensing,agilent_optional_secondary_detector=None,agilent_detector=FLD,agilent_autosampler=Hybrid Multisampler,agilent_bench_stack_configuration=Stack|sku=1260-Level Sensing-None-FLD-Vialsampler-Flex,agilent_solvent_fluid_management=Level Sensing,agilent_optional_secondary_detector=None,agilent_detector=FLD,agilent_autosampler=Vialsampler,agilent_bench_stack_configuration=Flex|sku=1260-Level Sensing-None-FLD-Vialsampler-Benchtop,agilent_solvent_fluid_management=Level Sensing,agilent_optional_secondary_detector=None,agilent_detector=FLD,agilent_autosampler=Vialsampler,agilent_bench_stack_configuration=Benchtop|sku=1260-Level Sensing-None-FLD-Vialsampler-Stack,agilent_solvent_fluid_management=Level Sensing,agilent_optional_secondary_detector=None,agilent_detector=FLD,agilent_autosampler=Vialsampler,agilent_bench_stack_configuration=Stack|sku=1260-Level Sensing-None-RID-Multisampler-Flex,agilent_solvent_fluid_management=Level Sensing,agilent_optional_secondary_detector=None,agilent_detector=RID,agilent_autosampler=Multisampler,agilent_bench_stack_configuration=Flex|sku=1260-Level Sensing-None-RID-Multisampler-Benchtop,agilent_solvent_fluid_management=Level Sensing,agilent_optional_secondary_detector=None,agilent_detector=RID,agilent_autosampler=Multisampler,agilent_bench_stack_configuration=Benchtop|sku=1260-Level Sensing-None-RID-Multisampler-Stack,agilent_solvent_fluid_management=Level Sensing,agilent_optional_secondary_detector=None,agilent_detector=RID,agilent_autosampler=Multisampler,agilent_bench_stack_configuration=Stack|sku=1260-Level Sensing-None-RID-Hybrid Multisampler-Flex,agilent_solvent_fluid_management=Level Sensing,agilent_optional_secondary_detector=None,agilent_detector=RID,agilent_autosampler=Hybrid Multisampler,agilent_bench_stack_configuration=Flex|sku=1260-Level Sensing-None-RID-Hybrid Multisampler-Benchtop,agilent_solvent_fluid_management=Level Sensing,agilent_optional_secondary_detector=None,agilent_detector=RID,agilent_autosampler=Hybrid Multisampler,agilent_bench_stack_configuration=Benchtop|sku=1260-Level Sensing-None-RID-Hybrid Multisampler-Stack,agilent_solvent_fluid_management=Level Sensing,agilent_optional_secondary_detector=None,agilent_detector=RID,agilent_autosampler=Hybrid Multisampler,agilent_bench_stack_configuration=Stack|sku=1260-Level Sensing-None-RID-Vialsampler-Flex,agilent_solvent_fluid_management=Level Sensing,agilent_optional_secondary_detector=None,agilent_detector=RID,agilent_autosampler=Vialsampler,agilent_bench_stack_configuration=Flex|sku=1260-Level Sensing-None-RID-Vialsampler-Benchtop,agilent_solvent_fluid_management=Level Sensing,agilent_optional_secondary_detector=None,agilent_detector=RID,agilent_autosampler=Vialsampler,agilent_bench_stack_configuration=Benchtop|sku=1260-Level Sensing-None-RID-Vialsampler-Stack,agilent_solvent_fluid_management=Level Sensing,agilent_optional_secondary_detector=None,agilent_detector=RID,agilent_autosampler=Vialsampler,agilent_bench_stack_configuration=Stack|sku=1260-Level Sensing-ELSD-DAD HS-Multisampler-Flex,agilent_solvent_fluid_management=Level Sensing,agilent_optional_secondary_detector=ELSD,agilent_detector=DAD HS,agilent_autosampler=Multisampler,agilent_bench_stack_configuration=Flex|sku=1260-Level Sensing-ELSD-DAD HS-Multisampler-Benchtop,agilent_solvent_fluid_management=Level Sensing,agilent_optional_secondary_detector=ELSD,agilent_detector=DAD HS,agilent_autosampler=Multisampler,agilent_bench_stack_configuration=Benchtop|sku=1260-Level Sensing-ELSD-DAD HS-Multisampler-Stack,agilent_solvent_fluid_management=Level Sensing,agilent_optional_secondary_detector=ELSD,agilent_detector=DAD HS,agilent_autosampler=Multisampler,agilent_bench_stack_configuration=Stack|sku=1260-Level Sensing-ELSD-DAD HS-Hybrid Multisampler-Flex,agilent_solvent_fluid_management=Level Sensing,agilent_optional_secondary_detector=ELSD,agilent_detector=DAD HS,agilent_autosampler=Hybrid Multisampler,agilent_bench_stack_configuration=Flex|sku=1260-Level Sensing-ELSD-DAD HS-Hybrid Multisampler-Benchtop,agilent_solvent_fluid_management=Level Sensing,agilent_optional_secondary_detector=ELSD,agilent_detector=DAD HS,agilent_autosampler=Hybrid Multisampler,agilent_bench_stack_configuration=Benchtop|sku=1260-Level Sensing-ELSD-DAD HS-Hybrid Multisampler-Stack,agilent_solvent_fluid_management=Level Sensing,agilent_optional_secondary_detector=ELSD,agilent_detector=DAD HS,agilent_autosampler=Hybrid Multisampler,agilent_bench_stack_configuration=Stack|sku=1260-Level Sensing-ELSD-DAD HS-Vialsampler-Flex,agilent_solvent_fluid_management=Level Sensing,agilent_optional_secondary_detector=ELSD,agilent_detector=DAD HS,agilent_autosampler=Vialsampler,agilent_bench_stack_configuration=Flex|sku=1260-Level Sensing-ELSD-DAD HS-Vialsampler-Benchtop,agilent_solvent_fluid_management=Level Sensing,agilent_optional_secondary_detector=ELSD,agilent_detector=DAD HS,agilent_autosampler=Vialsampler,agilent_bench_stack_configuration=Benchtop|sku=1260-Level Sensing-ELSD-DAD HS-Vialsampler-Stack,agilent_solvent_fluid_management=Level Sensing,agilent_optional_secondary_detector=ELSD,agilent_detector=DAD HS,agilent_autosampler=Vialsampler,agilent_bench_stack_configuration=Stack|sku=1260-Level Sensing-ELSD-DAD WR-Multisampler-Flex,agilent_solvent_fluid_management=Level Sensing,agilent_optional_secondary_detector=ELSD,agilent_detector=DAD WR,agilent_autosampler=Multisampler,agilent_bench_stack_configuration=Flex|sku=1260-Level Sensing-ELSD-DAD WR-Multisampler-Benchtop,agilent_solvent_fluid_management=Level Sensing,agilent_optional_secondary_detector=ELSD,agilent_detector=DAD WR,agilent_autosampler=Multisampler,agilent_bench_stack_configuration=Benchtop|sku=1260-Level Sensing-ELSD-DAD WR-Multisampler-Stack,agilent_solvent_fluid_management=Level Sensing,agilent_optional_secondary_detector=ELSD,agilent_detector=DAD WR,agilent_autosampler=Multisampler,agilent_bench_stack_configuration=Stack|sku=1260-Level Sensing-ELSD-DAD WR-Hybrid Multisampler-Flex,agilent_solvent_fluid_management=Level Sensing,agilent_optional_secondary_detector=ELSD,agilent_detector=DAD WR,agilent_autosampler=Hybrid Multisampler,agilent_bench_stack_configuration=Flex|sku=1260-Level Sensing-ELSD-DAD WR-Hybrid Multisampler-Benchtop,agilent_solvent_fluid_management=Level Sensing,agilent_optional_secondary_detector=ELSD,agilent_detector=DAD WR,agilent_autosampler=Hybrid Multisampler,agilent_bench_stack_configuration=Benchtop|sku=1260-Level Sensing-ELSD-DAD WR-Hybrid Multisampler-Stack,agilent_solvent_fluid_management=Level Sensing,agilent_optional_secondary_detector=ELSD,agilent_detector=DAD WR,agilent_autosampler=Hybrid Multisampler,agilent_bench_stack_configuration=Stack|sku=1260-Level Sensing-ELSD-DAD WR-Vialsampler-Flex,agilent_solvent_fluid_management=Level Sensing,agilent_optional_secondary_detector=ELSD,agilent_detector=DAD WR,agilent_autosampler=Vialsampler,agilent_bench_stack_configuration=Flex|sku=1260-Level Sensing-ELSD-DAD WR-Vialsampler-Benchtop,agilent_solvent_fluid_management=Level Sensing,agilent_optional_secondary_detector=ELSD,agilent_detector=DAD WR,agilent_autosampler=Vialsampler,agilent_bench_stack_configuration=Benchtop|sku=1260-Level Sensing-ELSD-DAD WR-Vialsampler-Stack,agilent_solvent_fluid_management=Level Sensing,agilent_optional_secondary_detector=ELSD,agilent_detector=DAD WR,agilent_autosampler=Vialsampler,agilent_bench_stack_configuration=Stack|sku=1260-Level Sensing-ELSD-VWD-Multisampler-Flex,agilent_solvent_fluid_management=Level Sensing,agilent_optional_secondary_detector=ELSD,agilent_detector=VWD,agilent_autosampler=Multisampler,agilent_bench_stack_configuration=Flex|sku=1260-Level Sensing-ELSD-VWD-Multisampler-Benchtop,agilent_solvent_fluid_management=Level Sensing,agilent_optional_secondary_detector=ELSD,agilent_detector=VWD,agilent_autosampler=Multisampler,agilent_bench_stack_configuration=Benchtop|sku=1260-Level Sensing-ELSD-VWD-Multisampler-Stack,agilent_solvent_fluid_management=Level Sensing,agilent_optional_secondary_detector=ELSD,agilent_detector=VWD,agilent_autosampler=Multisampler,agilent_bench_stack_configuration=Stack|sku=1260-Level Sensing-ELSD-VWD-Hybrid Multisampler-Flex,agilent_solvent_fluid_management=Level Sensing,agilent_optional_secondary_detector=ELSD,agilent_detector=VWD,agilent_autosampler=Hybrid Multisampler,agilent_bench_stack_configuration=Flex|sku=1260-Level Sensing-ELSD-VWD-Hybrid Multisampler-Benchtop,agilent_solvent_fluid_management=Level Sensing,agilent_optional_secondary_detector=ELSD,agilent_detector=VWD,agilent_autosampler=Hybrid Multisampler,agilent_bench_stack_configuration=Benchtop|sku=1260-Level Sensing-ELSD-VWD-Hybrid Multisampler-Stack,agilent_solvent_fluid_management=Level Sensing,agilent_optional_secondary_detector=ELSD,agilent_detector=VWD,agilent_autosampler=Hybrid Multisampler,agilent_bench_stack_configuration=Stack|sku=1260-Level Sensing-ELSD-VWD-Vialsampler-Flex,agilent_solvent_fluid_management=Level Sensing,agilent_optional_secondary_detector=ELSD,agilent_detector=VWD,agilent_autosampler=Vialsampler,agilent_bench_stack_configuration=Flex|sku=1260-Level Sensing-ELSD-VWD-Vialsampler-Benchtop,agilent_solvent_fluid_management=Level Sensing,agilent_optional_secondary_detector=ELSD,agilent_detector=VWD,agilent_autosampler=Vialsampler,agilent_bench_stack_configuration=Benchtop|sku=1260-Level Sensing-ELSD-VWD-Vialsampler-Stack,agilent_solvent_fluid_management=Level Sensing,agilent_optional_secondary_detector=ELSD,agilent_detector=VWD,agilent_autosampler=Vialsampler,agilent_bench_stack_configuration=Stack|sku=1260-Level Sensing-ELSD-FLD-Multisampler-Flex,agilent_solvent_fluid_management=Level Sensing,agilent_optional_secondary_detector=ELSD,agilent_detector=FLD,agilent_autosampler=Multisampler,agilent_bench_stack_configuration=Flex|sku=1260-Level Sensing-ELSD-FLD-Multisampler-Benchtop,agilent_solvent_fluid_management=Level Sensing,agilent_optional_secondary_detector=ELSD,agilent_detector=FLD,agilent_autosampler=Multisampler,agilent_bench_stack_configuration=Benchtop|sku=1260-Level Sensing-ELSD-FLD-Multisampler-Stack,agilent_solvent_fluid_management=Level Sensing,agilent_optional_secondary_detector=ELSD,agilent_detector=FLD,agilent_autosampler=Multisampler,agilent_bench_stack_configuration=Stack|sku=1260-Level Sensing-ELSD-FLD-Hybrid Multisampler-Flex,agilent_solvent_fluid_management=Level Sensing,agilent_optional_secondary_detector=ELSD,agilent_detector=FLD,agilent_autosampler=Hybrid Multisampler,agilent_bench_stack_configuration=Flex|sku=1260-Level Sensing-ELSD-FLD-Hybrid Multisampler-Benchtop,agilent_solvent_fluid_management=Level Sensing,agilent_optional_secondary_detector=ELSD,agilent_detector=FLD,agilent_autosampler=Hybrid Multisampler,agilent_bench_stack_configuration=Benchtop|sku=1260-Level Sensing-ELSD-FLD-Hybrid Multisampler-Stack,agilent_solvent_fluid_management=Level Sensing,agilent_optional_secondary_detector=ELSD,agilent_detector=FLD,agilent_autosampler=Hybrid Multisampler,agilent_bench_stack_configuration=Stack|sku=1260-Level Sensing-ELSD-FLD-Vialsampler-Flex,agilent_solvent_fluid_management=Level Sensing,agilent_optional_secondary_detector=ELSD,agilent_detector=FLD,agilent_autosampler=Vialsampler,agilent_bench_stack_configuration=Flex|sku=1260-Level Sensing-ELSD-FLD-Vialsampler-Benchtop,agilent_solvent_fluid_management=Level Sensing,agilent_optional_secondary_detector=ELSD,agilent_detector=FLD,agilent_autosampler=Vialsampler,agilent_bench_stack_configuration=Benchtop|sku=1260-Level Sensing-ELSD-FLD-Vialsampler-Stack,agilent_solvent_fluid_management=Level Sensing,agilent_optional_secondary_detector=ELSD,agilent_detector=FLD,agilent_autosampler=Vialsampler,agilent_bench_stack_configuration=Stack|sku=1260-Level Sensing-ELSD-RID-Multisampler-Flex,agilent_solvent_fluid_management=Level Sensing,agilent_optional_secondary_detector=ELSD,agilent_detector=RID,agilent_autosampler=Multisampler,agilent_bench_stack_configuration=Flex|sku=1260-Level Sensing-ELSD-RID-Multisampler-Benchtop,agilent_solvent_fluid_management=Level Sensing,agilent_optional_secondary_detector=ELSD,agilent_detector=RID,agilent_autosampler=Multisampler,agilent_bench_stack_configuration=Benchtop|sku=1260-Level Sensing-ELSD-RID-Multisampler-Stack,agilent_solvent_fluid_management=Level Sensing,agilent_optional_secondary_detector=ELSD,agilent_detector=RID,agilent_autosampler=Multisampler,agilent_bench_stack_configuration=Stack|sku=1260-Level Sensing-ELSD-RID-Hybrid Multisampler-Flex,agilent_solvent_fluid_management=Level Sensing,agilent_optional_secondary_detector=ELSD,agilent_detector=RID,agilent_autosampler=Hybrid Multisampler,agilent_bench_stack_configuration=Flex|sku=1260-Level Sensing-ELSD-RID-Hybrid Multisampler-Benchtop,agilent_solvent_fluid_management=Level Sensing,agilent_optional_secondary_detector=ELSD,agilent_detector=RID,agilent_autosampler=Hybrid Multisampler,agilent_bench_stack_configuration=Benchtop|sku=1260-Level Sensing-ELSD-RID-Hybrid Multisampler-Stack,agilent_solvent_fluid_management=Level Sensing,agilent_optional_secondary_detector=ELSD,agilent_detector=RID,agilent_autosampler=Hybrid Multisampler,agilent_bench_stack_configuration=Stack|sku=1260-Level Sensing-ELSD-RID-Vialsampler-Flex,agilent_solvent_fluid_management=Level Sensing,agilent_optional_secondary_detector=ELSD,agilent_detector=RID,agilent_autosampler=Vialsampler,agilent_bench_stack_configuration=Flex|sku=1260-Level Sensing-ELSD-RID-Vialsampler-Benchtop,agilent_solvent_fluid_management=Level Sensing,agilent_optional_secondary_detector=ELSD,agilent_detector=RID,agilent_autosampler=Vialsampler,agilent_bench_stack_configuration=Benchtop|sku=1260-Level Sensing-ELSD-RID-Vialsampler-Stack,agilent_solvent_fluid_management=Level Sensing,agilent_optional_secondary_detector=ELSD,agilent_detector=RID,agilent_autosampler=Vialsampler,agilent_bench_stack_configuration=Stack","agilent_solvent_fluid_management=Solvent / Fluid Management,agilent_optional_secondary_detector=Optional Secondary Detector,agilent_detector=Detector,agilent_autosampler=Autosampler / Injector,agilent_bench_stack_configuration=Bench / Stack Configuration",,,
"1260-Solvent-None-DAD HS-Multisampler-Flex",,Agilent_LC,simple,"Default Category/Products",base,"1260 Infinity III Prime LC System-Solvent-None-DAD HS-Multisampler-Flex","<p data-v-64dfe0b9=""""><strong>Featured documents</strong></p>
<div class=""documents-list d-flex flex-column flex-md-row"" data-v-64dfe0b9="""">
<div class=""document-item rounded d-flex flex-column"" tabindex=""0"" data-v-64dfe0b9=""""><a class=""d-flex"" tabindex=""-1"" href=""https://www.agilent.com/cs/library/brochures/br-infinitylab-analytical-hplc-systems-5994-7151EN-agilent.pdf"" target=""_blank"" rel=""noopener"" data-v-64dfe0b9=""""><span data-v-64dfe0b9="""">Brochure</span></a>
<h4 data-v-64dfe0b9="""">Agilent InfinityLab LC Solutions: HPLC Made for Tomorrow</h4>
</div>
<div class=""document-item rounded d-flex flex-column"" tabindex=""0"" data-v-64dfe0b9=""""><a class=""d-flex"" tabindex=""-1"" href=""https://www.agilent.com/cs/library/applications/application-pesticide-analysis-1260-infinity-II-prime-lc-ultivo-lc-ms-ms-5994-1889en-agilent.pdf"" target=""_blank"" rel=""noopener"" data-v-64dfe0b9=""""><span data-v-64dfe0b9="""">Application note</span></a>
<h4 data-v-64dfe0b9="""">Pesticide Analysis with Agilent 1260 Infinity II Prime LC Ultivo Triple Quad LC/MS</h4>
</div>
</div>","<p class=""product-description"" data-v-64dfe0b9="""">The 1260 Infinity III Prime LC System is an analytical high-performance liquid chromatography (HPLC) system, offering the flexibility of both an HPLC and a UHPLC for columns with sub-2 μm particles. It can operate at high pressures and handle flow rates up to 5 mL/min. This HPLC/UHPLC system gives you the utmost confidence in your HPLC results and can be a front end for your LC/MS system.</p>
<p class=""product-ul"" data-v-64dfe0b9=""""> </p>
<ul class=""product-features list-styled flex-column"" data-v-64dfe0b9="""">
<li data-v-64dfe0b9="""">Automates your daily HPLC tasks, ensuring reliable HPLC results</li>
<li data-v-64dfe0b9="""">Delivers gradient formation/mixing performance equivalent to a binary-like system</li>
<li data-v-64dfe0b9="""">Provides excellent retention time reproducibility, accuracy, and precision</li>
<li data-v-64dfe0b9="""">Offers seamless method transfer with Intelligent System Emulation Technology</li>
<li data-v-64dfe0b9="""">Mediates solvent effects with Feed Injection using a Hybrid Multisampler</li>
</ul>
<p> </p>",790.000000,1,"Taxable Goods","Not Visible Individually",5000.000000,,,,1260-infinity-iii-prime-lc-system-solvent-none-dad-hs-multisampler-flex,"1260 Infinity III Prime LC System","1260 Infinity III Prime LC System","1260 Infinity III Prime LC System Featured documents

Brochure
Agilent InfinityLab LC Solutions: HPLC Made for Tomorrow

Application note
Pesticide Analysis with Agilent 1260 Infinity II Prime LC Ultivo Triple Quad LC/MS

",,,,,,,,,8/16/26,8/16/26,,,"Block after Info Column",,,,No,,,,,,,"Use config",,"agilent_autosampler=Multisampler,agilent_bench_stack_configuration=Flex,agilent_detector=DAD HS,agilent_optional_secondary_detector=None,agilent_solvent_fluid_management=Solvent,gift_wrapping_available=Yes",123.0000,0.0000,1,0,0,1,1,1,10000,1,1,1.0000,1,1,1,1,1.0000,1,0,0,0,0,1,,,,,,,,,,,,,,,,,,,,,,,,,,,,,,,,,,
"1260-Solvent-None-DAD HS-Multisampler-Benchtop",,Agilent_LC,simple,"Default Category/Products",base,"1260 Infinity III Prime LC System-Solvent-None-DAD HS-Multisampler-Benchtop","<p data-v-64dfe0b9=""""><strong>Featured documents</strong></p>
<div class=""documents-list d-flex flex-column flex-md-row"" data-v-64dfe0b9="""">
<div class=""document-item rounded d-flex flex-column"" tabindex=""0"" data-v-64dfe0b9=""""><a class=""d-flex"" tabindex=""-1"" href=""https://www.agilent.com/cs/library/brochures/br-infinitylab-analytical-hplc-systems-5994-7151EN-agilent.pdf"" target=""_blank"" rel=""noopener"" data-v-64dfe0b9=""""><span data-v-64dfe0b9="""">Brochure</span></a>
<h4 data-v-64dfe0b9="""">Agilent InfinityLab LC Solutions: HPLC Made for Tomorrow</h4>
</div>
<div class=""document-item rounded d-flex flex-column"" tabindex=""0"" data-v-64dfe0b9=""""><a class=""d-flex"" tabindex=""-1"" href=""https://www.agilent.com/cs/library/applications/application-pesticide-analysis-1260-infinity-II-prime-lc-ultivo-lc-ms-ms-5994-1889en-agilent.pdf"" target=""_blank"" rel=""noopener"" data-v-64dfe0b9=""""><span data-v-64dfe0b9="""">Application note</span></a>
<h4 data-v-64dfe0b9="""">Pesticide Analysis with Agilent 1260 Infinity II Prime LC Ultivo Triple Quad LC/MS</h4>
</div>
</div>","<p class=""product-description"" data-v-64dfe0b9="""">The 1260 Infinity III Prime LC System is an analytical high-performance liquid chromatography (HPLC) system, offering the flexibility of both an HPLC and a UHPLC for columns with sub-2 μm particles. It can operate at high pressures and handle flow rates up to 5 mL/min. This HPLC/UHPLC system gives you the utmost confidence in your HPLC results and can be a front end for your LC/MS system.</p>
<p class=""product-ul"" data-v-64dfe0b9=""""> </p>
<ul class=""product-features list-styled flex-column"" data-v-64dfe0b9="""">
<li data-v-64dfe0b9="""">Automates your daily HPLC tasks, ensuring reliable HPLC results</li>
<li data-v-64dfe0b9="""">Delivers gradient formation/mixing performance equivalent to a binary-like system</li>
<li data-v-64dfe0b9="""">Provides excellent retention time reproducibility, accuracy, and precision</li>
<li data-v-64dfe0b9="""">Offers seamless method transfer with Intelligent System Emulation Technology</li>
<li data-v-64dfe0b9="""">Mediates solvent effects with Feed Injection using a Hybrid Multisampler</li>
</ul>
<p> </p>",790.000000,1,"Taxable Goods","Not Visible Individually",5000.000000,,,,1260-infinity-iii-prime-lc-system-solvent-none-dad-hs-multisampler-benchtop,"1260 Infinity III Prime LC System","1260 Infinity III Prime LC System","1260 Infinity III Prime LC System Featured documents

Brochure
Agilent InfinityLab LC Solutions: HPLC Made for Tomorrow

Application note
Pesticide Analysis with Agilent 1260 Infinity II Prime LC Ultivo Triple Quad LC/MS

",,,,,,,,,8/16/26,8/16/26,,,"Block after Info Column",,,,No,,,,,,,"Use config",,"agilent_autosampler=Multisampler,agilent_bench_stack_configuration=Benchtop,agilent_detector=DAD HS,agilent_optional_secondary_detector=None,agilent_solvent_fluid_management=Solvent,gift_wrapping_available=Yes",123.0000,0.0000,1,0,0,1,1,1,10000,1,1,1.0000,1,1,1,1,1.0000,1,0,0,0,0,1,,,,,,,,,,,,,,,,,,,,,,,,,,,,,,,,,,
"1260-Solvent-None-DAD HS-Multisampler-Stack",,Agilent_LC,simple,"Default Category/Products",base,"1260 Infinity III Prime LC System-Solvent-None-DAD HS-Multisampler-Stack","<p data-v-64dfe0b9=""""><strong>Featured documents</strong></p>
<div class=""documents-list d-flex flex-column flex-md-row"" data-v-64dfe0b9="""">
<div class=""document-item rounded d-flex flex-column"" tabindex=""0"" data-v-64dfe0b9=""""><a class=""d-flex"" tabindex=""-1"" href=""https://www.agilent.com/cs/library/brochures/br-infinitylab-analytical-hplc-systems-5994-7151EN-agilent.pdf"" target=""_blank"" rel=""noopener"" data-v-64dfe0b9=""""><span data-v-64dfe0b9="""">Brochure</span></a>
<h4 data-v-64dfe0b9="""">Agilent InfinityLab LC Solutions: HPLC Made for Tomorrow</h4>
</div>
<div class=""document-item rounded d-flex flex-column"" tabindex=""0"" data-v-64dfe0b9=""""><a class=""d-flex"" tabindex=""-1"" href=""https://www.agilent.com/cs/library/applications/application-pesticide-analysis-1260-infinity-II-prime-lc-ultivo-lc-ms-ms-5994-1889en-agilent.pdf"" target=""_blank"" rel=""noopener"" data-v-64dfe0b9=""""><span data-v-64dfe0b9="""">Application note</span></a>
<h4 data-v-64dfe0b9="""">Pesticide Analysis with Agilent 1260 Infinity II Prime LC Ultivo Triple Quad LC/MS</h4>
</div>
</div>","<p class=""product-description"" data-v-64dfe0b9="""">The 1260 Infinity III Prime LC System is an analytical high-performance liquid chromatography (HPLC) system, offering the flexibility of both an HPLC and a UHPLC for columns with sub-2 μm particles. It can operate at high pressures and handle flow rates up to 5 mL/min. This HPLC/UHPLC system gives you the utmost confidence in your HPLC results and can be a front end for your LC/MS system.</p>
<p class=""product-ul"" data-v-64dfe0b9=""""> </p>
<ul class=""product-features list-styled flex-column"" data-v-64dfe0b9="""">
<li data-v-64dfe0b9="""">Automates your daily HPLC tasks, ensuring reliable HPLC results</li>
<li data-v-64dfe0b9="""">Delivers gradient formation/mixing performance equivalent to a binary-like system</li>
<li data-v-64dfe0b9="""">Provides excellent retention time reproducibility, accuracy, and precision</li>
<li data-v-64dfe0b9="""">Offers seamless method transfer with Intelligent System Emulation Technology</li>
<li data-v-64dfe0b9="""">Mediates solvent effects with Feed Injection using a Hybrid Multisampler</li>
</ul>
<p> </p>",790.000000,1,"Taxable Goods","Not Visible Individually",5000.000000,,,,1260-infinity-iii-prime-lc-system-solvent-none-dad-hs-multisampler-stack,"1260 Infinity III Prime LC System","1260 Infinity III Prime LC System","1260 Infinity III Prime LC System Featured documents

Brochure
Agilent InfinityLab LC Solutions: HPLC Made for Tomorrow

Application note
Pesticide Analysis with Agilent 1260 Infinity II Prime LC Ultivo Triple Quad LC/MS

",,,,,,,,,8/16/26,8/16/26,,,"Block after Info Column",,,,No,,,,,,,"Use config",,"agilent_autosampler=Multisampler,agilent_bench_stack_configuration=Stack,agilent_detector=DAD HS,agilent_optional_secondary_detector=None,agilent_solvent_fluid_management=Solvent,gift_wrapping_available=Yes",123.0000,0.0000,1,0,0,1,1,1,10000,1,1,1.0000,1,1,1,1,1.0000,1,0,0,0,0,1,,,,,,,,,,,,,,,,,,,,,,,,,,,,,,,,,,
"1260-Solvent-None-DAD HS-Hybrid Multisampler-Flex",,Agilent_LC,simple,"Default Category/Products",base,"1260 Infinity III Prime LC System-Solvent-None-DAD HS-Hybrid Multisampler-Flex","<p data-v-64dfe0b9=""""><strong>Featured documents</strong></p>
<div class=""documents-list d-flex flex-column flex-md-row"" data-v-64dfe0b9="""">
<div class=""document-item rounded d-flex flex-column"" tabindex=""0"" data-v-64dfe0b9=""""><a class=""d-flex"" tabindex=""-1"" href=""https://www.agilent.com/cs/library/brochures/br-infinitylab-analytical-hplc-systems-5994-7151EN-agilent.pdf"" target=""_blank"" rel=""noopener"" data-v-64dfe0b9=""""><span data-v-64dfe0b9="""">Brochure</span></a>
<h4 data-v-64dfe0b9="""">Agilent InfinityLab LC Solutions: HPLC Made for Tomorrow</h4>
</div>
<div class=""document-item rounded d-flex flex-column"" tabindex=""0"" data-v-64dfe0b9=""""><a class=""d-flex"" tabindex=""-1"" href=""https://www.agilent.com/cs/library/applications/application-pesticide-analysis-1260-infinity-II-prime-lc-ultivo-lc-ms-ms-5994-1889en-agilent.pdf"" target=""_blank"" rel=""noopener"" data-v-64dfe0b9=""""><span data-v-64dfe0b9="""">Application note</span></a>
<h4 data-v-64dfe0b9="""">Pesticide Analysis with Agilent 1260 Infinity II Prime LC Ultivo Triple Quad LC/MS</h4>
</div>
</div>","<p class=""product-description"" data-v-64dfe0b9="""">The 1260 Infinity III Prime LC System is an analytical high-performance liquid chromatography (HPLC) system, offering the flexibility of both an HPLC and a UHPLC for columns with sub-2 μm particles. It can operate at high pressures and handle flow rates up to 5 mL/min. This HPLC/UHPLC system gives you the utmost confidence in your HPLC results and can be a front end for your LC/MS system.</p>
<p class=""product-ul"" data-v-64dfe0b9=""""> </p>
<ul class=""product-features list-styled flex-column"" data-v-64dfe0b9="""">
<li data-v-64dfe0b9="""">Automates your daily HPLC tasks, ensuring reliable HPLC results</li>
<li data-v-64dfe0b9="""">Delivers gradient formation/mixing performance equivalent to a binary-like system</li>
<li data-v-64dfe0b9="""">Provides excellent retention time reproducibility, accuracy, and precision</li>
<li data-v-64dfe0b9="""">Offers seamless method transfer with Intelligent System Emulation Technology</li>
<li data-v-64dfe0b9="""">Mediates solvent effects with Feed Injection using a Hybrid Multisampler</li>
</ul>
<p> </p>",790.000000,1,"Taxable Goods","Not Visible Individually",5000.000000,,,,1260-infinity-iii-prime-lc-system-solvent-none-dad-hs-hybrid-multisampler-flex,"1260 Infinity III Prime LC System","1260 Infinity III Prime LC System","1260 Infinity III Prime LC System Featured documents

Brochure
Agilent InfinityLab LC Solutions: HPLC Made for Tomorrow

Application note
Pesticide Analysis with Agilent 1260 Infinity II Prime LC Ultivo Triple Quad LC/MS

",,,,,,,,,8/16/26,8/16/26,,,"Block after Info Column",,,,No,,,,,,,"Use config",,"agilent_autosampler=Hybrid Multisampler,agilent_bench_stack_configuration=Flex,agilent_detector=DAD HS,agilent_optional_secondary_detector=None,agilent_solvent_fluid_management=Solvent,gift_wrapping_available=Yes",123.0000,0.0000,1,0,0,1,1,1,10000,1,1,1.0000,1,1,1,1,1.0000,1,0,0,0,0,1,,,,,,,,,,,,,,,,,,,,,,,,,,,,,,,,,,
"1260-Solvent-None-DAD HS-Hybrid Multisampler-Benchtop",,Agilent_LC,simple,"Default Category/Products",base,"1260 Infinity III Prime LC System-Solvent-None-DAD HS-Hybrid Multisampler-Benchtop","<p data-v-64dfe0b9=""""><strong>Featured documents</strong></p>
<div class=""documents-list d-flex flex-column flex-md-row"" data-v-64dfe0b9="""">
<div class=""document-item rounded d-flex flex-column"" tabindex=""0"" data-v-64dfe0b9=""""><a class=""d-flex"" tabindex=""-1"" href=""https://www.agilent.com/cs/library/brochures/br-infinitylab-analytical-hplc-systems-5994-7151EN-agilent.pdf"" target=""_blank"" rel=""noopener"" data-v-64dfe0b9=""""><span data-v-64dfe0b9="""">Brochure</span></a>
<h4 data-v-64dfe0b9="""">Agilent InfinityLab LC Solutions: HPLC Made for Tomorrow</h4>
</div>
<div class=""document-item rounded d-flex flex-column"" tabindex=""0"" data-v-64dfe0b9=""""><a class=""d-flex"" tabindex=""-1"" href=""https://www.agilent.com/cs/library/applications/application-pesticide-analysis-1260-infinity-II-prime-lc-ultivo-lc-ms-ms-5994-1889en-agilent.pdf"" target=""_blank"" rel=""noopener"" data-v-64dfe0b9=""""><span data-v-64dfe0b9="""">Application note</span></a>
<h4 data-v-64dfe0b9="""">Pesticide Analysis with Agilent 1260 Infinity II Prime LC Ultivo Triple Quad LC/MS</h4>
</div>
</div>","<p class=""product-description"" data-v-64dfe0b9="""">The 1260 Infinity III Prime LC System is an analytical high-performance liquid chromatography (HPLC) system, offering the flexibility of both an HPLC and a UHPLC for columns with sub-2 μm particles. It can operate at high pressures and handle flow rates up to 5 mL/min. This HPLC/UHPLC system gives you the utmost confidence in your HPLC results and can be a front end for your LC/MS system.</p>
<p class=""product-ul"" data-v-64dfe0b9=""""> </p>
<ul class=""product-features list-styled flex-column"" data-v-64dfe0b9="""">
<li data-v-64dfe0b9="""">Automates your daily HPLC tasks, ensuring reliable HPLC results</li>
<li data-v-64dfe0b9="""">Delivers gradient formation/mixing performance equivalent to a binary-like system</li>
<li data-v-64dfe0b9="""">Provides excellent retention time reproducibility, accuracy, and precision</li>
<li data-v-64dfe0b9="""">Offers seamless method transfer with Intelligent System Emulation Technology</li>
<li data-v-64dfe0b9="""">Mediates solvent effects with Feed Injection using a Hybrid Multisampler</li>
</ul>
<p> </p>",790.000000,1,"Taxable Goods","Not Visible Individually",5000.000000,,,,1260-infinity-iii-prime-lc-system-solvent-none-dad-hs-hybrid-multisampler-benchtop,"1260 Infinity III Prime LC System","1260 Infinity III Prime LC System","1260 Infinity III Prime LC System Featured documents

Brochure
Agilent InfinityLab LC Solutions: HPLC Made for Tomorrow

Application note
Pesticide Analysis with Agilent 1260 Infinity II Prime LC Ultivo Triple Quad LC/MS

",,,,,,,,,8/16/26,8/16/26,,,"Block after Info Column",,,,No,,,,,,,"Use config",,"agilent_autosampler=Hybrid Multisampler,agilent_bench_stack_configuration=Benchtop,agilent_detector=DAD HS,agilent_optional_secondary_detector=None,agilent_solvent_fluid_management=Solvent,gift_wrapping_available=Yes",123.0000,0.0000,1,0,0,1,1,1,10000,1,1,1.0000,1,1,1,1,1.0000,1,0,0,0,0,1,,,,,,,,,,,,,,,,,,,,,,,,,,,,,,,,,,
"1260-Solvent-None-DAD HS-Hybrid Multisampler-Stack",,Agilent_LC,simple,"Default Category/Products",base,"1260 Infinity III Prime LC System-Solvent-None-DAD HS-Hybrid Multisampler-Stack","<p data-v-64dfe0b9=""""><strong>Featured documents</strong></p>
<div class=""documents-list d-flex flex-column flex-md-row"" data-v-64dfe0b9="""">
<div class=""document-item rounded d-flex flex-column"" tabindex=""0"" data-v-64dfe0b9=""""><a class=""d-flex"" tabindex=""-1"" href=""https://www.agilent.com/cs/library/brochures/br-infinitylab-analytical-hplc-systems-5994-7151EN-agilent.pdf"" target=""_blank"" rel=""noopener"" data-v-64dfe0b9=""""><span data-v-64dfe0b9="""">Brochure</span></a>
<h4 data-v-64dfe0b9="""">Agilent InfinityLab LC Solutions: HPLC Made for Tomorrow</h4>
</div>
<div class=""document-item rounded d-flex flex-column"" tabindex=""0"" data-v-64dfe0b9=""""><a class=""d-flex"" tabindex=""-1"" href=""https://www.agilent.com/cs/library/applications/application-pesticide-analysis-1260-infinity-II-prime-lc-ultivo-lc-ms-ms-5994-1889en-agilent.pdf"" target=""_blank"" rel=""noopener"" data-v-64dfe0b9=""""><span data-v-64dfe0b9="""">Application note</span></a>
<h4 data-v-64dfe0b9="""">Pesticide Analysis with Agilent 1260 Infinity II Prime LC Ultivo Triple Quad LC/MS</h4>
</div>
</div>","<p class=""product-description"" data-v-64dfe0b9="""">The 1260 Infinity III Prime LC System is an analytical high-performance liquid chromatography (HPLC) system, offering the flexibility of both an HPLC and a UHPLC for columns with sub-2 μm particles. It can operate at high pressures and handle flow rates up to 5 mL/min. This HPLC/UHPLC system gives you the utmost confidence in your HPLC results and can be a front end for your LC/MS system.</p>
<p class=""product-ul"" data-v-64dfe0b9=""""> </p>
<ul class=""product-features list-styled flex-column"" data-v-64dfe0b9="""">
<li data-v-64dfe0b9="""">Automates your daily HPLC tasks, ensuring reliable HPLC results</li>
<li data-v-64dfe0b9="""">Delivers gradient formation/mixing performance equivalent to a binary-like system</li>
<li data-v-64dfe0b9="""">Provides excellent retention time reproducibility, accuracy, and precision</li>
<li data-v-64dfe0b9="""">Offers seamless method transfer with Intelligent System Emulation Technology</li>
<li data-v-64dfe0b9="""">Mediates solvent effects with Feed Injection using a Hybrid Multisampler</li>
</ul>
<p> </p>",790.000000,1,"Taxable Goods","Not Visible Individually",5000.000000,,,,1260-infinity-iii-prime-lc-system-solvent-none-dad-hs-hybrid-multisampler-stack,"1260 Infinity III Prime LC System","1260 Infinity III Prime LC System","1260 Infinity III Prime LC System Featured documents

Brochure
Agilent InfinityLab LC Solutions: HPLC Made for Tomorrow

Application note
Pesticide Analysis with Agilent 1260 Infinity II Prime LC Ultivo Triple Quad LC/MS

",,,,,,,,,8/16/26,8/16/26,,,"Block after Info Column",,,,No,,,,,,,"Use config",,"agilent_autosampler=Hybrid Multisampler,agilent_bench_stack_configuration=Stack,agilent_detector=DAD HS,agilent_optional_secondary_detector=None,agilent_solvent_fluid_management=Solvent,gift_wrapping_available=Yes",123.0000,0.0000,1,0,0,1,1,1,10000,1,1,1.0000,1,1,1,1,1.0000,1,0,0,0,0,1,,,,,,,,,,,,,,,,,,,,,,,,,,,,,,,,,,
"1260-Solvent-None-DAD HS-Vialsampler-Flex",,Agilent_LC,simple,"Default Category/Products",base,"1260 Infinity III Prime LC System-Solvent-None-DAD HS-Vialsampler-Flex","<p data-v-64dfe0b9=""""><strong>Featured documents</strong></p>
<div class=""documents-list d-flex flex-column flex-md-row"" data-v-64dfe0b9="""">
<div class=""document-item rounded d-flex flex-column"" tabindex=""0"" data-v-64dfe0b9=""""><a class=""d-flex"" tabindex=""-1"" href=""https://www.agilent.com/cs/library/brochures/br-infinitylab-analytical-hplc-systems-5994-7151EN-agilent.pdf"" target=""_blank"" rel=""noopener"" data-v-64dfe0b9=""""><span data-v-64dfe0b9="""">Brochure</span></a>
<h4 data-v-64dfe0b9="""">Agilent InfinityLab LC Solutions: HPLC Made for Tomorrow</h4>
</div>
<div class=""document-item rounded d-flex flex-column"" tabindex=""0"" data-v-64dfe0b9=""""><a class=""d-flex"" tabindex=""-1"" href=""https://www.agilent.com/cs/library/applications/application-pesticide-analysis-1260-infinity-II-prime-lc-ultivo-lc-ms-ms-5994-1889en-agilent.pdf"" target=""_blank"" rel=""noopener"" data-v-64dfe0b9=""""><span data-v-64dfe0b9="""">Application note</span></a>
<h4 data-v-64dfe0b9="""">Pesticide Analysis with Agilent 1260 Infinity II Prime LC Ultivo Triple Quad LC/MS</h4>
</div>
</div>","<p class=""product-description"" data-v-64dfe0b9="""">The 1260 Infinity III Prime LC System is an analytical high-performance liquid chromatography (HPLC) system, offering the flexibility of both an HPLC and a UHPLC for columns with sub-2 μm particles. It can operate at high pressures and handle flow rates up to 5 mL/min. This HPLC/UHPLC system gives you the utmost confidence in your HPLC results and can be a front end for your LC/MS system.</p>
<p class=""product-ul"" data-v-64dfe0b9=""""> </p>
<ul class=""product-features list-styled flex-column"" data-v-64dfe0b9="""">
<li data-v-64dfe0b9="""">Automates your daily HPLC tasks, ensuring reliable HPLC results</li>
<li data-v-64dfe0b9="""">Delivers gradient formation/mixing performance equivalent to a binary-like system</li>
<li data-v-64dfe0b9="""">Provides excellent retention time reproducibility, accuracy, and precision</li>
<li data-v-64dfe0b9="""">Offers seamless method transfer with Intelligent System Emulation Technology</li>
<li data-v-64dfe0b9="""">Mediates solvent effects with Feed Injection using a Hybrid Multisampler</li>
</ul>
<p> </p>",790.000000,1,"Taxable Goods","Not Visible Individually",5000.000000,,,,1260-infinity-iii-prime-lc-system-solvent-none-dad-hs-vialsampler-flex,"1260 Infinity III Prime LC System","1260 Infinity III Prime LC System","1260 Infinity III Prime LC System Featured documents

Brochure
Agilent InfinityLab LC Solutions: HPLC Made for Tomorrow

Application note
Pesticide Analysis with Agilent 1260 Infinity II Prime LC Ultivo Triple Quad LC/MS

",,,,,,,,,8/16/26,8/16/26,,,"Block after Info Column",,,,No,,,,,,,"Use config",,"agilent_autosampler=Vialsampler,agilent_bench_stack_configuration=Flex,agilent_detector=DAD HS,agilent_optional_secondary_detector=None,agilent_solvent_fluid_management=Solvent,gift_wrapping_available=Yes",123.0000,0.0000,1,0,0,1,1,1,10000,1,1,1.0000,1,1,1,1,1.0000,1,0,0,0,0,1,,,,,,,,,,,,,,,,,,,,,,,,,,,,,,,,,,
"1260-Solvent-None-DAD HS-Vialsampler-Benchtop",,Agilent_LC,simple,"Default Category/Products",base,"1260 Infinity III Prime LC System-Solvent-None-DAD HS-Vialsampler-Benchtop","<p data-v-64dfe0b9=""""><strong>Featured documents</strong></p>
<div class=""documents-list d-flex flex-column flex-md-row"" data-v-64dfe0b9="""">
<div class=""document-item rounded d-flex flex-column"" tabindex=""0"" data-v-64dfe0b9=""""><a class=""d-flex"" tabindex=""-1"" href=""https://www.agilent.com/cs/library/brochures/br-infinitylab-analytical-hplc-systems-5994-7151EN-agilent.pdf"" target=""_blank"" rel=""noopener"" data-v-64dfe0b9=""""><span data-v-64dfe0b9="""">Brochure</span></a>
<h4 data-v-64dfe0b9="""">Agilent InfinityLab LC Solutions: HPLC Made for Tomorrow</h4>
</div>
<div class=""document-item rounded d-flex flex-column"" tabindex=""0"" data-v-64dfe0b9=""""><a class=""d-flex"" tabindex=""-1"" href=""https://www.agilent.com/cs/library/applications/application-pesticide-analysis-1260-infinity-II-prime-lc-ultivo-lc-ms-ms-5994-1889en-agilent.pdf"" target=""_blank"" rel=""noopener"" data-v-64dfe0b9=""""><span data-v-64dfe0b9="""">Application note</span></a>
<h4 data-v-64dfe0b9="""">Pesticide Analysis with Agilent 1260 Infinity II Prime LC Ultivo Triple Quad LC/MS</h4>
</div>
</div>","<p class=""product-description"" data-v-64dfe0b9="""">The 1260 Infinity III Prime LC System is an analytical high-performance liquid chromatography (HPLC) system, offering the flexibility of both an HPLC and a UHPLC for columns with sub-2 μm particles. It can operate at high pressures and handle flow rates up to 5 mL/min. This HPLC/UHPLC system gives you the utmost confidence in your HPLC results and can be a front end for your LC/MS system.</p>
<p class=""product-ul"" data-v-64dfe0b9=""""> </p>
<ul class=""product-features list-styled flex-column"" data-v-64dfe0b9="""">
<li data-v-64dfe0b9="""">Automates your daily HPLC tasks, ensuring reliable HPLC results</li>
<li data-v-64dfe0b9="""">Delivers gradient formation/mixing performance equivalent to a binary-like system</li>
<li data-v-64dfe0b9="""">Provides excellent retention time reproducibility, accuracy, and precision</li>
<li data-v-64dfe0b9="""">Offers seamless method transfer with Intelligent System Emulation Technology</li>
<li data-v-64dfe0b9="""">Mediates solvent effects with Feed Injection using a Hybrid Multisampler</li>
</ul>
<p> </p>",790.000000,1,"Taxable Goods","Not Visible Individually",5000.000000,,,,1260-infinity-iii-prime-lc-system-solvent-none-dad-hs-vialsampler-benchtop,"1260 Infinity III Prime LC System","1260 Infinity III Prime LC System","1260 Infinity III Prime LC System Featured documents

Brochure
Agilent InfinityLab LC Solutions: HPLC Made for Tomorrow

Application note
Pesticide Analysis with Agilent 1260 Infinity II Prime LC Ultivo Triple Quad LC/MS

",,,,,,,,,8/16/26,8/16/26,,,"Block after Info Column",,,,No,,,,,,,"Use config",,"agilent_autosampler=Vialsampler,agilent_bench_stack_configuration=Benchtop,agilent_detector=DAD HS,agilent_optional_secondary_detector=None,agilent_solvent_fluid_management=Solvent,gift_wrapping_available=Yes",123.0000,0.0000,1,0,0,1,1,1,10000,1,1,1.0000,1,1,1,1,1.0000,1,0,0,0,0,1,,,,,,,,,,,,,,,,,,,,,,,,,,,,,,,,,,
"1260-Solvent-None-DAD HS-Vialsampler-Stack",,Agilent_LC,simple,"Default Category/Products",base,"1260 Infinity III Prime LC System-Solvent-None-DAD HS-Vialsampler-Stack","<p data-v-64dfe0b9=""""><strong>Featured documents</strong></p>
<div class=""documents-list d-flex flex-column flex-md-row"" data-v-64dfe0b9="""">
<div class=""document-item rounded d-flex flex-column"" tabindex=""0"" data-v-64dfe0b9=""""><a class=""d-flex"" tabindex=""-1"" href=""https://www.agilent.com/cs/library/brochures/br-infinitylab-analytical-hplc-systems-5994-7151EN-agilent.pdf"" target=""_blank"" rel=""noopener"" data-v-64dfe0b9=""""><span data-v-64dfe0b9="""">Brochure</span></a>
<h4 data-v-64dfe0b9="""">Agilent InfinityLab LC Solutions: HPLC Made for Tomorrow</h4>
</div>
<div class=""document-item rounded d-flex flex-column"" tabindex=""0"" data-v-64dfe0b9=""""><a class=""d-flex"" tabindex=""-1"" href=""https://www.agilent.com/cs/library/applications/application-pesticide-analysis-1260-infinity-II-prime-lc-ultivo-lc-ms-ms-5994-1889en-agilent.pdf"" target=""_blank"" rel=""noopener"" data-v-64dfe0b9=""""><span data-v-64dfe0b9="""">Application note</span></a>
<h4 data-v-64dfe0b9="""">Pesticide Analysis with Agilent 1260 Infinity II Prime LC Ultivo Triple Quad LC/MS</h4>
</div>
</div>","<p class=""product-description"" data-v-64dfe0b9="""">The 1260 Infinity III Prime LC System is an analytical high-performance liquid chromatography (HPLC) system, offering the flexibility of both an HPLC and a UHPLC for columns with sub-2 μm particles. It can operate at high pressures and handle flow rates up to 5 mL/min. This HPLC/UHPLC system gives you the utmost confidence in your HPLC results and can be a front end for your LC/MS system.</p>
<p class=""product-ul"" data-v-64dfe0b9=""""> </p>
<ul class=""product-features list-styled flex-column"" data-v-64dfe0b9="""">
<li data-v-64dfe0b9="""">Automates your daily HPLC tasks, ensuring reliable HPLC results</li>
<li data-v-64dfe0b9="""">Delivers gradient formation/mixing performance equivalent to a binary-like system</li>
<li data-v-64dfe0b9="""">Provides excellent retention time reproducibility, accuracy, and precision</li>
<li data-v-64dfe0b9="""">Offers seamless method transfer with Intelligent System Emulation Technology</li>
<li data-v-64dfe0b9="""">Mediates solvent effects with Feed Injection using a Hybrid Multisampler</li>
</ul>
<p> </p>",790.000000,1,"Taxable Goods","Not Visible Individually",5000.000000,,,,1260-infinity-iii-prime-lc-system-solvent-none-dad-hs-vialsampler-stack,"1260 Infinity III Prime LC System","1260 Infinity III Prime LC System","1260 Infinity III Prime LC System Featured documents

Brochure
Agilent InfinityLab LC Solutions: HPLC Made for Tomorrow

Application note
Pesticide Analysis with Agilent 1260 Infinity II Prime LC Ultivo Triple Quad LC/MS

",,,,,,,,,8/16/26,8/16/26,,,"Block after Info Column",,,,No,,,,,,,"Use config",,"agilent_autosampler=Vialsampler,agilent_bench_stack_configuration=Stack,agilent_detector=DAD HS,agilent_optional_secondary_detector=None,agilent_solvent_fluid_management=Solvent,gift_wrapping_available=Yes",123.0000,0.0000,1,0,0,1,1,1,10000,1,1,1.0000,1,1,1,1,1.0000,1,0,0,0,0,1,,,,,,,,,,,,,,,,,,,,,,,,,,,,,,,,,,
"1260-Solvent-None-DAD WR-Multisampler-Flex",,Agilent_LC,simple,"Default Category/Products",base,"1260 Infinity III Prime LC System-Solvent-None-DAD WR-Multisampler-Flex","<p data-v-64dfe0b9=""""><strong>Featured documents</strong></p>
<div class=""documents-list d-flex flex-column flex-md-row"" data-v-64dfe0b9="""">
<div class=""document-item rounded d-flex flex-column"" tabindex=""0"" data-v-64dfe0b9=""""><a class=""d-flex"" tabindex=""-1"" href=""https://www.agilent.com/cs/library/brochures/br-infinitylab-analytical-hplc-systems-5994-7151EN-agilent.pdf"" target=""_blank"" rel=""noopener"" data-v-64dfe0b9=""""><span data-v-64dfe0b9="""">Brochure</span></a>
<h4 data-v-64dfe0b9="""">Agilent InfinityLab LC Solutions: HPLC Made for Tomorrow</h4>
</div>
<div class=""document-item rounded d-flex flex-column"" tabindex=""0"" data-v-64dfe0b9=""""><a class=""d-flex"" tabindex=""-1"" href=""https://www.agilent.com/cs/library/applications/application-pesticide-analysis-1260-infinity-II-prime-lc-ultivo-lc-ms-ms-5994-1889en-agilent.pdf"" target=""_blank"" rel=""noopener"" data-v-64dfe0b9=""""><span data-v-64dfe0b9="""">Application note</span></a>
<h4 data-v-64dfe0b9="""">Pesticide Analysis with Agilent 1260 Infinity II Prime LC Ultivo Triple Quad LC/MS</h4>
</div>
</div>","<p class=""product-description"" data-v-64dfe0b9="""">The 1260 Infinity III Prime LC System is an analytical high-performance liquid chromatography (HPLC) system, offering the flexibility of both an HPLC and a UHPLC for columns with sub-2 μm particles. It can operate at high pressures and handle flow rates up to 5 mL/min. This HPLC/UHPLC system gives you the utmost confidence in your HPLC results and can be a front end for your LC/MS system.</p>
<p class=""product-ul"" data-v-64dfe0b9=""""> </p>
<ul class=""product-features list-styled flex-column"" data-v-64dfe0b9="""">
<li data-v-64dfe0b9="""">Automates your daily HPLC tasks, ensuring reliable HPLC results</li>
<li data-v-64dfe0b9="""">Delivers gradient formation/mixing performance equivalent to a binary-like system</li>
<li data-v-64dfe0b9="""">Provides excellent retention time reproducibility, accuracy, and precision</li>
<li data-v-64dfe0b9="""">Offers seamless method transfer with Intelligent System Emulation Technology</li>
<li data-v-64dfe0b9="""">Mediates solvent effects with Feed Injection using a Hybrid Multisampler</li>
</ul>
<p> </p>",790.000000,1,"Taxable Goods","Not Visible Individually",5000.000000,,,,1260-infinity-iii-prime-lc-system-solvent-none-dad-wr-multisampler-flex,"1260 Infinity III Prime LC System","1260 Infinity III Prime LC System","1260 Infinity III Prime LC System Featured documents

Brochure
Agilent InfinityLab LC Solutions: HPLC Made for Tomorrow

Application note
Pesticide Analysis with Agilent 1260 Infinity II Prime LC Ultivo Triple Quad LC/MS

",,,,,,,,,8/16/26,8/16/26,,,"Block after Info Column",,,,No,,,,,,,"Use config",,"agilent_autosampler=Multisampler,agilent_bench_stack_configuration=Flex,agilent_detector=DAD WR,agilent_optional_secondary_detector=None,agilent_solvent_fluid_management=Solvent,gift_wrapping_available=Yes",123.0000,0.0000,1,0,0,1,1,1,10000,1,1,1.0000,1,1,1,1,1.0000,1,0,0,0,0,1,,,,,,,,,,,,,,,,,,,,,,,,,,,,,,,,,,
"1260-Solvent-None-DAD WR-Multisampler-Benchtop",,Agilent_LC,simple,"Default Category/Products",base,"1260 Infinity III Prime LC System-Solvent-None-DAD WR-Multisampler-Benchtop","<p data-v-64dfe0b9=""""><strong>Featured documents</strong></p>
<div class=""documents-list d-flex flex-column flex-md-row"" data-v-64dfe0b9="""">
<div class=""document-item rounded d-flex flex-column"" tabindex=""0"" data-v-64dfe0b9=""""><a class=""d-flex"" tabindex=""-1"" href=""https://www.agilent.com/cs/library/brochures/br-infinitylab-analytical-hplc-systems-5994-7151EN-agilent.pdf"" target=""_blank"" rel=""noopener"" data-v-64dfe0b9=""""><span data-v-64dfe0b9="""">Brochure</span></a>
<h4 data-v-64dfe0b9="""">Agilent InfinityLab LC Solutions: HPLC Made for Tomorrow</h4>
</div>
<div class=""document-item rounded d-flex flex-column"" tabindex=""0"" data-v-64dfe0b9=""""><a class=""d-flex"" tabindex=""-1"" href=""https://www.agilent.com/cs/library/applications/application-pesticide-analysis-1260-infinity-II-prime-lc-ultivo-lc-ms-ms-5994-1889en-agilent.pdf"" target=""_blank"" rel=""noopener"" data-v-64dfe0b9=""""><span data-v-64dfe0b9="""">Application note</span></a>
<h4 data-v-64dfe0b9="""">Pesticide Analysis with Agilent 1260 Infinity II Prime LC Ultivo Triple Quad LC/MS</h4>
</div>
</div>","<p class=""product-description"" data-v-64dfe0b9="""">The 1260 Infinity III Prime LC System is an analytical high-performance liquid chromatography (HPLC) system, offering the flexibility of both an HPLC and a UHPLC for columns with sub-2 μm particles. It can operate at high pressures and handle flow rates up to 5 mL/min. This HPLC/UHPLC system gives you the utmost confidence in your HPLC results and can be a front end for your LC/MS system.</p>
<p class=""product-ul"" data-v-64dfe0b9=""""> </p>
<ul class=""product-features list-styled flex-column"" data-v-64dfe0b9="""">
<li data-v-64dfe0b9="""">Automates your daily HPLC tasks, ensuring reliable HPLC results</li>
<li data-v-64dfe0b9="""">Delivers gradient formation/mixing performance equivalent to a binary-like system</li>
<li data-v-64dfe0b9="""">Provides excellent retention time reproducibility, accuracy, and precision</li>
<li data-v-64dfe0b9="""">Offers seamless method transfer with Intelligent System Emulation Technology</li>
<li data-v-64dfe0b9="""">Mediates solvent effects with Feed Injection using a Hybrid Multisampler</li>
</ul>
<p> </p>",790.000000,1,"Taxable Goods","Not Visible Individually",5000.000000,,,,1260-infinity-iii-prime-lc-system-solvent-none-dad-wr-multisampler-benchtop,"1260 Infinity III Prime LC System","1260 Infinity III Prime LC System","1260 Infinity III Prime LC System Featured documents

Brochure
Agilent InfinityLab LC Solutions: HPLC Made for Tomorrow

Application note
Pesticide Analysis with Agilent 1260 Infinity II Prime LC Ultivo Triple Quad LC/MS

",,,,,,,,,8/16/26,8/16/26,,,"Block after Info Column",,,,No,,,,,,,"Use config",,"agilent_autosampler=Multisampler,agilent_bench_stack_configuration=Benchtop,agilent_detector=DAD WR,agilent_optional_secondary_detector=None,agilent_solvent_fluid_management=Solvent,gift_wrapping_available=Yes",123.0000,0.0000,1,0,0,1,1,1,10000,1,1,1.0000,1,1,1,1,1.0000,1,0,0,0,0,1,,,,,,,,,,,,,,,,,,,,,,,,,,,,,,,,,,
"1260-Solvent-None-DAD WR-Multisampler-Stack",,Agilent_LC,simple,"Default Category/Products",base,"1260 Infinity III Prime LC System-Solvent-None-DAD WR-Multisampler-Stack","<p data-v-64dfe0b9=""""><strong>Featured documents</strong></p>
<div class=""documents-list d-flex flex-column flex-md-row"" data-v-64dfe0b9="""">
<div class=""document-item rounded d-flex flex-column"" tabindex=""0"" data-v-64dfe0b9=""""><a class=""d-flex"" tabindex=""-1"" href=""https://www.agilent.com/cs/library/brochures/br-infinitylab-analytical-hplc-systems-5994-7151EN-agilent.pdf"" target=""_blank"" rel=""noopener"" data-v-64dfe0b9=""""><span data-v-64dfe0b9="""">Brochure</span></a>
<h4 data-v-64dfe0b9="""">Agilent InfinityLab LC Solutions: HPLC Made for Tomorrow</h4>
</div>
<div class=""document-item rounded d-flex flex-column"" tabindex=""0"" data-v-64dfe0b9=""""><a class=""d-flex"" tabindex=""-1"" href=""https://www.agilent.com/cs/library/applications/application-pesticide-analysis-1260-infinity-II-prime-lc-ultivo-lc-ms-ms-5994-1889en-agilent.pdf"" target=""_blank"" rel=""noopener"" data-v-64dfe0b9=""""><span data-v-64dfe0b9="""">Application note</span></a>
<h4 data-v-64dfe0b9="""">Pesticide Analysis with Agilent 1260 Infinity II Prime LC Ultivo Triple Quad LC/MS</h4>
</div>
</div>","<p class=""product-description"" data-v-64dfe0b9="""">The 1260 Infinity III Prime LC System is an analytical high-performance liquid chromatography (HPLC) system, offering the flexibility of both an HPLC and a UHPLC for columns with sub-2 μm particles. It can operate at high pressures and handle flow rates up to 5 mL/min. This HPLC/UHPLC system gives you the utmost confidence in your HPLC results and can be a front end for your LC/MS system.</p>
<p class=""product-ul"" data-v-64dfe0b9=""""> </p>
<ul class=""product-features list-styled flex-column"" data-v-64dfe0b9="""">
<li data-v-64dfe0b9="""">Automates your daily HPLC tasks, ensuring reliable HPLC results</li>
<li data-v-64dfe0b9="""">Delivers gradient formation/mixing performance equivalent to a binary-like system</li>
<li data-v-64dfe0b9="""">Provides excellent retention time reproducibility, accuracy, and precision</li>
<li data-v-64dfe0b9="""">Offers seamless method transfer with Intelligent System Emulation Technology</li>
<li data-v-64dfe0b9="""">Mediates solvent effects with Feed Injection using a Hybrid Multisampler</li>
</ul>
<p> </p>",790.000000,1,"Taxable Goods","Not Visible Individually",5000.000000,,,,1260-infinity-iii-prime-lc-system-solvent-none-dad-wr-multisampler-stack,"1260 Infinity III Prime LC System","1260 Infinity III Prime LC System","1260 Infinity III Prime LC System Featured documents

Brochure
Agilent InfinityLab LC Solutions: HPLC Made for Tomorrow

Application note
Pesticide Analysis with Agilent 1260 Infinity II Prime LC Ultivo Triple Quad LC/MS

",,,,,,,,,8/16/26,8/16/26,,,"Block after Info Column",,,,No,,,,,,,"Use config",,"agilent_autosampler=Multisampler,agilent_bench_stack_configuration=Stack,agilent_detector=DAD WR,agilent_optional_secondary_detector=None,agilent_solvent_fluid_management=Solvent,gift_wrapping_available=Yes",123.0000,0.0000,1,0,0,1,1,1,10000,1,1,1.0000,1,1,1,1,1.0000,1,0,0,0,0,1,,,,,,,,,,,,,,,,,,,,,,,,,,,,,,,,,,
"1260-Solvent-None-DAD WR-Hybrid Multisampler-Flex",,Agilent_LC,simple,"Default Category/Products",base,"1260 Infinity III Prime LC System-Solvent-None-DAD WR-Hybrid Multisampler-Flex","<p data-v-64dfe0b9=""""><strong>Featured documents</strong></p>
<div class=""documents-list d-flex flex-column flex-md-row"" data-v-64dfe0b9="""">
<div class=""document-item rounded d-flex flex-column"" tabindex=""0"" data-v-64dfe0b9=""""><a class=""d-flex"" tabindex=""-1"" href=""https://www.agilent.com/cs/library/brochures/br-infinitylab-analytical-hplc-systems-5994-7151EN-agilent.pdf"" target=""_blank"" rel=""noopener"" data-v-64dfe0b9=""""><span data-v-64dfe0b9="""">Brochure</span></a>
<h4 data-v-64dfe0b9="""">Agilent InfinityLab LC Solutions: HPLC Made for Tomorrow</h4>
</div>
<div class=""document-item rounded d-flex flex-column"" tabindex=""0"" data-v-64dfe0b9=""""><a class=""d-flex"" tabindex=""-1"" href=""https://www.agilent.com/cs/library/applications/application-pesticide-analysis-1260-infinity-II-prime-lc-ultivo-lc-ms-ms-5994-1889en-agilent.pdf"" target=""_blank"" rel=""noopener"" data-v-64dfe0b9=""""><span data-v-64dfe0b9="""">Application note</span></a>
<h4 data-v-64dfe0b9="""">Pesticide Analysis with Agilent 1260 Infinity II Prime LC Ultivo Triple Quad LC/MS</h4>
</div>
</div>","<p class=""product-description"" data-v-64dfe0b9="""">The 1260 Infinity III Prime LC System is an analytical high-performance liquid chromatography (HPLC) system, offering the flexibility of both an HPLC and a UHPLC for columns with sub-2 μm particles. It can operate at high pressures and handle flow rates up to 5 mL/min. This HPLC/UHPLC system gives you the utmost confidence in your HPLC results and can be a front end for your LC/MS system.</p>
<p class=""product-ul"" data-v-64dfe0b9=""""> </p>
<ul class=""product-features list-styled flex-column"" data-v-64dfe0b9="""">
<li data-v-64dfe0b9="""">Automates your daily HPLC tasks, ensuring reliable HPLC results</li>
<li data-v-64dfe0b9="""">Delivers gradient formation/mixing performance equivalent to a binary-like system</li>
<li data-v-64dfe0b9="""">Provides excellent retention time reproducibility, accuracy, and precision</li>
<li data-v-64dfe0b9="""">Offers seamless method transfer with Intelligent System Emulation Technology</li>
<li data-v-64dfe0b9="""">Mediates solvent effects with Feed Injection using a Hybrid Multisampler</li>
</ul>
<p> </p>",790.000000,1,"Taxable Goods","Not Visible Individually",5000.000000,,,,1260-infinity-iii-prime-lc-system-solvent-none-dad-wr-hybrid-multisampler-flex,"1260 Infinity III Prime LC System","1260 Infinity III Prime LC System","1260 Infinity III Prime LC System Featured documents

Brochure
Agilent InfinityLab LC Solutions: HPLC Made for Tomorrow

Application note
Pesticide Analysis with Agilent 1260 Infinity II Prime LC Ultivo Triple Quad LC/MS

",,,,,,,,,8/16/26,8/16/26,,,"Block after Info Column",,,,No,,,,,,,"Use config",,"agilent_autosampler=Hybrid Multisampler,agilent_bench_stack_configuration=Flex,agilent_detector=DAD WR,agilent_optional_secondary_detector=None,agilent_solvent_fluid_management=Solvent,gift_wrapping_available=Yes",123.0000,0.0000,1,0,0,1,1,1,10000,1,1,1.0000,1,1,1,1,1.0000,1,0,0,0,0,1,,,,,,,,,,,,,,,,,,,,,,,,,,,,,,,,,,
"1260-Solvent-None-DAD WR-Hybrid Multisampler-Benchtop",,Agilent_LC,simple,"Default Category/Products",base,"1260 Infinity III Prime LC System-Solvent-None-DAD WR-Hybrid Multisampler-Benchtop","<p data-v-64dfe0b9=""""><strong>Featured documents</strong></p>
<div class=""documents-list d-flex flex-column flex-md-row"" data-v-64dfe0b9="""">
<div class=""document-item rounded d-flex flex-column"" tabindex=""0"" data-v-64dfe0b9=""""><a class=""d-flex"" tabindex=""-1"" href=""https://www.agilent.com/cs/library/brochures/br-infinitylab-analytical-hplc-systems-5994-7151EN-agilent.pdf"" target=""_blank"" rel=""noopener"" data-v-64dfe0b9=""""><span data-v-64dfe0b9="""">Brochure</span></a>
<h4 data-v-64dfe0b9="""">Agilent InfinityLab LC Solutions: HPLC Made for Tomorrow</h4>
</div>
<div class=""document-item rounded d-flex flex-column"" tabindex=""0"" data-v-64dfe0b9=""""><a class=""d-flex"" tabindex=""-1"" href=""https://www.agilent.com/cs/library/applications/application-pesticide-analysis-1260-infinity-II-prime-lc-ultivo-lc-ms-ms-5994-1889en-agilent.pdf"" target=""_blank"" rel=""noopener"" data-v-64dfe0b9=""""><span data-v-64dfe0b9="""">Application note</span></a>
<h4 data-v-64dfe0b9="""">Pesticide Analysis with Agilent 1260 Infinity II Prime LC Ultivo Triple Quad LC/MS</h4>
</div>
</div>","<p class=""product-description"" data-v-64dfe0b9="""">The 1260 Infinity III Prime LC System is an analytical high-performance liquid chromatography (HPLC) system, offering the flexibility of both an HPLC and a UHPLC for columns with sub-2 μm particles. It can operate at high pressures and handle flow rates up to 5 mL/min. This HPLC/UHPLC system gives you the utmost confidence in your HPLC results and can be a front end for your LC/MS system.</p>
<p class=""product-ul"" data-v-64dfe0b9=""""> </p>
<ul class=""product-features list-styled flex-column"" data-v-64dfe0b9="""">
<li data-v-64dfe0b9="""">Automates your daily HPLC tasks, ensuring reliable HPLC results</li>
<li data-v-64dfe0b9="""">Delivers gradient formation/mixing performance equivalent to a binary-like system</li>
<li data-v-64dfe0b9="""">Provides excellent retention time reproducibility, accuracy, and precision</li>
<li data-v-64dfe0b9="""">Offers seamless method transfer with Intelligent System Emulation Technology</li>
<li data-v-64dfe0b9="""">Mediates solvent effects with Feed Injection using a Hybrid Multisampler</li>
</ul>
<p> </p>",790.000000,1,"Taxable Goods","Not Visible Individually",5000.000000,,,,1260-infinity-iii-prime-lc-system-solvent-none-dad-wr-hybrid-multisampler-benchtop,"1260 Infinity III Prime LC System","1260 Infinity III Prime LC System","1260 Infinity III Prime LC System Featured documents

Brochure
Agilent InfinityLab LC Solutions: HPLC Made for Tomorrow

Application note
Pesticide Analysis with Agilent 1260 Infinity II Prime LC Ultivo Triple Quad LC/MS

",,,,,,,,,8/16/26,8/16/26,,,"Block after Info Column",,,,No,,,,,,,"Use config",,"agilent_autosampler=Hybrid Multisampler,agilent_bench_stack_configuration=Benchtop,agilent_detector=DAD WR,agilent_optional_secondary_detector=None,agilent_solvent_fluid_management=Solvent,gift_wrapping_available=Yes",123.0000,0.0000,1,0,0,1,1,1,10000,1,1,1.0000,1,1,1,1,1.0000,1,0,0,0,0,1,,,,,,,,,,,,,,,,,,,,,,,,,,,,,,,,,,
"1260-Solvent-None-DAD WR-Hybrid Multisampler-Stack",,Agilent_LC,simple,"Default Category/Products",base,"1260 Infinity III Prime LC System-Solvent-None-DAD WR-Hybrid Multisampler-Stack","<p data-v-64dfe0b9=""""><strong>Featured documents</strong></p>
<div class=""documents-list d-flex flex-column flex-md-row"" data-v-64dfe0b9="""">
<div class=""document-item rounded d-flex flex-column"" tabindex=""0"" data-v-64dfe0b9=""""><a class=""d-flex"" tabindex=""-1"" href=""https://www.agilent.com/cs/library/brochures/br-infinitylab-analytical-hplc-systems-5994-7151EN-agilent.pdf"" target=""_blank"" rel=""noopener"" data-v-64dfe0b9=""""><span data-v-64dfe0b9="""">Brochure</span></a>
<h4 data-v-64dfe0b9="""">Agilent InfinityLab LC Solutions: HPLC Made for Tomorrow</h4>
</div>
<div class=""document-item rounded d-flex flex-column"" tabindex=""0"" data-v-64dfe0b9=""""><a class=""d-flex"" tabindex=""-1"" href=""https://www.agilent.com/cs/library/applications/application-pesticide-analysis-1260-infinity-II-prime-lc-ultivo-lc-ms-ms-5994-1889en-agilent.pdf"" target=""_blank"" rel=""noopener"" data-v-64dfe0b9=""""><span data-v-64dfe0b9="""">Application note</span></a>
<h4 data-v-64dfe0b9="""">Pesticide Analysis with Agilent 1260 Infinity II Prime LC Ultivo Triple Quad LC/MS</h4>
</div>
</div>","<p class=""product-description"" data-v-64dfe0b9="""">The 1260 Infinity III Prime LC System is an analytical high-performance liquid chromatography (HPLC) system, offering the flexibility of both an HPLC and a UHPLC for columns with sub-2 μm particles. It can operate at high pressures and handle flow rates up to 5 mL/min. This HPLC/UHPLC system gives you the utmost confidence in your HPLC results and can be a front end for your LC/MS system.</p>
<p class=""product-ul"" data-v-64dfe0b9=""""> </p>
<ul class=""product-features list-styled flex-column"" data-v-64dfe0b9="""">
<li data-v-64dfe0b9="""">Automates your daily HPLC tasks, ensuring reliable HPLC results</li>
<li data-v-64dfe0b9="""">Delivers gradient formation/mixing performance equivalent to a binary-like system</li>
<li data-v-64dfe0b9="""">Provides excellent retention time reproducibility, accuracy, and precision</li>
<li data-v-64dfe0b9="""">Offers seamless method transfer with Intelligent System Emulation Technology</li>
<li data-v-64dfe0b9="""">Mediates solvent effects with Feed Injection using a Hybrid Multisampler</li>
</ul>
<p> </p>",790.000000,1,"Taxable Goods","Not Visible Individually",5000.000000,,,,1260-infinity-iii-prime-lc-system-solvent-none-dad-wr-hybrid-multisampler-stack,"1260 Infinity III Prime LC System","1260 Infinity III Prime LC System","1260 Infinity III Prime LC System Featured documents

Brochure
Agilent InfinityLab LC Solutions: HPLC Made for Tomorrow

Application note
Pesticide Analysis with Agilent 1260 Infinity II Prime LC Ultivo Triple Quad LC/MS

",,,,,,,,,8/16/26,8/16/26,,,"Block after Info Column",,,,No,,,,,,,"Use config",,"agilent_autosampler=Hybrid Multisampler,agilent_bench_stack_configuration=Stack,agilent_detector=DAD WR,agilent_optional_secondary_detector=None,agilent_solvent_fluid_management=Solvent,gift_wrapping_available=Yes",123.0000,0.0000,1,0,0,1,1,1,10000,1,1,1.0000,1,1,1,1,1.0000,1,0,0,0,0,1,,,,,,,,,,,,,,,,,,,,,,,,,,,,,,,,,,
"1260-Solvent-None-DAD WR-Vialsampler-Flex",,Agilent_LC,simple,"Default Category/Products",base,"1260 Infinity III Prime LC System-Solvent-None-DAD WR-Vialsampler-Flex","<p data-v-64dfe0b9=""""><strong>Featured documents</strong></p>
<div class=""documents-list d-flex flex-column flex-md-row"" data-v-64dfe0b9="""">
<div class=""document-item rounded d-flex flex-column"" tabindex=""0"" data-v-64dfe0b9=""""><a class=""d-flex"" tabindex=""-1"" href=""https://www.agilent.com/cs/library/brochures/br-infinitylab-analytical-hplc-systems-5994-7151EN-agilent.pdf"" target=""_blank"" rel=""noopener"" data-v-64dfe0b9=""""><span data-v-64dfe0b9="""">Brochure</span></a>
<h4 data-v-64dfe0b9="""">Agilent InfinityLab LC Solutions: HPLC Made for Tomorrow</h4>
</div>
<div class=""document-item rounded d-flex flex-column"" tabindex=""0"" data-v-64dfe0b9=""""><a class=""d-flex"" tabindex=""-1"" href=""https://www.agilent.com/cs/library/applications/application-pesticide-analysis-1260-infinity-II-prime-lc-ultivo-lc-ms-ms-5994-1889en-agilent.pdf"" target=""_blank"" rel=""noopener"" data-v-64dfe0b9=""""><span data-v-64dfe0b9="""">Application note</span></a>
<h4 data-v-64dfe0b9="""">Pesticide Analysis with Agilent 1260 Infinity II Prime LC Ultivo Triple Quad LC/MS</h4>
</div>
</div>","<p class=""product-description"" data-v-64dfe0b9="""">The 1260 Infinity III Prime LC System is an analytical high-performance liquid chromatography (HPLC) system, offering the flexibility of both an HPLC and a UHPLC for columns with sub-2 μm particles. It can operate at high pressures and handle flow rates up to 5 mL/min. This HPLC/UHPLC system gives you the utmost confidence in your HPLC results and can be a front end for your LC/MS system.</p>
<p class=""product-ul"" data-v-64dfe0b9=""""> </p>
<ul class=""product-features list-styled flex-column"" data-v-64dfe0b9="""">
<li data-v-64dfe0b9="""">Automates your daily HPLC tasks, ensuring reliable HPLC results</li>
<li data-v-64dfe0b9="""">Delivers gradient formation/mixing performance equivalent to a binary-like system</li>
<li data-v-64dfe0b9="""">Provides excellent retention time reproducibility, accuracy, and precision</li>
<li data-v-64dfe0b9="""">Offers seamless method transfer with Intelligent System Emulation Technology</li>
<li data-v-64dfe0b9="""">Mediates solvent effects with Feed Injection using a Hybrid Multisampler</li>
</ul>
<p> </p>",790.000000,1,"Taxable Goods","Not Visible Individually",5000.000000,,,,1260-infinity-iii-prime-lc-system-solvent-none-dad-wr-vialsampler-flex,"1260 Infinity III Prime LC System","1260 Infinity III Prime LC System","1260 Infinity III Prime LC System Featured documents

Brochure
Agilent InfinityLab LC Solutions: HPLC Made for Tomorrow

Application note
Pesticide Analysis with Agilent 1260 Infinity II Prime LC Ultivo Triple Quad LC/MS

",,,,,,,,,8/16/26,8/16/26,,,"Block after Info Column",,,,No,,,,,,,"Use config",,"agilent_autosampler=Vialsampler,agilent_bench_stack_configuration=Flex,agilent_detector=DAD WR,agilent_optional_secondary_detector=None,agilent_solvent_fluid_management=Solvent,gift_wrapping_available=Yes",123.0000,0.0000,1,0,0,1,1,1,10000,1,1,1.0000,1,1,1,1,1.0000,1,0,0,0,0,1,,,,,,,,,,,,,,,,,,,,,,,,,,,,,,,,,,
"1260-Solvent-None-DAD WR-Vialsampler-Benchtop",,Agilent_LC,simple,"Default Category/Products",base,"1260 Infinity III Prime LC System-Solvent-None-DAD WR-Vialsampler-Benchtop","<p data-v-64dfe0b9=""""><strong>Featured documents</strong></p>
<div class=""documents-list d-flex flex-column flex-md-row"" data-v-64dfe0b9="""">
<div class=""document-item rounded d-flex flex-column"" tabindex=""0"" data-v-64dfe0b9=""""><a class=""d-flex"" tabindex=""-1"" href=""https://www.agilent.com/cs/library/brochures/br-infinitylab-analytical-hplc-systems-5994-7151EN-agilent.pdf"" target=""_blank"" rel=""noopener"" data-v-64dfe0b9=""""><span data-v-64dfe0b9="""">Brochure</span></a>
<h4 data-v-64dfe0b9="""">Agilent InfinityLab LC Solutions: HPLC Made for Tomorrow</h4>
</div>
<div class=""document-item rounded d-flex flex-column"" tabindex=""0"" data-v-64dfe0b9=""""><a class=""d-flex"" tabindex=""-1"" href=""https://www.agilent.com/cs/library/applications/application-pesticide-analysis-1260-infinity-II-prime-lc-ultivo-lc-ms-ms-5994-1889en-agilent.pdf"" target=""_blank"" rel=""noopener"" data-v-64dfe0b9=""""><span data-v-64dfe0b9="""">Application note</span></a>
<h4 data-v-64dfe0b9="""">Pesticide Analysis with Agilent 1260 Infinity II Prime LC Ultivo Triple Quad LC/MS</h4>
</div>
</div>","<p class=""product-description"" data-v-64dfe0b9="""">The 1260 Infinity III Prime LC System is an analytical high-performance liquid chromatography (HPLC) system, offering the flexibility of both an HPLC and a UHPLC for columns with sub-2 μm particles. It can operate at high pressures and handle flow rates up to 5 mL/min. This HPLC/UHPLC system gives you the utmost confidence in your HPLC results and can be a front end for your LC/MS system.</p>
<p class=""product-ul"" data-v-64dfe0b9=""""> </p>
<ul class=""product-features list-styled flex-column"" data-v-64dfe0b9="""">
<li data-v-64dfe0b9="""">Automates your daily HPLC tasks, ensuring reliable HPLC results</li>
<li data-v-64dfe0b9="""">Delivers gradient formation/mixing performance equivalent to a binary-like system</li>
<li data-v-64dfe0b9="""">Provides excellent retention time reproducibility, accuracy, and precision</li>
<li data-v-64dfe0b9="""">Offers seamless method transfer with Intelligent System Emulation Technology</li>
<li data-v-64dfe0b9="""">Mediates solvent effects with Feed Injection using a Hybrid Multisampler</li>
</ul>
<p> </p>",790.000000,1,"Taxable Goods","Not Visible Individually",5000.000000,,,,1260-infinity-iii-prime-lc-system-solvent-none-dad-wr-vialsampler-benchtop,"1260 Infinity III Prime LC System","1260 Infinity III Prime LC System","1260 Infinity III Prime LC System Featured documents

Brochure
Agilent InfinityLab LC Solutions: HPLC Made for Tomorrow

Application note
Pesticide Analysis with Agilent 1260 Infinity II Prime LC Ultivo Triple Quad LC/MS

",,,,,,,,,8/16/26,8/16/26,,,"Block after Info Column",,,,No,,,,,,,"Use config",,"agilent_autosampler=Vialsampler,agilent_bench_stack_configuration=Benchtop,agilent_detector=DAD WR,agilent_optional_secondary_detector=None,agilent_solvent_fluid_management=Solvent,gift_wrapping_available=Yes",123.0000,0.0000,1,0,0,1,1,1,10000,1,1,1.0000,1,1,1,1,1.0000,1,0,0,0,0,1,,,,,,,,,,,,,,,,,,,,,,,,,,,,,,,,,,
"1260-Solvent-None-DAD WR-Vialsampler-Stack",,Agilent_LC,simple,"Default Category/Products",base,"1260 Infinity III Prime LC System-Solvent-None-DAD WR-Vialsampler-Stack","<p data-v-64dfe0b9=""""><strong>Featured documents</strong></p>
<div class=""documents-list d-flex flex-column flex-md-row"" data-v-64dfe0b9="""">
<div class=""document-item rounded d-flex flex-column"" tabindex=""0"" data-v-64dfe0b9=""""><a class=""d-flex"" tabindex=""-1"" href=""https://www.agilent.com/cs/library/brochures/br-infinitylab-analytical-hplc-systems-5994-7151EN-agilent.pdf"" target=""_blank"" rel=""noopener"" data-v-64dfe0b9=""""><span data-v-64dfe0b9="""">Brochure</span></a>
<h4 data-v-64dfe0b9="""">Agilent InfinityLab LC Solutions: HPLC Made for Tomorrow</h4>
</div>
<div class=""document-item rounded d-flex flex-column"" tabindex=""0"" data-v-64dfe0b9=""""><a class=""d-flex"" tabindex=""-1"" href=""https://www.agilent.com/cs/library/applications/application-pesticide-analysis-1260-infinity-II-prime-lc-ultivo-lc-ms-ms-5994-1889en-agilent.pdf"" target=""_blank"" rel=""noopener"" data-v-64dfe0b9=""""><span data-v-64dfe0b9="""">Application note</span></a>
<h4 data-v-64dfe0b9="""">Pesticide Analysis with Agilent 1260 Infinity II Prime LC Ultivo Triple Quad LC/MS</h4>
</div>
</div>","<p class=""product-description"" data-v-64dfe0b9="""">The 1260 Infinity III Prime LC System is an analytical high-performance liquid chromatography (HPLC) system, offering the flexibility of both an HPLC and a UHPLC for columns with sub-2 μm particles. It can operate at high pressures and handle flow rates up to 5 mL/min. This HPLC/UHPLC system gives you the utmost confidence in your HPLC results and can be a front end for your LC/MS system.</p>
<p class=""product-ul"" data-v-64dfe0b9=""""> </p>
<ul class=""product-features list-styled flex-column"" data-v-64dfe0b9="""">
<li data-v-64dfe0b9="""">Automates your daily HPLC tasks, ensuring reliable HPLC results</li>
<li data-v-64dfe0b9="""">Delivers gradient formation/mixing performance equivalent to a binary-like system</li>
<li data-v-64dfe0b9="""">Provides excellent retention time reproducibility, accuracy, and precision</li>
<li data-v-64dfe0b9="""">Offers seamless method transfer with Intelligent System Emulation Technology</li>
<li data-v-64dfe0b9="""">Mediates solvent effects with Feed Injection using a Hybrid Multisampler</li>
</ul>
<p> </p>",790.000000,1,"Taxable Goods","Not Visible Individually",5000.000000,,,,1260-infinity-iii-prime-lc-system-solvent-none-dad-wr-vialsampler-stack,"1260 Infinity III Prime LC System","1260 Infinity III Prime LC System","1260 Infinity III Prime LC System Featured documents

Brochure
Agilent InfinityLab LC Solutions: HPLC Made for Tomorrow

Application note
Pesticide Analysis with Agilent 1260 Infinity II Prime LC Ultivo Triple Quad LC/MS

",,,,,,,,,8/16/26,8/16/26,,,"Block after Info Column",,,,No,,,,,,,"Use config",,"agilent_autosampler=Vialsampler,agilent_bench_stack_configuration=Stack,agilent_detector=DAD WR,agilent_optional_secondary_detector=None,agilent_solvent_fluid_management=Solvent,gift_wrapping_available=Yes",123.0000,0.0000,1,0,0,1,1,1,10000,1,1,1.0000,1,1,1,1,1.0000,1,0,0,0,0,1,,,,,,,,,,,,,,,,,,,,,,,,,,,,,,,,,,
1260-Solvent-None-VWD-Multisampler-Flex,,Agilent_LC,simple,"Default Category/Products",base,"1260 Infinity III Prime LC System-Solvent-None-VWD-Multisampler-Flex","<p data-v-64dfe0b9=""""><strong>Featured documents</strong></p>
<div class=""documents-list d-flex flex-column flex-md-row"" data-v-64dfe0b9="""">
<div class=""document-item rounded d-flex flex-column"" tabindex=""0"" data-v-64dfe0b9=""""><a class=""d-flex"" tabindex=""-1"" href=""https://www.agilent.com/cs/library/brochures/br-infinitylab-analytical-hplc-systems-5994-7151EN-agilent.pdf"" target=""_blank"" rel=""noopener"" data-v-64dfe0b9=""""><span data-v-64dfe0b9="""">Brochure</span></a>
<h4 data-v-64dfe0b9="""">Agilent InfinityLab LC Solutions: HPLC Made for Tomorrow</h4>
</div>
<div class=""document-item rounded d-flex flex-column"" tabindex=""0"" data-v-64dfe0b9=""""><a class=""d-flex"" tabindex=""-1"" href=""https://www.agilent.com/cs/library/applications/application-pesticide-analysis-1260-infinity-II-prime-lc-ultivo-lc-ms-ms-5994-1889en-agilent.pdf"" target=""_blank"" rel=""noopener"" data-v-64dfe0b9=""""><span data-v-64dfe0b9="""">Application note</span></a>
<h4 data-v-64dfe0b9="""">Pesticide Analysis with Agilent 1260 Infinity II Prime LC Ultivo Triple Quad LC/MS</h4>
</div>
</div>","<p class=""product-description"" data-v-64dfe0b9="""">The 1260 Infinity III Prime LC System is an analytical high-performance liquid chromatography (HPLC) system, offering the flexibility of both an HPLC and a UHPLC for columns with sub-2 μm particles. It can operate at high pressures and handle flow rates up to 5 mL/min. This HPLC/UHPLC system gives you the utmost confidence in your HPLC results and can be a front end for your LC/MS system.</p>
<p class=""product-ul"" data-v-64dfe0b9=""""> </p>
<ul class=""product-features list-styled flex-column"" data-v-64dfe0b9="""">
<li data-v-64dfe0b9="""">Automates your daily HPLC tasks, ensuring reliable HPLC results</li>
<li data-v-64dfe0b9="""">Delivers gradient formation/mixing performance equivalent to a binary-like system</li>
<li data-v-64dfe0b9="""">Provides excellent retention time reproducibility, accuracy, and precision</li>
<li data-v-64dfe0b9="""">Offers seamless method transfer with Intelligent System Emulation Technology</li>
<li data-v-64dfe0b9="""">Mediates solvent effects with Feed Injection using a Hybrid Multisampler</li>
</ul>
<p> </p>",790.000000,1,"Taxable Goods","Not Visible Individually",5000.000000,,,,1260-infinity-iii-prime-lc-system-solvent-none-vwd-multisampler-flex,"1260 Infinity III Prime LC System","1260 Infinity III Prime LC System","1260 Infinity III Prime LC System Featured documents

Brochure
Agilent InfinityLab LC Solutions: HPLC Made for Tomorrow

Application note
Pesticide Analysis with Agilent 1260 Infinity II Prime LC Ultivo Triple Quad LC/MS

",,,,,,,,,8/16/26,8/16/26,,,"Block after Info Column",,,,No,,,,,,,"Use config",,"agilent_autosampler=Multisampler,agilent_bench_stack_configuration=Flex,agilent_detector=VWD,agilent_optional_secondary_detector=None,agilent_solvent_fluid_management=Solvent,gift_wrapping_available=Yes",123.0000,0.0000,1,0,0,1,1,1,10000,1,1,1.0000,1,1,1,1,1.0000,1,0,0,0,0,1,,,,,,,,,,,,,,,,,,,,,,,,,,,,,,,,,,
1260-Solvent-None-VWD-Multisampler-Benchtop,,Agilent_LC,simple,"Default Category/Products",base,"1260 Infinity III Prime LC System-Solvent-None-VWD-Multisampler-Benchtop","<p data-v-64dfe0b9=""""><strong>Featured documents</strong></p>
<div class=""documents-list d-flex flex-column flex-md-row"" data-v-64dfe0b9="""">
<div class=""document-item rounded d-flex flex-column"" tabindex=""0"" data-v-64dfe0b9=""""><a class=""d-flex"" tabindex=""-1"" href=""https://www.agilent.com/cs/library/brochures/br-infinitylab-analytical-hplc-systems-5994-7151EN-agilent.pdf"" target=""_blank"" rel=""noopener"" data-v-64dfe0b9=""""><span data-v-64dfe0b9="""">Brochure</span></a>
<h4 data-v-64dfe0b9="""">Agilent InfinityLab LC Solutions: HPLC Made for Tomorrow</h4>
</div>
<div class=""document-item rounded d-flex flex-column"" tabindex=""0"" data-v-64dfe0b9=""""><a class=""d-flex"" tabindex=""-1"" href=""https://www.agilent.com/cs/library/applications/application-pesticide-analysis-1260-infinity-II-prime-lc-ultivo-lc-ms-ms-5994-1889en-agilent.pdf"" target=""_blank"" rel=""noopener"" data-v-64dfe0b9=""""><span data-v-64dfe0b9="""">Application note</span></a>
<h4 data-v-64dfe0b9="""">Pesticide Analysis with Agilent 1260 Infinity II Prime LC Ultivo Triple Quad LC/MS</h4>
</div>
</div>","<p class=""product-description"" data-v-64dfe0b9="""">The 1260 Infinity III Prime LC System is an analytical high-performance liquid chromatography (HPLC) system, offering the flexibility of both an HPLC and a UHPLC for columns with sub-2 μm particles. It can operate at high pressures and handle flow rates up to 5 mL/min. This HPLC/UHPLC system gives you the utmost confidence in your HPLC results and can be a front end for your LC/MS system.</p>
<p class=""product-ul"" data-v-64dfe0b9=""""> </p>
<ul class=""product-features list-styled flex-column"" data-v-64dfe0b9="""">
<li data-v-64dfe0b9="""">Automates your daily HPLC tasks, ensuring reliable HPLC results</li>
<li data-v-64dfe0b9="""">Delivers gradient formation/mixing performance equivalent to a binary-like system</li>
<li data-v-64dfe0b9="""">Provides excellent retention time reproducibility, accuracy, and precision</li>
<li data-v-64dfe0b9="""">Offers seamless method transfer with Intelligent System Emulation Technology</li>
<li data-v-64dfe0b9="""">Mediates solvent effects with Feed Injection using a Hybrid Multisampler</li>
</ul>
<p> </p>",790.000000,1,"Taxable Goods","Not Visible Individually",5000.000000,,,,1260-infinity-iii-prime-lc-system-solvent-none-vwd-multisampler-benchtop,"1260 Infinity III Prime LC System","1260 Infinity III Prime LC System","1260 Infinity III Prime LC System Featured documents

Brochure
Agilent InfinityLab LC Solutions: HPLC Made for Tomorrow

Application note
Pesticide Analysis with Agilent 1260 Infinity II Prime LC Ultivo Triple Quad LC/MS

",,,,,,,,,8/16/26,8/16/26,,,"Block after Info Column",,,,No,,,,,,,"Use config",,"agilent_autosampler=Multisampler,agilent_bench_stack_configuration=Benchtop,agilent_detector=VWD,agilent_optional_secondary_detector=None,agilent_solvent_fluid_management=Solvent,gift_wrapping_available=Yes",123.0000,0.0000,1,0,0,1,1,1,10000,1,1,1.0000,1,1,1,1,1.0000,1,0,0,0,0,1,,,,,,,,,,,,,,,,,,,,,,,,,,,,,,,,,,
1260-Solvent-None-VWD-Multisampler-Stack,,Agilent_LC,simple,"Default Category/Products",base,"1260 Infinity III Prime LC System-Solvent-None-VWD-Multisampler-Stack","<p data-v-64dfe0b9=""""><strong>Featured documents</strong></p>
<div class=""documents-list d-flex flex-column flex-md-row"" data-v-64dfe0b9="""">
<div class=""document-item rounded d-flex flex-column"" tabindex=""0"" data-v-64dfe0b9=""""><a class=""d-flex"" tabindex=""-1"" href=""https://www.agilent.com/cs/library/brochures/br-infinitylab-analytical-hplc-systems-5994-7151EN-agilent.pdf"" target=""_blank"" rel=""noopener"" data-v-64dfe0b9=""""><span data-v-64dfe0b9="""">Brochure</span></a>
<h4 data-v-64dfe0b9="""">Agilent InfinityLab LC Solutions: HPLC Made for Tomorrow</h4>
</div>
<div class=""document-item rounded d-flex flex-column"" tabindex=""0"" data-v-64dfe0b9=""""><a class=""d-flex"" tabindex=""-1"" href=""https://www.agilent.com/cs/library/applications/application-pesticide-analysis-1260-infinity-II-prime-lc-ultivo-lc-ms-ms-5994-1889en-agilent.pdf"" target=""_blank"" rel=""noopener"" data-v-64dfe0b9=""""><span data-v-64dfe0b9="""">Application note</span></a>
<h4 data-v-64dfe0b9="""">Pesticide Analysis with Agilent 1260 Infinity II Prime LC Ultivo Triple Quad LC/MS</h4>
</div>
</div>","<p class=""product-description"" data-v-64dfe0b9="""">The 1260 Infinity III Prime LC System is an analytical high-performance liquid chromatography (HPLC) system, offering the flexibility of both an HPLC and a UHPLC for columns with sub-2 μm particles. It can operate at high pressures and handle flow rates up to 5 mL/min. This HPLC/UHPLC system gives you the utmost confidence in your HPLC results and can be a front end for your LC/MS system.</p>
<p class=""product-ul"" data-v-64dfe0b9=""""> </p>
<ul class=""product-features list-styled flex-column"" data-v-64dfe0b9="""">
<li data-v-64dfe0b9="""">Automates your daily HPLC tasks, ensuring reliable HPLC results</li>
<li data-v-64dfe0b9="""">Delivers gradient formation/mixing performance equivalent to a binary-like system</li>
<li data-v-64dfe0b9="""">Provides excellent retention time reproducibility, accuracy, and precision</li>
<li data-v-64dfe0b9="""">Offers seamless method transfer with Intelligent System Emulation Technology</li>
<li data-v-64dfe0b9="""">Mediates solvent effects with Feed Injection using a Hybrid Multisampler</li>
</ul>
<p> </p>",790.000000,1,"Taxable Goods","Not Visible Individually",5000.000000,,,,1260-infinity-iii-prime-lc-system-solvent-none-vwd-multisampler-stack,"1260 Infinity III Prime LC System","1260 Infinity III Prime LC System","1260 Infinity III Prime LC System Featured documents

Brochure
Agilent InfinityLab LC Solutions: HPLC Made for Tomorrow

Application note
Pesticide Analysis with Agilent 1260 Infinity II Prime LC Ultivo Triple Quad LC/MS

",,,,,,,,,8/16/26,8/16/26,,,"Block after Info Column",,,,No,,,,,,,"Use config",,"agilent_autosampler=Multisampler,agilent_bench_stack_configuration=Stack,agilent_detector=VWD,agilent_optional_secondary_detector=None,agilent_solvent_fluid_management=Solvent,gift_wrapping_available=Yes",123.0000,0.0000,1,0,0,1,1,1,10000,1,1,1.0000,1,1,1,1,1.0000,1,0,0,0,0,1,,,,,,,,,,,,,,,,,,,,,,,,,,,,,,,,,,
"1260-Solvent-None-VWD-Hybrid Multisampler-Flex",,Agilent_LC,simple,"Default Category/Products",base,"1260 Infinity III Prime LC System-Solvent-None-VWD-Hybrid Multisampler-Flex","<p data-v-64dfe0b9=""""><strong>Featured documents</strong></p>
<div class=""documents-list d-flex flex-column flex-md-row"" data-v-64dfe0b9="""">
<div class=""document-item rounded d-flex flex-column"" tabindex=""0"" data-v-64dfe0b9=""""><a class=""d-flex"" tabindex=""-1"" href=""https://www.agilent.com/cs/library/brochures/br-infinitylab-analytical-hplc-systems-5994-7151EN-agilent.pdf"" target=""_blank"" rel=""noopener"" data-v-64dfe0b9=""""><span data-v-64dfe0b9="""">Brochure</span></a>
<h4 data-v-64dfe0b9="""">Agilent InfinityLab LC Solutions: HPLC Made for Tomorrow</h4>
</div>
<div class=""document-item rounded d-flex flex-column"" tabindex=""0"" data-v-64dfe0b9=""""><a class=""d-flex"" tabindex=""-1"" href=""https://www.agilent.com/cs/library/applications/application-pesticide-analysis-1260-infinity-II-prime-lc-ultivo-lc-ms-ms-5994-1889en-agilent.pdf"" target=""_blank"" rel=""noopener"" data-v-64dfe0b9=""""><span data-v-64dfe0b9="""">Application note</span></a>
<h4 data-v-64dfe0b9="""">Pesticide Analysis with Agilent 1260 Infinity II Prime LC Ultivo Triple Quad LC/MS</h4>
</div>
</div>","<p class=""product-description"" data-v-64dfe0b9="""">The 1260 Infinity III Prime LC System is an analytical high-performance liquid chromatography (HPLC) system, offering the flexibility of both an HPLC and a UHPLC for columns with sub-2 μm particles. It can operate at high pressures and handle flow rates up to 5 mL/min. This HPLC/UHPLC system gives you the utmost confidence in your HPLC results and can be a front end for your LC/MS system.</p>
<p class=""product-ul"" data-v-64dfe0b9=""""> </p>
<ul class=""product-features list-styled flex-column"" data-v-64dfe0b9="""">
<li data-v-64dfe0b9="""">Automates your daily HPLC tasks, ensuring reliable HPLC results</li>
<li data-v-64dfe0b9="""">Delivers gradient formation/mixing performance equivalent to a binary-like system</li>
<li data-v-64dfe0b9="""">Provides excellent retention time reproducibility, accuracy, and precision</li>
<li data-v-64dfe0b9="""">Offers seamless method transfer with Intelligent System Emulation Technology</li>
<li data-v-64dfe0b9="""">Mediates solvent effects with Feed Injection using a Hybrid Multisampler</li>
</ul>
<p> </p>",790.000000,1,"Taxable Goods","Not Visible Individually",5000.000000,,,,1260-infinity-iii-prime-lc-system-solvent-none-vwd-hybrid-multisampler-flex,"1260 Infinity III Prime LC System","1260 Infinity III Prime LC System","1260 Infinity III Prime LC System Featured documents

Brochure
Agilent InfinityLab LC Solutions: HPLC Made for Tomorrow

Application note
Pesticide Analysis with Agilent 1260 Infinity II Prime LC Ultivo Triple Quad LC/MS

",,,,,,,,,8/16/26,8/16/26,,,"Block after Info Column",,,,No,,,,,,,"Use config",,"agilent_autosampler=Hybrid Multisampler,agilent_bench_stack_configuration=Flex,agilent_detector=VWD,agilent_optional_secondary_detector=None,agilent_solvent_fluid_management=Solvent,gift_wrapping_available=Yes",123.0000,0.0000,1,0,0,1,1,1,10000,1,1,1.0000,1,1,1,1,1.0000,1,0,0,0,0,1,,,,,,,,,,,,,,,,,,,,,,,,,,,,,,,,,,
"1260-Solvent-None-VWD-Hybrid Multisampler-Benchtop",,Agilent_LC,simple,"Default Category/Products",base,"1260 Infinity III Prime LC System-Solvent-None-VWD-Hybrid Multisampler-Benchtop","<p data-v-64dfe0b9=""""><strong>Featured documents</strong></p>
<div class=""documents-list d-flex flex-column flex-md-row"" data-v-64dfe0b9="""">
<div class=""document-item rounded d-flex flex-column"" tabindex=""0"" data-v-64dfe0b9=""""><a class=""d-flex"" tabindex=""-1"" href=""https://www.agilent.com/cs/library/brochures/br-infinitylab-analytical-hplc-systems-5994-7151EN-agilent.pdf"" target=""_blank"" rel=""noopener"" data-v-64dfe0b9=""""><span data-v-64dfe0b9="""">Brochure</span></a>
<h4 data-v-64dfe0b9="""">Agilent InfinityLab LC Solutions: HPLC Made for Tomorrow</h4>
</div>
<div class=""document-item rounded d-flex flex-column"" tabindex=""0"" data-v-64dfe0b9=""""><a class=""d-flex"" tabindex=""-1"" href=""https://www.agilent.com/cs/library/applications/application-pesticide-analysis-1260-infinity-II-prime-lc-ultivo-lc-ms-ms-5994-1889en-agilent.pdf"" target=""_blank"" rel=""noopener"" data-v-64dfe0b9=""""><span data-v-64dfe0b9="""">Application note</span></a>
<h4 data-v-64dfe0b9="""">Pesticide Analysis with Agilent 1260 Infinity II Prime LC Ultivo Triple Quad LC/MS</h4>
</div>
</div>","<p class=""product-description"" data-v-64dfe0b9="""">The 1260 Infinity III Prime LC System is an analytical high-performance liquid chromatography (HPLC) system, offering the flexibility of both an HPLC and a UHPLC for columns with sub-2 μm particles. It can operate at high pressures and handle flow rates up to 5 mL/min. This HPLC/UHPLC system gives you the utmost confidence in your HPLC results and can be a front end for your LC/MS system.</p>
<p class=""product-ul"" data-v-64dfe0b9=""""> </p>
<ul class=""product-features list-styled flex-column"" data-v-64dfe0b9="""">
<li data-v-64dfe0b9="""">Automates your daily HPLC tasks, ensuring reliable HPLC results</li>
<li data-v-64dfe0b9="""">Delivers gradient formation/mixing performance equivalent to a binary-like system</li>
<li data-v-64dfe0b9="""">Provides excellent retention time reproducibility, accuracy, and precision</li>
<li data-v-64dfe0b9="""">Offers seamless method transfer with Intelligent System Emulation Technology</li>
<li data-v-64dfe0b9="""">Mediates solvent effects with Feed Injection using a Hybrid Multisampler</li>
</ul>
<p> </p>",790.000000,1,"Taxable Goods","Not Visible Individually",5000.000000,,,,1260-infinity-iii-prime-lc-system-solvent-none-vwd-hybrid-multisampler-benchtop,"1260 Infinity III Prime LC System","1260 Infinity III Prime LC System","1260 Infinity III Prime LC System Featured documents

Brochure
Agilent InfinityLab LC Solutions: HPLC Made for Tomorrow

Application note
Pesticide Analysis with Agilent 1260 Infinity II Prime LC Ultivo Triple Quad LC/MS

",,,,,,,,,8/16/26,8/16/26,,,"Block after Info Column",,,,No,,,,,,,"Use config",,"agilent_autosampler=Hybrid Multisampler,agilent_bench_stack_configuration=Benchtop,agilent_detector=VWD,agilent_optional_secondary_detector=None,agilent_solvent_fluid_management=Solvent,gift_wrapping_available=Yes",123.0000,0.0000,1,0,0,1,1,1,10000,1,1,1.0000,1,1,1,1,1.0000,1,0,0,0,0,1,,,,,,,,,,,,,,,,,,,,,,,,,,,,,,,,,,
"1260-Solvent-None-VWD-Hybrid Multisampler-Stack",,Agilent_LC,simple,"Default Category/Products",base,"1260 Infinity III Prime LC System-Solvent-None-VWD-Hybrid Multisampler-Stack","<p data-v-64dfe0b9=""""><strong>Featured documents</strong></p>
<div class=""documents-list d-flex flex-column flex-md-row"" data-v-64dfe0b9="""">
<div class=""document-item rounded d-flex flex-column"" tabindex=""0"" data-v-64dfe0b9=""""><a class=""d-flex"" tabindex=""-1"" href=""https://www.agilent.com/cs/library/brochures/br-infinitylab-analytical-hplc-systems-5994-7151EN-agilent.pdf"" target=""_blank"" rel=""noopener"" data-v-64dfe0b9=""""><span data-v-64dfe0b9="""">Brochure</span></a>
<h4 data-v-64dfe0b9="""">Agilent InfinityLab LC Solutions: HPLC Made for Tomorrow</h4>
</div>
<div class=""document-item rounded d-flex flex-column"" tabindex=""0"" data-v-64dfe0b9=""""><a class=""d-flex"" tabindex=""-1"" href=""https://www.agilent.com/cs/library/applications/application-pesticide-analysis-1260-infinity-II-prime-lc-ultivo-lc-ms-ms-5994-1889en-agilent.pdf"" target=""_blank"" rel=""noopener"" data-v-64dfe0b9=""""><span data-v-64dfe0b9="""">Application note</span></a>
<h4 data-v-64dfe0b9="""">Pesticide Analysis with Agilent 1260 Infinity II Prime LC Ultivo Triple Quad LC/MS</h4>
</div>
</div>","<p class=""product-description"" data-v-64dfe0b9="""">The 1260 Infinity III Prime LC System is an analytical high-performance liquid chromatography (HPLC) system, offering the flexibility of both an HPLC and a UHPLC for columns with sub-2 μm particles. It can operate at high pressures and handle flow rates up to 5 mL/min. This HPLC/UHPLC system gives you the utmost confidence in your HPLC results and can be a front end for your LC/MS system.</p>
<p class=""product-ul"" data-v-64dfe0b9=""""> </p>
<ul class=""product-features list-styled flex-column"" data-v-64dfe0b9="""">
<li data-v-64dfe0b9="""">Automates your daily HPLC tasks, ensuring reliable HPLC results</li>
<li data-v-64dfe0b9="""">Delivers gradient formation/mixing performance equivalent to a binary-like system</li>
<li data-v-64dfe0b9="""">Provides excellent retention time reproducibility, accuracy, and precision</li>
<li data-v-64dfe0b9="""">Offers seamless method transfer with Intelligent System Emulation Technology</li>
<li data-v-64dfe0b9="""">Mediates solvent effects with Feed Injection using a Hybrid Multisampler</li>
</ul>
<p> </p>",790.000000,1,"Taxable Goods","Not Visible Individually",5000.000000,,,,1260-infinity-iii-prime-lc-system-solvent-none-vwd-hybrid-multisampler-stack,"1260 Infinity III Prime LC System","1260 Infinity III Prime LC System","1260 Infinity III Prime LC System Featured documents

Brochure
Agilent InfinityLab LC Solutions: HPLC Made for Tomorrow

Application note
Pesticide Analysis with Agilent 1260 Infinity II Prime LC Ultivo Triple Quad LC/MS

",,,,,,,,,8/16/26,8/16/26,,,"Block after Info Column",,,,No,,,,,,,"Use config",,"agilent_autosampler=Hybrid Multisampler,agilent_bench_stack_configuration=Stack,agilent_detector=VWD,agilent_optional_secondary_detector=None,agilent_solvent_fluid_management=Solvent,gift_wrapping_available=Yes",123.0000,0.0000,1,0,0,1,1,1,10000,1,1,1.0000,1,1,1,1,1.0000,1,0,0,0,0,1,,,,,,,,,,,,,,,,,,,,,,,,,,,,,,,,,,
1260-Solvent-None-VWD-Vialsampler-Flex,,Agilent_LC,simple,"Default Category/Products",base,"1260 Infinity III Prime LC System-Solvent-None-VWD-Vialsampler-Flex","<p data-v-64dfe0b9=""""><strong>Featured documents</strong></p>
<div class=""documents-list d-flex flex-column flex-md-row"" data-v-64dfe0b9="""">
<div class=""document-item rounded d-flex flex-column"" tabindex=""0"" data-v-64dfe0b9=""""><a class=""d-flex"" tabindex=""-1"" href=""https://www.agilent.com/cs/library/brochures/br-infinitylab-analytical-hplc-systems-5994-7151EN-agilent.pdf"" target=""_blank"" rel=""noopener"" data-v-64dfe0b9=""""><span data-v-64dfe0b9="""">Brochure</span></a>
<h4 data-v-64dfe0b9="""">Agilent InfinityLab LC Solutions: HPLC Made for Tomorrow</h4>
</div>
<div class=""document-item rounded d-flex flex-column"" tabindex=""0"" data-v-64dfe0b9=""""><a class=""d-flex"" tabindex=""-1"" href=""https://www.agilent.com/cs/library/applications/application-pesticide-analysis-1260-infinity-II-prime-lc-ultivo-lc-ms-ms-5994-1889en-agilent.pdf"" target=""_blank"" rel=""noopener"" data-v-64dfe0b9=""""><span data-v-64dfe0b9="""">Application note</span></a>
<h4 data-v-64dfe0b9="""">Pesticide Analysis with Agilent 1260 Infinity II Prime LC Ultivo Triple Quad LC/MS</h4>
</div>
</div>","<p class=""product-description"" data-v-64dfe0b9="""">The 1260 Infinity III Prime LC System is an analytical high-performance liquid chromatography (HPLC) system, offering the flexibility of both an HPLC and a UHPLC for columns with sub-2 μm particles. It can operate at high pressures and handle flow rates up to 5 mL/min. This HPLC/UHPLC system gives you the utmost confidence in your HPLC results and can be a front end for your LC/MS system.</p>
<p class=""product-ul"" data-v-64dfe0b9=""""> </p>
<ul class=""product-features list-styled flex-column"" data-v-64dfe0b9="""">
<li data-v-64dfe0b9="""">Automates your daily HPLC tasks, ensuring reliable HPLC results</li>
<li data-v-64dfe0b9="""">Delivers gradient formation/mixing performance equivalent to a binary-like system</li>
<li data-v-64dfe0b9="""">Provides excellent retention time reproducibility, accuracy, and precision</li>
<li data-v-64dfe0b9="""">Offers seamless method transfer with Intelligent System Emulation Technology</li>
<li data-v-64dfe0b9="""">Mediates solvent effects with Feed Injection using a Hybrid Multisampler</li>
</ul>
<p> </p>",790.000000,1,"Taxable Goods","Not Visible Individually",5000.000000,,,,1260-infinity-iii-prime-lc-system-solvent-none-vwd-vialsampler-flex,"1260 Infinity III Prime LC System","1260 Infinity III Prime LC System","1260 Infinity III Prime LC System Featured documents

Brochure
Agilent InfinityLab LC Solutions: HPLC Made for Tomorrow

Application note
Pesticide Analysis with Agilent 1260 Infinity II Prime LC Ultivo Triple Quad LC/MS

",,,,,,,,,8/16/26,8/16/26,,,"Block after Info Column",,,,No,,,,,,,"Use config",,"agilent_autosampler=Vialsampler,agilent_bench_stack_configuration=Flex,agilent_detector=VWD,agilent_optional_secondary_detector=None,agilent_solvent_fluid_management=Solvent,gift_wrapping_available=Yes",123.0000,0.0000,1,0,0,1,1,1,10000,1,1,1.0000,1,1,1,1,1.0000,1,0,0,0,0,1,,,,,,,,,,,,,,,,,,,,,,,,,,,,,,,,,,
1260-Solvent-None-VWD-Vialsampler-Benchtop,,Agilent_LC,simple,"Default Category/Products",base,"1260 Infinity III Prime LC System-Solvent-None-VWD-Vialsampler-Benchtop","<p data-v-64dfe0b9=""""><strong>Featured documents</strong></p>
<div class=""documents-list d-flex flex-column flex-md-row"" data-v-64dfe0b9="""">
<div class=""document-item rounded d-flex flex-column"" tabindex=""0"" data-v-64dfe0b9=""""><a class=""d-flex"" tabindex=""-1"" href=""https://www.agilent.com/cs/library/brochures/br-infinitylab-analytical-hplc-systems-5994-7151EN-agilent.pdf"" target=""_blank"" rel=""noopener"" data-v-64dfe0b9=""""><span data-v-64dfe0b9="""">Brochure</span></a>
<h4 data-v-64dfe0b9="""">Agilent InfinityLab LC Solutions: HPLC Made for Tomorrow</h4>
</div>
<div class=""document-item rounded d-flex flex-column"" tabindex=""0"" data-v-64dfe0b9=""""><a class=""d-flex"" tabindex=""-1"" href=""https://www.agilent.com/cs/library/applications/application-pesticide-analysis-1260-infinity-II-prime-lc-ultivo-lc-ms-ms-5994-1889en-agilent.pdf"" target=""_blank"" rel=""noopener"" data-v-64dfe0b9=""""><span data-v-64dfe0b9="""">Application note</span></a>
<h4 data-v-64dfe0b9="""">Pesticide Analysis with Agilent 1260 Infinity II Prime LC Ultivo Triple Quad LC/MS</h4>
</div>
</div>","<p class=""product-description"" data-v-64dfe0b9="""">The 1260 Infinity III Prime LC System is an analytical high-performance liquid chromatography (HPLC) system, offering the flexibility of both an HPLC and a UHPLC for columns with sub-2 μm particles. It can operate at high pressures and handle flow rates up to 5 mL/min. This HPLC/UHPLC system gives you the utmost confidence in your HPLC results and can be a front end for your LC/MS system.</p>
<p class=""product-ul"" data-v-64dfe0b9=""""> </p>
<ul class=""product-features list-styled flex-column"" data-v-64dfe0b9="""">
<li data-v-64dfe0b9="""">Automates your daily HPLC tasks, ensuring reliable HPLC results</li>
<li data-v-64dfe0b9="""">Delivers gradient formation/mixing performance equivalent to a binary-like system</li>
<li data-v-64dfe0b9="""">Provides excellent retention time reproducibility, accuracy, and precision</li>
<li data-v-64dfe0b9="""">Offers seamless method transfer with Intelligent System Emulation Technology</li>
<li data-v-64dfe0b9="""">Mediates solvent effects with Feed Injection using a Hybrid Multisampler</li>
</ul>
<p> </p>",790.000000,1,"Taxable Goods","Not Visible Individually",5000.000000,,,,1260-infinity-iii-prime-lc-system-solvent-none-vwd-vialsampler-benchtop,"1260 Infinity III Prime LC System","1260 Infinity III Prime LC System","1260 Infinity III Prime LC System Featured documents

Brochure
Agilent InfinityLab LC Solutions: HPLC Made for Tomorrow

Application note
Pesticide Analysis with Agilent 1260 Infinity II Prime LC Ultivo Triple Quad LC/MS

",,,,,,,,,8/16/26,8/16/26,,,"Block after Info Column",,,,No,,,,,,,"Use config",,"agilent_autosampler=Vialsampler,agilent_bench_stack_configuration=Benchtop,agilent_detector=VWD,agilent_optional_secondary_detector=None,agilent_solvent_fluid_management=Solvent,gift_wrapping_available=Yes",123.0000,0.0000,1,0,0,1,1,1,10000,1,1,1.0000,1,1,1,1,1.0000,1,0,0,0,0,1,,,,,,,,,,,,,,,,,,,,,,,,,,,,,,,,,,
1260-Solvent-None-VWD-Vialsampler-Stack,,Agilent_LC,simple,"Default Category/Products",base,"1260 Infinity III Prime LC System-Solvent-None-VWD-Vialsampler-Stack","<p data-v-64dfe0b9=""""><strong>Featured documents</strong></p>
<div class=""documents-list d-flex flex-column flex-md-row"" data-v-64dfe0b9="""">
<div class=""document-item rounded d-flex flex-column"" tabindex=""0"" data-v-64dfe0b9=""""><a class=""d-flex"" tabindex=""-1"" href=""https://www.agilent.com/cs/library/brochures/br-infinitylab-analytical-hplc-systems-5994-7151EN-agilent.pdf"" target=""_blank"" rel=""noopener"" data-v-64dfe0b9=""""><span data-v-64dfe0b9="""">Brochure</span></a>
<h4 data-v-64dfe0b9="""">Agilent InfinityLab LC Solutions: HPLC Made for Tomorrow</h4>
</div>
<div class=""document-item rounded d-flex flex-column"" tabindex=""0"" data-v-64dfe0b9=""""><a class=""d-flex"" tabindex=""-1"" href=""https://www.agilent.com/cs/library/applications/application-pesticide-analysis-1260-infinity-II-prime-lc-ultivo-lc-ms-ms-5994-1889en-agilent.pdf"" target=""_blank"" rel=""noopener"" data-v-64dfe0b9=""""><span data-v-64dfe0b9="""">Application note</span></a>
<h4 data-v-64dfe0b9="""">Pesticide Analysis with Agilent 1260 Infinity II Prime LC Ultivo Triple Quad LC/MS</h4>
</div>
</div>","<p class=""product-description"" data-v-64dfe0b9="""">The 1260 Infinity III Prime LC System is an analytical high-performance liquid chromatography (HPLC) system, offering the flexibility of both an HPLC and a UHPLC for columns with sub-2 μm particles. It can operate at high pressures and handle flow rates up to 5 mL/min. This HPLC/UHPLC system gives you the utmost confidence in your HPLC results and can be a front end for your LC/MS system.</p>
<p class=""product-ul"" data-v-64dfe0b9=""""> </p>
<ul class=""product-features list-styled flex-column"" data-v-64dfe0b9="""">
<li data-v-64dfe0b9="""">Automates your daily HPLC tasks, ensuring reliable HPLC results</li>
<li data-v-64dfe0b9="""">Delivers gradient formation/mixing performance equivalent to a binary-like system</li>
<li data-v-64dfe0b9="""">Provides excellent retention time reproducibility, accuracy, and precision</li>
<li data-v-64dfe0b9="""">Offers seamless method transfer with Intelligent System Emulation Technology</li>
<li data-v-64dfe0b9="""">Mediates solvent effects with Feed Injection using a Hybrid Multisampler</li>
</ul>
<p> </p>",790.000000,1,"Taxable Goods","Not Visible Individually",5000.000000,,,,1260-infinity-iii-prime-lc-system-solvent-none-vwd-vialsampler-stack,"1260 Infinity III Prime LC System","1260 Infinity III Prime LC System","1260 Infinity III Prime LC System Featured documents

Brochure
Agilent InfinityLab LC Solutions: HPLC Made for Tomorrow

Application note
Pesticide Analysis with Agilent 1260 Infinity II Prime LC Ultivo Triple Quad LC/MS

",,,,,,,,,8/16/26,8/16/26,,,"Block after Info Column",,,,No,,,,,,,"Use config",,"agilent_autosampler=Vialsampler,agilent_bench_stack_configuration=Stack,agilent_detector=VWD,agilent_optional_secondary_detector=None,agilent_solvent_fluid_management=Solvent,gift_wrapping_available=Yes",123.0000,0.0000,1,0,0,1,1,1,10000,1,1,1.0000,1,1,1,1,1.0000,1,0,0,0,0,1,,,,,,,,,,,,,,,,,,,,,,,,,,,,,,,,,,
1260-Solvent-None-FLD-Multisampler-Flex,,Agilent_LC,simple,"Default Category/Products",base,"1260 Infinity III Prime LC System-Solvent-None-FLD-Multisampler-Flex","<p data-v-64dfe0b9=""""><strong>Featured documents</strong></p>
<div class=""documents-list d-flex flex-column flex-md-row"" data-v-64dfe0b9="""">
<div class=""document-item rounded d-flex flex-column"" tabindex=""0"" data-v-64dfe0b9=""""><a class=""d-flex"" tabindex=""-1"" href=""https://www.agilent.com/cs/library/brochures/br-infinitylab-analytical-hplc-systems-5994-7151EN-agilent.pdf"" target=""_blank"" rel=""noopener"" data-v-64dfe0b9=""""><span data-v-64dfe0b9="""">Brochure</span></a>
<h4 data-v-64dfe0b9="""">Agilent InfinityLab LC Solutions: HPLC Made for Tomorrow</h4>
</div>
<div class=""document-item rounded d-flex flex-column"" tabindex=""0"" data-v-64dfe0b9=""""><a class=""d-flex"" tabindex=""-1"" href=""https://www.agilent.com/cs/library/applications/application-pesticide-analysis-1260-infinity-II-prime-lc-ultivo-lc-ms-ms-5994-1889en-agilent.pdf"" target=""_blank"" rel=""noopener"" data-v-64dfe0b9=""""><span data-v-64dfe0b9="""">Application note</span></a>
<h4 data-v-64dfe0b9="""">Pesticide Analysis with Agilent 1260 Infinity II Prime LC Ultivo Triple Quad LC/MS</h4>
</div>
</div>","<p class=""product-description"" data-v-64dfe0b9="""">The 1260 Infinity III Prime LC System is an analytical high-performance liquid chromatography (HPLC) system, offering the flexibility of both an HPLC and a UHPLC for columns with sub-2 μm particles. It can operate at high pressures and handle flow rates up to 5 mL/min. This HPLC/UHPLC system gives you the utmost confidence in your HPLC results and can be a front end for your LC/MS system.</p>
<p class=""product-ul"" data-v-64dfe0b9=""""> </p>
<ul class=""product-features list-styled flex-column"" data-v-64dfe0b9="""">
<li data-v-64dfe0b9="""">Automates your daily HPLC tasks, ensuring reliable HPLC results</li>
<li data-v-64dfe0b9="""">Delivers gradient formation/mixing performance equivalent to a binary-like system</li>
<li data-v-64dfe0b9="""">Provides excellent retention time reproducibility, accuracy, and precision</li>
<li data-v-64dfe0b9="""">Offers seamless method transfer with Intelligent System Emulation Technology</li>
<li data-v-64dfe0b9="""">Mediates solvent effects with Feed Injection using a Hybrid Multisampler</li>
</ul>
<p> </p>",790.000000,1,"Taxable Goods","Not Visible Individually",5000.000000,,,,1260-infinity-iii-prime-lc-system-solvent-none-fld-multisampler-flex,"1260 Infinity III Prime LC System","1260 Infinity III Prime LC System","1260 Infinity III Prime LC System Featured documents

Brochure
Agilent InfinityLab LC Solutions: HPLC Made for Tomorrow

Application note
Pesticide Analysis with Agilent 1260 Infinity II Prime LC Ultivo Triple Quad LC/MS

",,,,,,,,,8/16/26,8/16/26,,,"Block after Info Column",,,,No,,,,,,,"Use config",,"agilent_autosampler=Multisampler,agilent_bench_stack_configuration=Flex,agilent_detector=FLD,agilent_optional_secondary_detector=None,agilent_solvent_fluid_management=Solvent,gift_wrapping_available=Yes",123.0000,0.0000,1,0,0,1,1,1,10000,1,1,1.0000,1,1,1,1,1.0000,1,0,0,0,0,1,,,,,,,,,,,,,,,,,,,,,,,,,,,,,,,,,,
1260-Solvent-None-FLD-Multisampler-Benchtop,,Agilent_LC,simple,"Default Category/Products",base,"1260 Infinity III Prime LC System-Solvent-None-FLD-Multisampler-Benchtop","<p data-v-64dfe0b9=""""><strong>Featured documents</strong></p>
<div class=""documents-list d-flex flex-column flex-md-row"" data-v-64dfe0b9="""">
<div class=""document-item rounded d-flex flex-column"" tabindex=""0"" data-v-64dfe0b9=""""><a class=""d-flex"" tabindex=""-1"" href=""https://www.agilent.com/cs/library/brochures/br-infinitylab-analytical-hplc-systems-5994-7151EN-agilent.pdf"" target=""_blank"" rel=""noopener"" data-v-64dfe0b9=""""><span data-v-64dfe0b9="""">Brochure</span></a>
<h4 data-v-64dfe0b9="""">Agilent InfinityLab LC Solutions: HPLC Made for Tomorrow</h4>
</div>
<div class=""document-item rounded d-flex flex-column"" tabindex=""0"" data-v-64dfe0b9=""""><a class=""d-flex"" tabindex=""-1"" href=""https://www.agilent.com/cs/library/applications/application-pesticide-analysis-1260-infinity-II-prime-lc-ultivo-lc-ms-ms-5994-1889en-agilent.pdf"" target=""_blank"" rel=""noopener"" data-v-64dfe0b9=""""><span data-v-64dfe0b9="""">Application note</span></a>
<h4 data-v-64dfe0b9="""">Pesticide Analysis with Agilent 1260 Infinity II Prime LC Ultivo Triple Quad LC/MS</h4>
</div>
</div>","<p class=""product-description"" data-v-64dfe0b9="""">The 1260 Infinity III Prime LC System is an analytical high-performance liquid chromatography (HPLC) system, offering the flexibility of both an HPLC and a UHPLC for columns with sub-2 μm particles. It can operate at high pressures and handle flow rates up to 5 mL/min. This HPLC/UHPLC system gives you the utmost confidence in your HPLC results and can be a front end for your LC/MS system.</p>
<p class=""product-ul"" data-v-64dfe0b9=""""> </p>
<ul class=""product-features list-styled flex-column"" data-v-64dfe0b9="""">
<li data-v-64dfe0b9="""">Automates your daily HPLC tasks, ensuring reliable HPLC results</li>
<li data-v-64dfe0b9="""">Delivers gradient formation/mixing performance equivalent to a binary-like system</li>
<li data-v-64dfe0b9="""">Provides excellent retention time reproducibility, accuracy, and precision</li>
<li data-v-64dfe0b9="""">Offers seamless method transfer with Intelligent System Emulation Technology</li>
<li data-v-64dfe0b9="""">Mediates solvent effects with Feed Injection using a Hybrid Multisampler</li>
</ul>
<p> </p>",790.000000,1,"Taxable Goods","Not Visible Individually",5000.000000,,,,1260-infinity-iii-prime-lc-system-solvent-none-fld-multisampler-benchtop,"1260 Infinity III Prime LC System","1260 Infinity III Prime LC System","1260 Infinity III Prime LC System Featured documents

Brochure
Agilent InfinityLab LC Solutions: HPLC Made for Tomorrow

Application note
Pesticide Analysis with Agilent 1260 Infinity II Prime LC Ultivo Triple Quad LC/MS

",,,,,,,,,8/16/26,8/16/26,,,"Block after Info Column",,,,No,,,,,,,"Use config",,"agilent_autosampler=Multisampler,agilent_bench_stack_configuration=Benchtop,agilent_detector=FLD,agilent_optional_secondary_detector=None,agilent_solvent_fluid_management=Solvent,gift_wrapping_available=Yes",123.0000,0.0000,1,0,0,1,1,1,10000,1,1,1.0000,1,1,1,1,1.0000,1,0,0,0,0,1,,,,,,,,,,,,,,,,,,,,,,,,,,,,,,,,,,
1260-Solvent-None-FLD-Multisampler-Stack,,Agilent_LC,simple,"Default Category/Products",base,"1260 Infinity III Prime LC System-Solvent-None-FLD-Multisampler-Stack","<p data-v-64dfe0b9=""""><strong>Featured documents</strong></p>
<div class=""documents-list d-flex flex-column flex-md-row"" data-v-64dfe0b9="""">
<div class=""document-item rounded d-flex flex-column"" tabindex=""0"" data-v-64dfe0b9=""""><a class=""d-flex"" tabindex=""-1"" href=""https://www.agilent.com/cs/library/brochures/br-infinitylab-analytical-hplc-systems-5994-7151EN-agilent.pdf"" target=""_blank"" rel=""noopener"" data-v-64dfe0b9=""""><span data-v-64dfe0b9="""">Brochure</span></a>
<h4 data-v-64dfe0b9="""">Agilent InfinityLab LC Solutions: HPLC Made for Tomorrow</h4>
</div>
<div class=""document-item rounded d-flex flex-column"" tabindex=""0"" data-v-64dfe0b9=""""><a class=""d-flex"" tabindex=""-1"" href=""https://www.agilent.com/cs/library/applications/application-pesticide-analysis-1260-infinity-II-prime-lc-ultivo-lc-ms-ms-5994-1889en-agilent.pdf"" target=""_blank"" rel=""noopener"" data-v-64dfe0b9=""""><span data-v-64dfe0b9="""">Application note</span></a>
<h4 data-v-64dfe0b9="""">Pesticide Analysis with Agilent 1260 Infinity II Prime LC Ultivo Triple Quad LC/MS</h4>
</div>
</div>","<p class=""product-description"" data-v-64dfe0b9="""">The 1260 Infinity III Prime LC System is an analytical high-performance liquid chromatography (HPLC) system, offering the flexibility of both an HPLC and a UHPLC for columns with sub-2 μm particles. It can operate at high pressures and handle flow rates up to 5 mL/min. This HPLC/UHPLC system gives you the utmost confidence in your HPLC results and can be a front end for your LC/MS system.</p>
<p class=""product-ul"" data-v-64dfe0b9=""""> </p>
<ul class=""product-features list-styled flex-column"" data-v-64dfe0b9="""">
<li data-v-64dfe0b9="""">Automates your daily HPLC tasks, ensuring reliable HPLC results</li>
<li data-v-64dfe0b9="""">Delivers gradient formation/mixing performance equivalent to a binary-like system</li>
<li data-v-64dfe0b9="""">Provides excellent retention time reproducibility, accuracy, and precision</li>
<li data-v-64dfe0b9="""">Offers seamless method transfer with Intelligent System Emulation Technology</li>
<li data-v-64dfe0b9="""">Mediates solvent effects with Feed Injection using a Hybrid Multisampler</li>
</ul>
<p> </p>",790.000000,1,"Taxable Goods","Not Visible Individually",5000.000000,,,,1260-infinity-iii-prime-lc-system-solvent-none-fld-multisampler-stack,"1260 Infinity III Prime LC System","1260 Infinity III Prime LC System","1260 Infinity III Prime LC System Featured documents

Brochure
Agilent InfinityLab LC Solutions: HPLC Made for Tomorrow

Application note
Pesticide Analysis with Agilent 1260 Infinity II Prime LC Ultivo Triple Quad LC/MS

",,,,,,,,,8/16/26,8/16/26,,,"Block after Info Column",,,,No,,,,,,,"Use config",,"agilent_autosampler=Multisampler,agilent_bench_stack_configuration=Stack,agilent_detector=FLD,agilent_optional_secondary_detector=None,agilent_solvent_fluid_management=Solvent,gift_wrapping_available=Yes",123.0000,0.0000,1,0,0,1,1,1,10000,1,1,1.0000,1,1,1,1,1.0000,1,0,0,0,0,1,,,,,,,,,,,,,,,,,,,,,,,,,,,,,,,,,,
"1260-Solvent-None-FLD-Hybrid Multisampler-Flex",,Agilent_LC,simple,"Default Category/Products",base,"1260 Infinity III Prime LC System-Solvent-None-FLD-Hybrid Multisampler-Flex","<p data-v-64dfe0b9=""""><strong>Featured documents</strong></p>
<div class=""documents-list d-flex flex-column flex-md-row"" data-v-64dfe0b9="""">
<div class=""document-item rounded d-flex flex-column"" tabindex=""0"" data-v-64dfe0b9=""""><a class=""d-flex"" tabindex=""-1"" href=""https://www.agilent.com/cs/library/brochures/br-infinitylab-analytical-hplc-systems-5994-7151EN-agilent.pdf"" target=""_blank"" rel=""noopener"" data-v-64dfe0b9=""""><span data-v-64dfe0b9="""">Brochure</span></a>
<h4 data-v-64dfe0b9="""">Agilent InfinityLab LC Solutions: HPLC Made for Tomorrow</h4>
</div>
<div class=""document-item rounded d-flex flex-column"" tabindex=""0"" data-v-64dfe0b9=""""><a class=""d-flex"" tabindex=""-1"" href=""https://www.agilent.com/cs/library/applications/application-pesticide-analysis-1260-infinity-II-prime-lc-ultivo-lc-ms-ms-5994-1889en-agilent.pdf"" target=""_blank"" rel=""noopener"" data-v-64dfe0b9=""""><span data-v-64dfe0b9="""">Application note</span></a>
<h4 data-v-64dfe0b9="""">Pesticide Analysis with Agilent 1260 Infinity II Prime LC Ultivo Triple Quad LC/MS</h4>
</div>
</div>","<p class=""product-description"" data-v-64dfe0b9="""">The 1260 Infinity III Prime LC System is an analytical high-performance liquid chromatography (HPLC) system, offering the flexibility of both an HPLC and a UHPLC for columns with sub-2 μm particles. It can operate at high pressures and handle flow rates up to 5 mL/min. This HPLC/UHPLC system gives you the utmost confidence in your HPLC results and can be a front end for your LC/MS system.</p>
<p class=""product-ul"" data-v-64dfe0b9=""""> </p>
<ul class=""product-features list-styled flex-column"" data-v-64dfe0b9="""">
<li data-v-64dfe0b9="""">Automates your daily HPLC tasks, ensuring reliable HPLC results</li>
<li data-v-64dfe0b9="""">Delivers gradient formation/mixing performance equivalent to a binary-like system</li>
<li data-v-64dfe0b9="""">Provides excellent retention time reproducibility, accuracy, and precision</li>
<li data-v-64dfe0b9="""">Offers seamless method transfer with Intelligent System Emulation Technology</li>
<li data-v-64dfe0b9="""">Mediates solvent effects with Feed Injection using a Hybrid Multisampler</li>
</ul>
<p> </p>",790.000000,1,"Taxable Goods","Not Visible Individually",5000.000000,,,,1260-infinity-iii-prime-lc-system-solvent-none-fld-hybrid-multisampler-flex,"1260 Infinity III Prime LC System","1260 Infinity III Prime LC System","1260 Infinity III Prime LC System Featured documents

Brochure
Agilent InfinityLab LC Solutions: HPLC Made for Tomorrow

Application note
Pesticide Analysis with Agilent 1260 Infinity II Prime LC Ultivo Triple Quad LC/MS

",,,,,,,,,8/16/26,8/16/26,,,"Block after Info Column",,,,No,,,,,,,"Use config",,"agilent_autosampler=Hybrid Multisampler,agilent_bench_stack_configuration=Flex,agilent_detector=FLD,agilent_optional_secondary_detector=None,agilent_solvent_fluid_management=Solvent,gift_wrapping_available=Yes",123.0000,0.0000,1,0,0,1,1,1,10000,1,1,1.0000,1,1,1,1,1.0000,1,0,0,0,0,1,,,,,,,,,,,,,,,,,,,,,,,,,,,,,,,,,,
"1260-Solvent-None-FLD-Hybrid Multisampler-Benchtop",,Agilent_LC,simple,"Default Category/Products",base,"1260 Infinity III Prime LC System-Solvent-None-FLD-Hybrid Multisampler-Benchtop","<p data-v-64dfe0b9=""""><strong>Featured documents</strong></p>
<div class=""documents-list d-flex flex-column flex-md-row"" data-v-64dfe0b9="""">
<div class=""document-item rounded d-flex flex-column"" tabindex=""0"" data-v-64dfe0b9=""""><a class=""d-flex"" tabindex=""-1"" href=""https://www.agilent.com/cs/library/brochures/br-infinitylab-analytical-hplc-systems-5994-7151EN-agilent.pdf"" target=""_blank"" rel=""noopener"" data-v-64dfe0b9=""""><span data-v-64dfe0b9="""">Brochure</span></a>
<h4 data-v-64dfe0b9="""">Agilent InfinityLab LC Solutions: HPLC Made for Tomorrow</h4>
</div>
<div class=""document-item rounded d-flex flex-column"" tabindex=""0"" data-v-64dfe0b9=""""><a class=""d-flex"" tabindex=""-1"" href=""https://www.agilent.com/cs/library/applications/application-pesticide-analysis-1260-infinity-II-prime-lc-ultivo-lc-ms-ms-5994-1889en-agilent.pdf"" target=""_blank"" rel=""noopener"" data-v-64dfe0b9=""""><span data-v-64dfe0b9="""">Application note</span></a>
<h4 data-v-64dfe0b9="""">Pesticide Analysis with Agilent 1260 Infinity II Prime LC Ultivo Triple Quad LC/MS</h4>
</div>
</div>","<p class=""product-description"" data-v-64dfe0b9="""">The 1260 Infinity III Prime LC System is an analytical high-performance liquid chromatography (HPLC) system, offering the flexibility of both an HPLC and a UHPLC for columns with sub-2 μm particles. It can operate at high pressures and handle flow rates up to 5 mL/min. This HPLC/UHPLC system gives you the utmost confidence in your HPLC results and can be a front end for your LC/MS system.</p>
<p class=""product-ul"" data-v-64dfe0b9=""""> </p>
<ul class=""product-features list-styled flex-column"" data-v-64dfe0b9="""">
<li data-v-64dfe0b9="""">Automates your daily HPLC tasks, ensuring reliable HPLC results</li>
<li data-v-64dfe0b9="""">Delivers gradient formation/mixing performance equivalent to a binary-like system</li>
<li data-v-64dfe0b9="""">Provides excellent retention time reproducibility, accuracy, and precision</li>
<li data-v-64dfe0b9="""">Offers seamless method transfer with Intelligent System Emulation Technology</li>
<li data-v-64dfe0b9="""">Mediates solvent effects with Feed Injection using a Hybrid Multisampler</li>
</ul>
<p> </p>",790.000000,1,"Taxable Goods","Not Visible Individually",5000.000000,,,,1260-infinity-iii-prime-lc-system-solvent-none-fld-hybrid-multisampler-benchtop,"1260 Infinity III Prime LC System","1260 Infinity III Prime LC System","1260 Infinity III Prime LC System Featured documents

Brochure
Agilent InfinityLab LC Solutions: HPLC Made for Tomorrow

Application note
Pesticide Analysis with Agilent 1260 Infinity II Prime LC Ultivo Triple Quad LC/MS

",,,,,,,,,8/16/26,8/16/26,,,"Block after Info Column",,,,No,,,,,,,"Use config",,"agilent_autosampler=Hybrid Multisampler,agilent_bench_stack_configuration=Benchtop,agilent_detector=FLD,agilent_optional_secondary_detector=None,agilent_solvent_fluid_management=Solvent,gift_wrapping_available=Yes",123.0000,0.0000,1,0,0,1,1,1,10000,1,1,1.0000,1,1,1,1,1.0000,1,0,0,0,0,1,,,,,,,,,,,,,,,,,,,,,,,,,,,,,,,,,,
"1260-Solvent-None-FLD-Hybrid Multisampler-Stack",,Agilent_LC,simple,"Default Category/Products",base,"1260 Infinity III Prime LC System-Solvent-None-FLD-Hybrid Multisampler-Stack","<p data-v-64dfe0b9=""""><strong>Featured documents</strong></p>
<div class=""documents-list d-flex flex-column flex-md-row"" data-v-64dfe0b9="""">
<div class=""document-item rounded d-flex flex-column"" tabindex=""0"" data-v-64dfe0b9=""""><a class=""d-flex"" tabindex=""-1"" href=""https://www.agilent.com/cs/library/brochures/br-infinitylab-analytical-hplc-systems-5994-7151EN-agilent.pdf"" target=""_blank"" rel=""noopener"" data-v-64dfe0b9=""""><span data-v-64dfe0b9="""">Brochure</span></a>
<h4 data-v-64dfe0b9="""">Agilent InfinityLab LC Solutions: HPLC Made for Tomorrow</h4>
</div>
<div class=""document-item rounded d-flex flex-column"" tabindex=""0"" data-v-64dfe0b9=""""><a class=""d-flex"" tabindex=""-1"" href=""https://www.agilent.com/cs/library/applications/application-pesticide-analysis-1260-infinity-II-prime-lc-ultivo-lc-ms-ms-5994-1889en-agilent.pdf"" target=""_blank"" rel=""noopener"" data-v-64dfe0b9=""""><span data-v-64dfe0b9="""">Application note</span></a>
<h4 data-v-64dfe0b9="""">Pesticide Analysis with Agilent 1260 Infinity II Prime LC Ultivo Triple Quad LC/MS</h4>
</div>
</div>","<p class=""product-description"" data-v-64dfe0b9="""">The 1260 Infinity III Prime LC System is an analytical high-performance liquid chromatography (HPLC) system, offering the flexibility of both an HPLC and a UHPLC for columns with sub-2 μm particles. It can operate at high pressures and handle flow rates up to 5 mL/min. This HPLC/UHPLC system gives you the utmost confidence in your HPLC results and can be a front end for your LC/MS system.</p>
<p class=""product-ul"" data-v-64dfe0b9=""""> </p>
<ul class=""product-features list-styled flex-column"" data-v-64dfe0b9="""">
<li data-v-64dfe0b9="""">Automates your daily HPLC tasks, ensuring reliable HPLC results</li>
<li data-v-64dfe0b9="""">Delivers gradient formation/mixing performance equivalent to a binary-like system</li>
<li data-v-64dfe0b9="""">Provides excellent retention time reproducibility, accuracy, and precision</li>
<li data-v-64dfe0b9="""">Offers seamless method transfer with Intelligent System Emulation Technology</li>
<li data-v-64dfe0b9="""">Mediates solvent effects with Feed Injection using a Hybrid Multisampler</li>
</ul>
<p> </p>",790.000000,1,"Taxable Goods","Not Visible Individually",5000.000000,,,,1260-infinity-iii-prime-lc-system-solvent-none-fld-hybrid-multisampler-stack,"1260 Infinity III Prime LC System","1260 Infinity III Prime LC System","1260 Infinity III Prime LC System Featured documents

Brochure
Agilent InfinityLab LC Solutions: HPLC Made for Tomorrow

Application note
Pesticide Analysis with Agilent 1260 Infinity II Prime LC Ultivo Triple Quad LC/MS

",,,,,,,,,8/16/26,8/16/26,,,"Block after Info Column",,,,No,,,,,,,"Use config",,"agilent_autosampler=Hybrid Multisampler,agilent_bench_stack_configuration=Stack,agilent_detector=FLD,agilent_optional_secondary_detector=None,agilent_solvent_fluid_management=Solvent,gift_wrapping_available=Yes",123.0000,0.0000,1,0,0,1,1,1,10000,1,1,1.0000,1,1,1,1,1.0000,1,0,0,0,0,1,,,,,,,,,,,,,,,,,,,,,,,,,,,,,,,,,,
1260-Solvent-None-FLD-Vialsampler-Flex,,Agilent_LC,simple,"Default Category/Products",base,"1260 Infinity III Prime LC System-Solvent-None-FLD-Vialsampler-Flex","<p data-v-64dfe0b9=""""><strong>Featured documents</strong></p>
<div class=""documents-list d-flex flex-column flex-md-row"" data-v-64dfe0b9="""">
<div class=""document-item rounded d-flex flex-column"" tabindex=""0"" data-v-64dfe0b9=""""><a class=""d-flex"" tabindex=""-1"" href=""https://www.agilent.com/cs/library/brochures/br-infinitylab-analytical-hplc-systems-5994-7151EN-agilent.pdf"" target=""_blank"" rel=""noopener"" data-v-64dfe0b9=""""><span data-v-64dfe0b9="""">Brochure</span></a>
<h4 data-v-64dfe0b9="""">Agilent InfinityLab LC Solutions: HPLC Made for Tomorrow</h4>
</div>
<div class=""document-item rounded d-flex flex-column"" tabindex=""0"" data-v-64dfe0b9=""""><a class=""d-flex"" tabindex=""-1"" href=""https://www.agilent.com/cs/library/applications/application-pesticide-analysis-1260-infinity-II-prime-lc-ultivo-lc-ms-ms-5994-1889en-agilent.pdf"" target=""_blank"" rel=""noopener"" data-v-64dfe0b9=""""><span data-v-64dfe0b9="""">Application note</span></a>
<h4 data-v-64dfe0b9="""">Pesticide Analysis with Agilent 1260 Infinity II Prime LC Ultivo Triple Quad LC/MS</h4>
</div>
</div>","<p class=""product-description"" data-v-64dfe0b9="""">The 1260 Infinity III Prime LC System is an analytical high-performance liquid chromatography (HPLC) system, offering the flexibility of both an HPLC and a UHPLC for columns with sub-2 μm particles. It can operate at high pressures and handle flow rates up to 5 mL/min. This HPLC/UHPLC system gives you the utmost confidence in your HPLC results and can be a front end for your LC/MS system.</p>
<p class=""product-ul"" data-v-64dfe0b9=""""> </p>
<ul class=""product-features list-styled flex-column"" data-v-64dfe0b9="""">
<li data-v-64dfe0b9="""">Automates your daily HPLC tasks, ensuring reliable HPLC results</li>
<li data-v-64dfe0b9="""">Delivers gradient formation/mixing performance equivalent to a binary-like system</li>
<li data-v-64dfe0b9="""">Provides excellent retention time reproducibility, accuracy, and precision</li>
<li data-v-64dfe0b9="""">Offers seamless method transfer with Intelligent System Emulation Technology</li>
<li data-v-64dfe0b9="""">Mediates solvent effects with Feed Injection using a Hybrid Multisampler</li>
</ul>
<p> </p>",790.000000,1,"Taxable Goods","Not Visible Individually",5000.000000,,,,1260-infinity-iii-prime-lc-system-solvent-none-fld-vialsampler-flex,"1260 Infinity III Prime LC System","1260 Infinity III Prime LC System","1260 Infinity III Prime LC System Featured documents

Brochure
Agilent InfinityLab LC Solutions: HPLC Made for Tomorrow

Application note
Pesticide Analysis with Agilent 1260 Infinity II Prime LC Ultivo Triple Quad LC/MS

",,,,,,,,,8/16/26,8/16/26,,,"Block after Info Column",,,,No,,,,,,,"Use config",,"agilent_autosampler=Vialsampler,agilent_bench_stack_configuration=Flex,agilent_detector=FLD,agilent_optional_secondary_detector=None,agilent_solvent_fluid_management=Solvent,gift_wrapping_available=Yes",123.0000,0.0000,1,0,0,1,1,1,10000,1,1,1.0000,1,1,1,1,1.0000,1,0,0,0,0,1,,,,,,,,,,,,,,,,,,,,,,,,,,,,,,,,,,
1260-Solvent-None-FLD-Vialsampler-Benchtop,,Agilent_LC,simple,"Default Category/Products",base,"1260 Infinity III Prime LC System-Solvent-None-FLD-Vialsampler-Benchtop","<p data-v-64dfe0b9=""""><strong>Featured documents</strong></p>
<div class=""documents-list d-flex flex-column flex-md-row"" data-v-64dfe0b9="""">
<div class=""document-item rounded d-flex flex-column"" tabindex=""0"" data-v-64dfe0b9=""""><a class=""d-flex"" tabindex=""-1"" href=""https://www.agilent.com/cs/library/brochures/br-infinitylab-analytical-hplc-systems-5994-7151EN-agilent.pdf"" target=""_blank"" rel=""noopener"" data-v-64dfe0b9=""""><span data-v-64dfe0b9="""">Brochure</span></a>
<h4 data-v-64dfe0b9="""">Agilent InfinityLab LC Solutions: HPLC Made for Tomorrow</h4>
</div>
<div class=""document-item rounded d-flex flex-column"" tabindex=""0"" data-v-64dfe0b9=""""><a class=""d-flex"" tabindex=""-1"" href=""https://www.agilent.com/cs/library/applications/application-pesticide-analysis-1260-infinity-II-prime-lc-ultivo-lc-ms-ms-5994-1889en-agilent.pdf"" target=""_blank"" rel=""noopener"" data-v-64dfe0b9=""""><span data-v-64dfe0b9="""">Application note</span></a>
<h4 data-v-64dfe0b9="""">Pesticide Analysis with Agilent 1260 Infinity II Prime LC Ultivo Triple Quad LC/MS</h4>
</div>
</div>","<p class=""product-description"" data-v-64dfe0b9="""">The 1260 Infinity III Prime LC System is an analytical high-performance liquid chromatography (HPLC) system, offering the flexibility of both an HPLC and a UHPLC for columns with sub-2 μm particles. It can operate at high pressures and handle flow rates up to 5 mL/min. This HPLC/UHPLC system gives you the utmost confidence in your HPLC results and can be a front end for your LC/MS system.</p>
<p class=""product-ul"" data-v-64dfe0b9=""""> </p>
<ul class=""product-features list-styled flex-column"" data-v-64dfe0b9="""">
<li data-v-64dfe0b9="""">Automates your daily HPLC tasks, ensuring reliable HPLC results</li>
<li data-v-64dfe0b9="""">Delivers gradient formation/mixing performance equivalent to a binary-like system</li>
<li data-v-64dfe0b9="""">Provides excellent retention time reproducibility, accuracy, and precision</li>
<li data-v-64dfe0b9="""">Offers seamless method transfer with Intelligent System Emulation Technology</li>
<li data-v-64dfe0b9="""">Mediates solvent effects with Feed Injection using a Hybrid Multisampler</li>
</ul>
<p> </p>",790.000000,1,"Taxable Goods","Not Visible Individually",5000.000000,,,,1260-infinity-iii-prime-lc-system-solvent-none-fld-vialsampler-benchtop,"1260 Infinity III Prime LC System","1260 Infinity III Prime LC System","1260 Infinity III Prime LC System Featured documents

Brochure
Agilent InfinityLab LC Solutions: HPLC Made for Tomorrow

Application note
Pesticide Analysis with Agilent 1260 Infinity II Prime LC Ultivo Triple Quad LC/MS

",,,,,,,,,8/16/26,8/16/26,,,"Block after Info Column",,,,No,,,,,,,"Use config",,"agilent_autosampler=Vialsampler,agilent_bench_stack_configuration=Benchtop,agilent_detector=FLD,agilent_optional_secondary_detector=None,agilent_solvent_fluid_management=Solvent,gift_wrapping_available=Yes",123.0000,0.0000,1,0,0,1,1,1,10000,1,1,1.0000,1,1,1,1,1.0000,1,0,0,0,0,1,,,,,,,,,,,,,,,,,,,,,,,,,,,,,,,,,,
1260-Solvent-None-FLD-Vialsampler-Stack,,Agilent_LC,simple,"Default Category/Products",base,"1260 Infinity III Prime LC System-Solvent-None-FLD-Vialsampler-Stack","<p data-v-64dfe0b9=""""><strong>Featured documents</strong></p>
<div class=""documents-list d-flex flex-column flex-md-row"" data-v-64dfe0b9="""">
<div class=""document-item rounded d-flex flex-column"" tabindex=""0"" data-v-64dfe0b9=""""><a class=""d-flex"" tabindex=""-1"" href=""https://www.agilent.com/cs/library/brochures/br-infinitylab-analytical-hplc-systems-5994-7151EN-agilent.pdf"" target=""_blank"" rel=""noopener"" data-v-64dfe0b9=""""><span data-v-64dfe0b9="""">Brochure</span></a>
<h4 data-v-64dfe0b9="""">Agilent InfinityLab LC Solutions: HPLC Made for Tomorrow</h4>
</div>
<div class=""document-item rounded d-flex flex-column"" tabindex=""0"" data-v-64dfe0b9=""""><a class=""d-flex"" tabindex=""-1"" href=""https://www.agilent.com/cs/library/applications/application-pesticide-analysis-1260-infinity-II-prime-lc-ultivo-lc-ms-ms-5994-1889en-agilent.pdf"" target=""_blank"" rel=""noopener"" data-v-64dfe0b9=""""><span data-v-64dfe0b9="""">Application note</span></a>
<h4 data-v-64dfe0b9="""">Pesticide Analysis with Agilent 1260 Infinity II Prime LC Ultivo Triple Quad LC/MS</h4>
</div>
</div>","<p class=""product-description"" data-v-64dfe0b9="""">The 1260 Infinity III Prime LC System is an analytical high-performance liquid chromatography (HPLC) system, offering the flexibility of both an HPLC and a UHPLC for columns with sub-2 μm particles. It can operate at high pressures and handle flow rates up to 5 mL/min. This HPLC/UHPLC system gives you the utmost confidence in your HPLC results and can be a front end for your LC/MS system.</p>
<p class=""product-ul"" data-v-64dfe0b9=""""> </p>
<ul class=""product-features list-styled flex-column"" data-v-64dfe0b9="""">
<li data-v-64dfe0b9="""">Automates your daily HPLC tasks, ensuring reliable HPLC results</li>
<li data-v-64dfe0b9="""">Delivers gradient formation/mixing performance equivalent to a binary-like system</li>
<li data-v-64dfe0b9="""">Provides excellent retention time reproducibility, accuracy, and precision</li>
<li data-v-64dfe0b9="""">Offers seamless method transfer with Intelligent System Emulation Technology</li>
<li data-v-64dfe0b9="""">Mediates solvent effects with Feed Injection using a Hybrid Multisampler</li>
</ul>
<p> </p>",790.000000,1,"Taxable Goods","Not Visible Individually",5000.000000,,,,1260-infinity-iii-prime-lc-system-solvent-none-fld-vialsampler-stack,"1260 Infinity III Prime LC System","1260 Infinity III Prime LC System","1260 Infinity III Prime LC System Featured documents

Brochure
Agilent InfinityLab LC Solutions: HPLC Made for Tomorrow

Application note
Pesticide Analysis with Agilent 1260 Infinity II Prime LC Ultivo Triple Quad LC/MS

",,,,,,,,,8/16/26,8/16/26,,,"Block after Info Column",,,,No,,,,,,,"Use config",,"agilent_autosampler=Vialsampler,agilent_bench_stack_configuration=Stack,agilent_detector=FLD,agilent_optional_secondary_detector=None,agilent_solvent_fluid_management=Solvent,gift_wrapping_available=Yes",123.0000,0.0000,1,0,0,1,1,1,10000,1,1,1.0000,1,1,1,1,1.0000,1,0,0,0,0,1,,,,,,,,,,,,,,,,,,,,,,,,,,,,,,,,,,
1260-Solvent-None-RID-Multisampler-Flex,,Agilent_LC,simple,"Default Category/Products",base,"1260 Infinity III Prime LC System-Solvent-None-RID-Multisampler-Flex","<p data-v-64dfe0b9=""""><strong>Featured documents</strong></p>
<div class=""documents-list d-flex flex-column flex-md-row"" data-v-64dfe0b9="""">
<div class=""document-item rounded d-flex flex-column"" tabindex=""0"" data-v-64dfe0b9=""""><a class=""d-flex"" tabindex=""-1"" href=""https://www.agilent.com/cs/library/brochures/br-infinitylab-analytical-hplc-systems-5994-7151EN-agilent.pdf"" target=""_blank"" rel=""noopener"" data-v-64dfe0b9=""""><span data-v-64dfe0b9="""">Brochure</span></a>
<h4 data-v-64dfe0b9="""">Agilent InfinityLab LC Solutions: HPLC Made for Tomorrow</h4>
</div>
<div class=""document-item rounded d-flex flex-column"" tabindex=""0"" data-v-64dfe0b9=""""><a class=""d-flex"" tabindex=""-1"" href=""https://www.agilent.com/cs/library/applications/application-pesticide-analysis-1260-infinity-II-prime-lc-ultivo-lc-ms-ms-5994-1889en-agilent.pdf"" target=""_blank"" rel=""noopener"" data-v-64dfe0b9=""""><span data-v-64dfe0b9="""">Application note</span></a>
<h4 data-v-64dfe0b9="""">Pesticide Analysis with Agilent 1260 Infinity II Prime LC Ultivo Triple Quad LC/MS</h4>
</div>
</div>","<p class=""product-description"" data-v-64dfe0b9="""">The 1260 Infinity III Prime LC System is an analytical high-performance liquid chromatography (HPLC) system, offering the flexibility of both an HPLC and a UHPLC for columns with sub-2 μm particles. It can operate at high pressures and handle flow rates up to 5 mL/min. This HPLC/UHPLC system gives you the utmost confidence in your HPLC results and can be a front end for your LC/MS system.</p>
<p class=""product-ul"" data-v-64dfe0b9=""""> </p>
<ul class=""product-features list-styled flex-column"" data-v-64dfe0b9="""">
<li data-v-64dfe0b9="""">Automates your daily HPLC tasks, ensuring reliable HPLC results</li>
<li data-v-64dfe0b9="""">Delivers gradient formation/mixing performance equivalent to a binary-like system</li>
<li data-v-64dfe0b9="""">Provides excellent retention time reproducibility, accuracy, and precision</li>
<li data-v-64dfe0b9="""">Offers seamless method transfer with Intelligent System Emulation Technology</li>
<li data-v-64dfe0b9="""">Mediates solvent effects with Feed Injection using a Hybrid Multisampler</li>
</ul>
<p> </p>",790.000000,1,"Taxable Goods","Not Visible Individually",5000.000000,,,,1260-infinity-iii-prime-lc-system-solvent-none-rid-multisampler-flex,"1260 Infinity III Prime LC System","1260 Infinity III Prime LC System","1260 Infinity III Prime LC System Featured documents

Brochure
Agilent InfinityLab LC Solutions: HPLC Made for Tomorrow

Application note
Pesticide Analysis with Agilent 1260 Infinity II Prime LC Ultivo Triple Quad LC/MS

",,,,,,,,,8/16/26,8/16/26,,,"Block after Info Column",,,,No,,,,,,,"Use config",,"agilent_autosampler=Multisampler,agilent_bench_stack_configuration=Flex,agilent_detector=RID,agilent_optional_secondary_detector=None,agilent_solvent_fluid_management=Solvent,gift_wrapping_available=Yes",123.0000,0.0000,1,0,0,1,1,1,10000,1,1,1.0000,1,1,1,1,1.0000,1,0,0,0,0,1,,,,,,,,,,,,,,,,,,,,,,,,,,,,,,,,,,
1260-Solvent-None-RID-Multisampler-Benchtop,,Agilent_LC,simple,"Default Category/Products",base,"1260 Infinity III Prime LC System-Solvent-None-RID-Multisampler-Benchtop","<p data-v-64dfe0b9=""""><strong>Featured documents</strong></p>
<div class=""documents-list d-flex flex-column flex-md-row"" data-v-64dfe0b9="""">
<div class=""document-item rounded d-flex flex-column"" tabindex=""0"" data-v-64dfe0b9=""""><a class=""d-flex"" tabindex=""-1"" href=""https://www.agilent.com/cs/library/brochures/br-infinitylab-analytical-hplc-systems-5994-7151EN-agilent.pdf"" target=""_blank"" rel=""noopener"" data-v-64dfe0b9=""""><span data-v-64dfe0b9="""">Brochure</span></a>
<h4 data-v-64dfe0b9="""">Agilent InfinityLab LC Solutions: HPLC Made for Tomorrow</h4>
</div>
<div class=""document-item rounded d-flex flex-column"" tabindex=""0"" data-v-64dfe0b9=""""><a class=""d-flex"" tabindex=""-1"" href=""https://www.agilent.com/cs/library/applications/application-pesticide-analysis-1260-infinity-II-prime-lc-ultivo-lc-ms-ms-5994-1889en-agilent.pdf"" target=""_blank"" rel=""noopener"" data-v-64dfe0b9=""""><span data-v-64dfe0b9="""">Application note</span></a>
<h4 data-v-64dfe0b9="""">Pesticide Analysis with Agilent 1260 Infinity II Prime LC Ultivo Triple Quad LC/MS</h4>
</div>
</div>","<p class=""product-description"" data-v-64dfe0b9="""">The 1260 Infinity III Prime LC System is an analytical high-performance liquid chromatography (HPLC) system, offering the flexibility of both an HPLC and a UHPLC for columns with sub-2 μm particles. It can operate at high pressures and handle flow rates up to 5 mL/min. This HPLC/UHPLC system gives you the utmost confidence in your HPLC results and can be a front end for your LC/MS system.</p>
<p class=""product-ul"" data-v-64dfe0b9=""""> </p>
<ul class=""product-features list-styled flex-column"" data-v-64dfe0b9="""">
<li data-v-64dfe0b9="""">Automates your daily HPLC tasks, ensuring reliable HPLC results</li>
<li data-v-64dfe0b9="""">Delivers gradient formation/mixing performance equivalent to a binary-like system</li>
<li data-v-64dfe0b9="""">Provides excellent retention time reproducibility, accuracy, and precision</li>
<li data-v-64dfe0b9="""">Offers seamless method transfer with Intelligent System Emulation Technology</li>
<li data-v-64dfe0b9="""">Mediates solvent effects with Feed Injection using a Hybrid Multisampler</li>
</ul>
<p> </p>",790.000000,1,"Taxable Goods","Not Visible Individually",5000.000000,,,,1260-infinity-iii-prime-lc-system-solvent-none-rid-multisampler-benchtop,"1260 Infinity III Prime LC System","1260 Infinity III Prime LC System","1260 Infinity III Prime LC System Featured documents

Brochure
Agilent InfinityLab LC Solutions: HPLC Made for Tomorrow

Application note
Pesticide Analysis with Agilent 1260 Infinity II Prime LC Ultivo Triple Quad LC/MS

",,,,,,,,,8/16/26,8/16/26,,,"Block after Info Column",,,,No,,,,,,,"Use config",,"agilent_autosampler=Multisampler,agilent_bench_stack_configuration=Benchtop,agilent_detector=RID,agilent_optional_secondary_detector=None,agilent_solvent_fluid_management=Solvent,gift_wrapping_available=Yes",123.0000,0.0000,1,0,0,1,1,1,10000,1,1,1.0000,1,1,1,1,1.0000,1,0,0,0,0,1,,,,,,,,,,,,,,,,,,,,,,,,,,,,,,,,,,
1260-Solvent-None-RID-Multisampler-Stack,,Agilent_LC,simple,"Default Category/Products",base,"1260 Infinity III Prime LC System-Solvent-None-RID-Multisampler-Stack","<p data-v-64dfe0b9=""""><strong>Featured documents</strong></p>
<div class=""documents-list d-flex flex-column flex-md-row"" data-v-64dfe0b9="""">
<div class=""document-item rounded d-flex flex-column"" tabindex=""0"" data-v-64dfe0b9=""""><a class=""d-flex"" tabindex=""-1"" href=""https://www.agilent.com/cs/library/brochures/br-infinitylab-analytical-hplc-systems-5994-7151EN-agilent.pdf"" target=""_blank"" rel=""noopener"" data-v-64dfe0b9=""""><span data-v-64dfe0b9="""">Brochure</span></a>
<h4 data-v-64dfe0b9="""">Agilent InfinityLab LC Solutions: HPLC Made for Tomorrow</h4>
</div>
<div class=""document-item rounded d-flex flex-column"" tabindex=""0"" data-v-64dfe0b9=""""><a class=""d-flex"" tabindex=""-1"" href=""https://www.agilent.com/cs/library/applications/application-pesticide-analysis-1260-infinity-II-prime-lc-ultivo-lc-ms-ms-5994-1889en-agilent.pdf"" target=""_blank"" rel=""noopener"" data-v-64dfe0b9=""""><span data-v-64dfe0b9="""">Application note</span></a>
<h4 data-v-64dfe0b9="""">Pesticide Analysis with Agilent 1260 Infinity II Prime LC Ultivo Triple Quad LC/MS</h4>
</div>
</div>","<p class=""product-description"" data-v-64dfe0b9="""">The 1260 Infinity III Prime LC System is an analytical high-performance liquid chromatography (HPLC) system, offering the flexibility of both an HPLC and a UHPLC for columns with sub-2 μm particles. It can operate at high pressures and handle flow rates up to 5 mL/min. This HPLC/UHPLC system gives you the utmost confidence in your HPLC results and can be a front end for your LC/MS system.</p>
<p class=""product-ul"" data-v-64dfe0b9=""""> </p>
<ul class=""product-features list-styled flex-column"" data-v-64dfe0b9="""">
<li data-v-64dfe0b9="""">Automates your daily HPLC tasks, ensuring reliable HPLC results</li>
<li data-v-64dfe0b9="""">Delivers gradient formation/mixing performance equivalent to a binary-like system</li>
<li data-v-64dfe0b9="""">Provides excellent retention time reproducibility, accuracy, and precision</li>
<li data-v-64dfe0b9="""">Offers seamless method transfer with Intelligent System Emulation Technology</li>
<li data-v-64dfe0b9="""">Mediates solvent effects with Feed Injection using a Hybrid Multisampler</li>
</ul>
<p> </p>",790.000000,1,"Taxable Goods","Not Visible Individually",5000.000000,,,,1260-infinity-iii-prime-lc-system-solvent-none-rid-multisampler-stack,"1260 Infinity III Prime LC System","1260 Infinity III Prime LC System","1260 Infinity III Prime LC System Featured documents

Brochure
Agilent InfinityLab LC Solutions: HPLC Made for Tomorrow

Application note
Pesticide Analysis with Agilent 1260 Infinity II Prime LC Ultivo Triple Quad LC/MS

",,,,,,,,,8/16/26,8/16/26,,,"Block after Info Column",,,,No,,,,,,,"Use config",,"agilent_autosampler=Multisampler,agilent_bench_stack_configuration=Stack,agilent_detector=RID,agilent_optional_secondary_detector=None,agilent_solvent_fluid_management=Solvent,gift_wrapping_available=Yes",123.0000,0.0000,1,0,0,1,1,1,10000,1,1,1.0000,1,1,1,1,1.0000,1,0,0,0,0,1,,,,,,,,,,,,,,,,,,,,,,,,,,,,,,,,,,
"1260-Solvent-None-RID-Hybrid Multisampler-Flex",,Agilent_LC,simple,"Default Category/Products",base,"1260 Infinity III Prime LC System-Solvent-None-RID-Hybrid Multisampler-Flex","<p data-v-64dfe0b9=""""><strong>Featured documents</strong></p>
<div class=""documents-list d-flex flex-column flex-md-row"" data-v-64dfe0b9="""">
<div class=""document-item rounded d-flex flex-column"" tabindex=""0"" data-v-64dfe0b9=""""><a class=""d-flex"" tabindex=""-1"" href=""https://www.agilent.com/cs/library/brochures/br-infinitylab-analytical-hplc-systems-5994-7151EN-agilent.pdf"" target=""_blank"" rel=""noopener"" data-v-64dfe0b9=""""><span data-v-64dfe0b9="""">Brochure</span></a>
<h4 data-v-64dfe0b9="""">Agilent InfinityLab LC Solutions: HPLC Made for Tomorrow</h4>
</div>
<div class=""document-item rounded d-flex flex-column"" tabindex=""0"" data-v-64dfe0b9=""""><a class=""d-flex"" tabindex=""-1"" href=""https://www.agilent.com/cs/library/applications/application-pesticide-analysis-1260-infinity-II-prime-lc-ultivo-lc-ms-ms-5994-1889en-agilent.pdf"" target=""_blank"" rel=""noopener"" data-v-64dfe0b9=""""><span data-v-64dfe0b9="""">Application note</span></a>
<h4 data-v-64dfe0b9="""">Pesticide Analysis with Agilent 1260 Infinity II Prime LC Ultivo Triple Quad LC/MS</h4>
</div>
</div>","<p class=""product-description"" data-v-64dfe0b9="""">The 1260 Infinity III Prime LC System is an analytical high-performance liquid chromatography (HPLC) system, offering the flexibility of both an HPLC and a UHPLC for columns with sub-2 μm particles. It can operate at high pressures and handle flow rates up to 5 mL/min. This HPLC/UHPLC system gives you the utmost confidence in your HPLC results and can be a front end for your LC/MS system.</p>
<p class=""product-ul"" data-v-64dfe0b9=""""> </p>
<ul class=""product-features list-styled flex-column"" data-v-64dfe0b9="""">
<li data-v-64dfe0b9="""">Automates your daily HPLC tasks, ensuring reliable HPLC results</li>
<li data-v-64dfe0b9="""">Delivers gradient formation/mixing performance equivalent to a binary-like system</li>
<li data-v-64dfe0b9="""">Provides excellent retention time reproducibility, accuracy, and precision</li>
<li data-v-64dfe0b9="""">Offers seamless method transfer with Intelligent System Emulation Technology</li>
<li data-v-64dfe0b9="""">Mediates solvent effects with Feed Injection using a Hybrid Multisampler</li>
</ul>
<p> </p>",790.000000,1,"Taxable Goods","Not Visible Individually",5000.000000,,,,1260-infinity-iii-prime-lc-system-solvent-none-rid-hybrid-multisampler-flex,"1260 Infinity III Prime LC System","1260 Infinity III Prime LC System","1260 Infinity III Prime LC System Featured documents

Brochure
Agilent InfinityLab LC Solutions: HPLC Made for Tomorrow

Application note
Pesticide Analysis with Agilent 1260 Infinity II Prime LC Ultivo Triple Quad LC/MS

",,,,,,,,,8/16/26,8/16/26,,,"Block after Info Column",,,,No,,,,,,,"Use config",,"agilent_autosampler=Hybrid Multisampler,agilent_bench_stack_configuration=Flex,agilent_detector=RID,agilent_optional_secondary_detector=None,agilent_solvent_fluid_management=Solvent,gift_wrapping_available=Yes",123.0000,0.0000,1,0,0,1,1,1,10000,1,1,1.0000,1,1,1,1,1.0000,1,0,0,0,0,1,,,,,,,,,,,,,,,,,,,,,,,,,,,,,,,,,,
"1260-Solvent-None-RID-Hybrid Multisampler-Benchtop",,Agilent_LC,simple,"Default Category/Products",base,"1260 Infinity III Prime LC System-Solvent-None-RID-Hybrid Multisampler-Benchtop","<p data-v-64dfe0b9=""""><strong>Featured documents</strong></p>
<div class=""documents-list d-flex flex-column flex-md-row"" data-v-64dfe0b9="""">
<div class=""document-item rounded d-flex flex-column"" tabindex=""0"" data-v-64dfe0b9=""""><a class=""d-flex"" tabindex=""-1"" href=""https://www.agilent.com/cs/library/brochures/br-infinitylab-analytical-hplc-systems-5994-7151EN-agilent.pdf"" target=""_blank"" rel=""noopener"" data-v-64dfe0b9=""""><span data-v-64dfe0b9="""">Brochure</span></a>
<h4 data-v-64dfe0b9="""">Agilent InfinityLab LC Solutions: HPLC Made for Tomorrow</h4>
</div>
<div class=""document-item rounded d-flex flex-column"" tabindex=""0"" data-v-64dfe0b9=""""><a class=""d-flex"" tabindex=""-1"" href=""https://www.agilent.com/cs/library/applications/application-pesticide-analysis-1260-infinity-II-prime-lc-ultivo-lc-ms-ms-5994-1889en-agilent.pdf"" target=""_blank"" rel=""noopener"" data-v-64dfe0b9=""""><span data-v-64dfe0b9="""">Application note</span></a>
<h4 data-v-64dfe0b9="""">Pesticide Analysis with Agilent 1260 Infinity II Prime LC Ultivo Triple Quad LC/MS</h4>
</div>
</div>","<p class=""product-description"" data-v-64dfe0b9="""">The 1260 Infinity III Prime LC System is an analytical high-performance liquid chromatography (HPLC) system, offering the flexibility of both an HPLC and a UHPLC for columns with sub-2 μm particles. It can operate at high pressures and handle flow rates up to 5 mL/min. This HPLC/UHPLC system gives you the utmost confidence in your HPLC results and can be a front end for your LC/MS system.</p>
<p class=""product-ul"" data-v-64dfe0b9=""""> </p>
<ul class=""product-features list-styled flex-column"" data-v-64dfe0b9="""">
<li data-v-64dfe0b9="""">Automates your daily HPLC tasks, ensuring reliable HPLC results</li>
<li data-v-64dfe0b9="""">Delivers gradient formation/mixing performance equivalent to a binary-like system</li>
<li data-v-64dfe0b9="""">Provides excellent retention time reproducibility, accuracy, and precision</li>
<li data-v-64dfe0b9="""">Offers seamless method transfer with Intelligent System Emulation Technology</li>
<li data-v-64dfe0b9="""">Mediates solvent effects with Feed Injection using a Hybrid Multisampler</li>
</ul>
<p> </p>",790.000000,1,"Taxable Goods","Not Visible Individually",5000.000000,,,,1260-infinity-iii-prime-lc-system-solvent-none-rid-hybrid-multisampler-benchtop,"1260 Infinity III Prime LC System","1260 Infinity III Prime LC System","1260 Infinity III Prime LC System Featured documents

Brochure
Agilent InfinityLab LC Solutions: HPLC Made for Tomorrow

Application note
Pesticide Analysis with Agilent 1260 Infinity II Prime LC Ultivo Triple Quad LC/MS

",,,,,,,,,8/16/26,8/16/26,,,"Block after Info Column",,,,No,,,,,,,"Use config",,"agilent_autosampler=Hybrid Multisampler,agilent_bench_stack_configuration=Benchtop,agilent_detector=RID,agilent_optional_secondary_detector=None,agilent_solvent_fluid_management=Solvent,gift_wrapping_available=Yes",123.0000,0.0000,1,0,0,1,1,1,10000,1,1,1.0000,1,1,1,1,1.0000,1,0,0,0,0,1,,,,,,,,,,,,,,,,,,,,,,,,,,,,,,,,,,
"1260-Solvent-None-RID-Hybrid Multisampler-Stack",,Agilent_LC,simple,"Default Category/Products",base,"1260 Infinity III Prime LC System-Solvent-None-RID-Hybrid Multisampler-Stack","<p data-v-64dfe0b9=""""><strong>Featured documents</strong></p>
<div class=""documents-list d-flex flex-column flex-md-row"" data-v-64dfe0b9="""">
<div class=""document-item rounded d-flex flex-column"" tabindex=""0"" data-v-64dfe0b9=""""><a class=""d-flex"" tabindex=""-1"" href=""https://www.agilent.com/cs/library/brochures/br-infinitylab-analytical-hplc-systems-5994-7151EN-agilent.pdf"" target=""_blank"" rel=""noopener"" data-v-64dfe0b9=""""><span data-v-64dfe0b9="""">Brochure</span></a>
<h4 data-v-64dfe0b9="""">Agilent InfinityLab LC Solutions: HPLC Made for Tomorrow</h4>
</div>
<div class=""document-item rounded d-flex flex-column"" tabindex=""0"" data-v-64dfe0b9=""""><a class=""d-flex"" tabindex=""-1"" href=""https://www.agilent.com/cs/library/applications/application-pesticide-analysis-1260-infinity-II-prime-lc-ultivo-lc-ms-ms-5994-1889en-agilent.pdf"" target=""_blank"" rel=""noopener"" data-v-64dfe0b9=""""><span data-v-64dfe0b9="""">Application note</span></a>
<h4 data-v-64dfe0b9="""">Pesticide Analysis with Agilent 1260 Infinity II Prime LC Ultivo Triple Quad LC/MS</h4>
</div>
</div>","<p class=""product-description"" data-v-64dfe0b9="""">The 1260 Infinity III Prime LC System is an analytical high-performance liquid chromatography (HPLC) system, offering the flexibility of both an HPLC and a UHPLC for columns with sub-2 μm particles. It can operate at high pressures and handle flow rates up to 5 mL/min. This HPLC/UHPLC system gives you the utmost confidence in your HPLC results and can be a front end for your LC/MS system.</p>
<p class=""product-ul"" data-v-64dfe0b9=""""> </p>
<ul class=""product-features list-styled flex-column"" data-v-64dfe0b9="""">
<li data-v-64dfe0b9="""">Automates your daily HPLC tasks, ensuring reliable HPLC results</li>
<li data-v-64dfe0b9="""">Delivers gradient formation/mixing performance equivalent to a binary-like system</li>
<li data-v-64dfe0b9="""">Provides excellent retention time reproducibility, accuracy, and precision</li>
<li data-v-64dfe0b9="""">Offers seamless method transfer with Intelligent System Emulation Technology</li>
<li data-v-64dfe0b9="""">Mediates solvent effects with Feed Injection using a Hybrid Multisampler</li>
</ul>
<p> </p>",790.000000,1,"Taxable Goods","Not Visible Individually",5000.000000,,,,1260-infinity-iii-prime-lc-system-solvent-none-rid-hybrid-multisampler-stack,"1260 Infinity III Prime LC System","1260 Infinity III Prime LC System","1260 Infinity III Prime LC System Featured documents

Brochure
Agilent InfinityLab LC Solutions: HPLC Made for Tomorrow

Application note
Pesticide Analysis with Agilent 1260 Infinity II Prime LC Ultivo Triple Quad LC/MS

",,,,,,,,,8/16/26,8/16/26,,,"Block after Info Column",,,,No,,,,,,,"Use config",,"agilent_autosampler=Hybrid Multisampler,agilent_bench_stack_configuration=Stack,agilent_detector=RID,agilent_optional_secondary_detector=None,agilent_solvent_fluid_management=Solvent,gift_wrapping_available=Yes",123.0000,0.0000,1,0,0,1,1,1,10000,1,1,1.0000,1,1,1,1,1.0000,1,0,0,0,0,1,,,,,,,,,,,,,,,,,,,,,,,,,,,,,,,,,,
1260-Solvent-None-RID-Vialsampler-Flex,,Agilent_LC,simple,"Default Category/Products",base,"1260 Infinity III Prime LC System-Solvent-None-RID-Vialsampler-Flex","<p data-v-64dfe0b9=""""><strong>Featured documents</strong></p>
<div class=""documents-list d-flex flex-column flex-md-row"" data-v-64dfe0b9="""">
<div class=""document-item rounded d-flex flex-column"" tabindex=""0"" data-v-64dfe0b9=""""><a class=""d-flex"" tabindex=""-1"" href=""https://www.agilent.com/cs/library/brochures/br-infinitylab-analytical-hplc-systems-5994-7151EN-agilent.pdf"" target=""_blank"" rel=""noopener"" data-v-64dfe0b9=""""><span data-v-64dfe0b9="""">Brochure</span></a>
<h4 data-v-64dfe0b9="""">Agilent InfinityLab LC Solutions: HPLC Made for Tomorrow</h4>
</div>
<div class=""document-item rounded d-flex flex-column"" tabindex=""0"" data-v-64dfe0b9=""""><a class=""d-flex"" tabindex=""-1"" href=""https://www.agilent.com/cs/library/applications/application-pesticide-analysis-1260-infinity-II-prime-lc-ultivo-lc-ms-ms-5994-1889en-agilent.pdf"" target=""_blank"" rel=""noopener"" data-v-64dfe0b9=""""><span data-v-64dfe0b9="""">Application note</span></a>
<h4 data-v-64dfe0b9="""">Pesticide Analysis with Agilent 1260 Infinity II Prime LC Ultivo Triple Quad LC/MS</h4>
</div>
</div>","<p class=""product-description"" data-v-64dfe0b9="""">The 1260 Infinity III Prime LC System is an analytical high-performance liquid chromatography (HPLC) system, offering the flexibility of both an HPLC and a UHPLC for columns with sub-2 μm particles. It can operate at high pressures and handle flow rates up to 5 mL/min. This HPLC/UHPLC system gives you the utmost confidence in your HPLC results and can be a front end for your LC/MS system.</p>
<p class=""product-ul"" data-v-64dfe0b9=""""> </p>
<ul class=""product-features list-styled flex-column"" data-v-64dfe0b9="""">
<li data-v-64dfe0b9="""">Automates your daily HPLC tasks, ensuring reliable HPLC results</li>
<li data-v-64dfe0b9="""">Delivers gradient formation/mixing performance equivalent to a binary-like system</li>
<li data-v-64dfe0b9="""">Provides excellent retention time reproducibility, accuracy, and precision</li>
<li data-v-64dfe0b9="""">Offers seamless method transfer with Intelligent System Emulation Technology</li>
<li data-v-64dfe0b9="""">Mediates solvent effects with Feed Injection using a Hybrid Multisampler</li>
</ul>
<p> </p>",790.000000,1,"Taxable Goods","Not Visible Individually",5000.000000,,,,1260-infinity-iii-prime-lc-system-solvent-none-rid-vialsampler-flex,"1260 Infinity III Prime LC System","1260 Infinity III Prime LC System","1260 Infinity III Prime LC System Featured documents

Brochure
Agilent InfinityLab LC Solutions: HPLC Made for Tomorrow

Application note
Pesticide Analysis with Agilent 1260 Infinity II Prime LC Ultivo Triple Quad LC/MS

",,,,,,,,,8/16/26,8/16/26,,,"Block after Info Column",,,,No,,,,,,,"Use config",,"agilent_autosampler=Vialsampler,agilent_bench_stack_configuration=Flex,agilent_detector=RID,agilent_optional_secondary_detector=None,agilent_solvent_fluid_management=Solvent,gift_wrapping_available=Yes",123.0000,0.0000,1,0,0,1,1,1,10000,1,1,1.0000,1,1,1,1,1.0000,1,0,0,0,0,1,,,,,,,,,,,,,,,,,,,,,,,,,,,,,,,,,,
1260-Solvent-None-RID-Vialsampler-Benchtop,,Agilent_LC,simple,"Default Category/Products",base,"1260 Infinity III Prime LC System-Solvent-None-RID-Vialsampler-Benchtop","<p data-v-64dfe0b9=""""><strong>Featured documents</strong></p>
<div class=""documents-list d-flex flex-column flex-md-row"" data-v-64dfe0b9="""">
<div class=""document-item rounded d-flex flex-column"" tabindex=""0"" data-v-64dfe0b9=""""><a class=""d-flex"" tabindex=""-1"" href=""https://www.agilent.com/cs/library/brochures/br-infinitylab-analytical-hplc-systems-5994-7151EN-agilent.pdf"" target=""_blank"" rel=""noopener"" data-v-64dfe0b9=""""><span data-v-64dfe0b9="""">Brochure</span></a>
<h4 data-v-64dfe0b9="""">Agilent InfinityLab LC Solutions: HPLC Made for Tomorrow</h4>
</div>
<div class=""document-item rounded d-flex flex-column"" tabindex=""0"" data-v-64dfe0b9=""""><a class=""d-flex"" tabindex=""-1"" href=""https://www.agilent.com/cs/library/applications/application-pesticide-analysis-1260-infinity-II-prime-lc-ultivo-lc-ms-ms-5994-1889en-agilent.pdf"" target=""_blank"" rel=""noopener"" data-v-64dfe0b9=""""><span data-v-64dfe0b9="""">Application note</span></a>
<h4 data-v-64dfe0b9="""">Pesticide Analysis with Agilent 1260 Infinity II Prime LC Ultivo Triple Quad LC/MS</h4>
</div>
</div>","<p class=""product-description"" data-v-64dfe0b9="""">The 1260 Infinity III Prime LC System is an analytical high-performance liquid chromatography (HPLC) system, offering the flexibility of both an HPLC and a UHPLC for columns with sub-2 μm particles. It can operate at high pressures and handle flow rates up to 5 mL/min. This HPLC/UHPLC system gives you the utmost confidence in your HPLC results and can be a front end for your LC/MS system.</p>
<p class=""product-ul"" data-v-64dfe0b9=""""> </p>
<ul class=""product-features list-styled flex-column"" data-v-64dfe0b9="""">
<li data-v-64dfe0b9="""">Automates your daily HPLC tasks, ensuring reliable HPLC results</li>
<li data-v-64dfe0b9="""">Delivers gradient formation/mixing performance equivalent to a binary-like system</li>
<li data-v-64dfe0b9="""">Provides excellent retention time reproducibility, accuracy, and precision</li>
<li data-v-64dfe0b9="""">Offers seamless method transfer with Intelligent System Emulation Technology</li>
<li data-v-64dfe0b9="""">Mediates solvent effects with Feed Injection using a Hybrid Multisampler</li>
</ul>
<p> </p>",790.000000,1,"Taxable Goods","Not Visible Individually",5000.000000,,,,1260-infinity-iii-prime-lc-system-solvent-none-rid-vialsampler-benchtop,"1260 Infinity III Prime LC System","1260 Infinity III Prime LC System","1260 Infinity III Prime LC System Featured documents

Brochure
Agilent InfinityLab LC Solutions: HPLC Made for Tomorrow

Application note
Pesticide Analysis with Agilent 1260 Infinity II Prime LC Ultivo Triple Quad LC/MS

",,,,,,,,,8/16/26,8/16/26,,,"Block after Info Column",,,,No,,,,,,,"Use config",,"agilent_autosampler=Vialsampler,agilent_bench_stack_configuration=Benchtop,agilent_detector=RID,agilent_optional_secondary_detector=None,agilent_solvent_fluid_management=Solvent,gift_wrapping_available=Yes",123.0000,0.0000,1,0,0,1,1,1,10000,1,1,1.0000,1,1,1,1,1.0000,1,0,0,0,0,1,,,,,,,,,,,,,,,,,,,,,,,,,,,,,,,,,,
1260-Solvent-None-RID-Vialsampler-Stack,,Agilent_LC,simple,"Default Category/Products",base,"1260 Infinity III Prime LC System-Solvent-None-RID-Vialsampler-Stack","<p data-v-64dfe0b9=""""><strong>Featured documents</strong></p>
<div class=""documents-list d-flex flex-column flex-md-row"" data-v-64dfe0b9="""">
<div class=""document-item rounded d-flex flex-column"" tabindex=""0"" data-v-64dfe0b9=""""><a class=""d-flex"" tabindex=""-1"" href=""https://www.agilent.com/cs/library/brochures/br-infinitylab-analytical-hplc-systems-5994-7151EN-agilent.pdf"" target=""_blank"" rel=""noopener"" data-v-64dfe0b9=""""><span data-v-64dfe0b9="""">Brochure</span></a>
<h4 data-v-64dfe0b9="""">Agilent InfinityLab LC Solutions: HPLC Made for Tomorrow</h4>
</div>
<div class=""document-item rounded d-flex flex-column"" tabindex=""0"" data-v-64dfe0b9=""""><a class=""d-flex"" tabindex=""-1"" href=""https://www.agilent.com/cs/library/applications/application-pesticide-analysis-1260-infinity-II-prime-lc-ultivo-lc-ms-ms-5994-1889en-agilent.pdf"" target=""_blank"" rel=""noopener"" data-v-64dfe0b9=""""><span data-v-64dfe0b9="""">Application note</span></a>
<h4 data-v-64dfe0b9="""">Pesticide Analysis with Agilent 1260 Infinity II Prime LC Ultivo Triple Quad LC/MS</h4>
</div>
</div>","<p class=""product-description"" data-v-64dfe0b9="""">The 1260 Infinity III Prime LC System is an analytical high-performance liquid chromatography (HPLC) system, offering the flexibility of both an HPLC and a UHPLC for columns with sub-2 μm particles. It can operate at high pressures and handle flow rates up to 5 mL/min. This HPLC/UHPLC system gives you the utmost confidence in your HPLC results and can be a front end for your LC/MS system.</p>
<p class=""product-ul"" data-v-64dfe0b9=""""> </p>
<ul class=""product-features list-styled flex-column"" data-v-64dfe0b9="""">
<li data-v-64dfe0b9="""">Automates your daily HPLC tasks, ensuring reliable HPLC results</li>
<li data-v-64dfe0b9="""">Delivers gradient formation/mixing performance equivalent to a binary-like system</li>
<li data-v-64dfe0b9="""">Provides excellent retention time reproducibility, accuracy, and precision</li>
<li data-v-64dfe0b9="""">Offers seamless method transfer with Intelligent System Emulation Technology</li>
<li data-v-64dfe0b9="""">Mediates solvent effects with Feed Injection using a Hybrid Multisampler</li>
</ul>
<p> </p>",790.000000,1,"Taxable Goods","Not Visible Individually",5000.000000,,,,1260-infinity-iii-prime-lc-system-solvent-none-rid-vialsampler-stack,"1260 Infinity III Prime LC System","1260 Infinity III Prime LC System","1260 Infinity III Prime LC System Featured documents

Brochure
Agilent InfinityLab LC Solutions: HPLC Made for Tomorrow

Application note
Pesticide Analysis with Agilent 1260 Infinity II Prime LC Ultivo Triple Quad LC/MS

",,,,,,,,,8/16/26,8/16/26,,,"Block after Info Column",,,,No,,,,,,,"Use config",,"agilent_autosampler=Vialsampler,agilent_bench_stack_configuration=Stack,agilent_detector=RID,agilent_optional_secondary_detector=None,agilent_solvent_fluid_management=Solvent,gift_wrapping_available=Yes",123.0000,0.0000,1,0,0,1,1,1,10000,1,1,1.0000,1,1,1,1,1.0000,1,0,0,0,0,1,,,,,,,,,,,,,,,,,,,,,,,,,,,,,,,,,,
"1260-Solvent-ELSD-DAD HS-Multisampler-Flex",,Agilent_LC,simple,"Default Category/Products",base,"1260 Infinity III Prime LC System-Solvent-ELSD-DAD HS-Multisampler-Flex","<p data-v-64dfe0b9=""""><strong>Featured documents</strong></p>
<div class=""documents-list d-flex flex-column flex-md-row"" data-v-64dfe0b9="""">
<div class=""document-item rounded d-flex flex-column"" tabindex=""0"" data-v-64dfe0b9=""""><a class=""d-flex"" tabindex=""-1"" href=""https://www.agilent.com/cs/library/brochures/br-infinitylab-analytical-hplc-systems-5994-7151EN-agilent.pdf"" target=""_blank"" rel=""noopener"" data-v-64dfe0b9=""""><span data-v-64dfe0b9="""">Brochure</span></a>
<h4 data-v-64dfe0b9="""">Agilent InfinityLab LC Solutions: HPLC Made for Tomorrow</h4>
</div>
<div class=""document-item rounded d-flex flex-column"" tabindex=""0"" data-v-64dfe0b9=""""><a class=""d-flex"" tabindex=""-1"" href=""https://www.agilent.com/cs/library/applications/application-pesticide-analysis-1260-infinity-II-prime-lc-ultivo-lc-ms-ms-5994-1889en-agilent.pdf"" target=""_blank"" rel=""noopener"" data-v-64dfe0b9=""""><span data-v-64dfe0b9="""">Application note</span></a>
<h4 data-v-64dfe0b9="""">Pesticide Analysis with Agilent 1260 Infinity II Prime LC Ultivo Triple Quad LC/MS</h4>
</div>
</div>","<p class=""product-description"" data-v-64dfe0b9="""">The 1260 Infinity III Prime LC System is an analytical high-performance liquid chromatography (HPLC) system, offering the flexibility of both an HPLC and a UHPLC for columns with sub-2 μm particles. It can operate at high pressures and handle flow rates up to 5 mL/min. This HPLC/UHPLC system gives you the utmost confidence in your HPLC results and can be a front end for your LC/MS system.</p>
<p class=""product-ul"" data-v-64dfe0b9=""""> </p>
<ul class=""product-features list-styled flex-column"" data-v-64dfe0b9="""">
<li data-v-64dfe0b9="""">Automates your daily HPLC tasks, ensuring reliable HPLC results</li>
<li data-v-64dfe0b9="""">Delivers gradient formation/mixing performance equivalent to a binary-like system</li>
<li data-v-64dfe0b9="""">Provides excellent retention time reproducibility, accuracy, and precision</li>
<li data-v-64dfe0b9="""">Offers seamless method transfer with Intelligent System Emulation Technology</li>
<li data-v-64dfe0b9="""">Mediates solvent effects with Feed Injection using a Hybrid Multisampler</li>
</ul>
<p> </p>",790.000000,1,"Taxable Goods","Not Visible Individually",5000.000000,,,,1260-infinity-iii-prime-lc-system-solvent-elsd-dad-hs-multisampler-flex,"1260 Infinity III Prime LC System","1260 Infinity III Prime LC System","1260 Infinity III Prime LC System Featured documents

Brochure
Agilent InfinityLab LC Solutions: HPLC Made for Tomorrow

Application note
Pesticide Analysis with Agilent 1260 Infinity II Prime LC Ultivo Triple Quad LC/MS

",,,,,,,,,8/16/26,8/16/26,,,"Block after Info Column",,,,No,,,,,,,"Use config",,"agilent_autosampler=Multisampler,agilent_bench_stack_configuration=Flex,agilent_detector=DAD HS,agilent_optional_secondary_detector=ELSD,agilent_solvent_fluid_management=Solvent,gift_wrapping_available=Yes",123.0000,0.0000,1,0,0,1,1,1,10000,1,1,1.0000,1,1,1,1,1.0000,1,0,0,0,0,1,,,,,,,,,,,,,,,,,,,,,,,,,,,,,,,,,,
"1260-Solvent-ELSD-DAD HS-Multisampler-Benchtop",,Agilent_LC,simple,"Default Category/Products",base,"1260 Infinity III Prime LC System-Solvent-ELSD-DAD HS-Multisampler-Benchtop","<p data-v-64dfe0b9=""""><strong>Featured documents</strong></p>
<div class=""documents-list d-flex flex-column flex-md-row"" data-v-64dfe0b9="""">
<div class=""document-item rounded d-flex flex-column"" tabindex=""0"" data-v-64dfe0b9=""""><a class=""d-flex"" tabindex=""-1"" href=""https://www.agilent.com/cs/library/brochures/br-infinitylab-analytical-hplc-systems-5994-7151EN-agilent.pdf"" target=""_blank"" rel=""noopener"" data-v-64dfe0b9=""""><span data-v-64dfe0b9="""">Brochure</span></a>
<h4 data-v-64dfe0b9="""">Agilent InfinityLab LC Solutions: HPLC Made for Tomorrow</h4>
</div>
<div class=""document-item rounded d-flex flex-column"" tabindex=""0"" data-v-64dfe0b9=""""><a class=""d-flex"" tabindex=""-1"" href=""https://www.agilent.com/cs/library/applications/application-pesticide-analysis-1260-infinity-II-prime-lc-ultivo-lc-ms-ms-5994-1889en-agilent.pdf"" target=""_blank"" rel=""noopener"" data-v-64dfe0b9=""""><span data-v-64dfe0b9="""">Application note</span></a>
<h4 data-v-64dfe0b9="""">Pesticide Analysis with Agilent 1260 Infinity II Prime LC Ultivo Triple Quad LC/MS</h4>
</div>
</div>","<p class=""product-description"" data-v-64dfe0b9="""">The 1260 Infinity III Prime LC System is an analytical high-performance liquid chromatography (HPLC) system, offering the flexibility of both an HPLC and a UHPLC for columns with sub-2 μm particles. It can operate at high pressures and handle flow rates up to 5 mL/min. This HPLC/UHPLC system gives you the utmost confidence in your HPLC results and can be a front end for your LC/MS system.</p>
<p class=""product-ul"" data-v-64dfe0b9=""""> </p>
<ul class=""product-features list-styled flex-column"" data-v-64dfe0b9="""">
<li data-v-64dfe0b9="""">Automates your daily HPLC tasks, ensuring reliable HPLC results</li>
<li data-v-64dfe0b9="""">Delivers gradient formation/mixing performance equivalent to a binary-like system</li>
<li data-v-64dfe0b9="""">Provides excellent retention time reproducibility, accuracy, and precision</li>
<li data-v-64dfe0b9="""">Offers seamless method transfer with Intelligent System Emulation Technology</li>
<li data-v-64dfe0b9="""">Mediates solvent effects with Feed Injection using a Hybrid Multisampler</li>
</ul>
<p> </p>",790.000000,1,"Taxable Goods","Not Visible Individually",5000.000000,,,,1260-infinity-iii-prime-lc-system-solvent-elsd-dad-hs-multisampler-benchtop,"1260 Infinity III Prime LC System","1260 Infinity III Prime LC System","1260 Infinity III Prime LC System Featured documents

Brochure
Agilent InfinityLab LC Solutions: HPLC Made for Tomorrow

Application note
Pesticide Analysis with Agilent 1260 Infinity II Prime LC Ultivo Triple Quad LC/MS

",,,,,,,,,8/16/26,8/16/26,,,"Block after Info Column",,,,No,,,,,,,"Use config",,"agilent_autosampler=Multisampler,agilent_bench_stack_configuration=Benchtop,agilent_detector=DAD HS,agilent_optional_secondary_detector=ELSD,agilent_solvent_fluid_management=Solvent,gift_wrapping_available=Yes",123.0000,0.0000,1,0,0,1,1,1,10000,1,1,1.0000,1,1,1,1,1.0000,1,0,0,0,0,1,,,,,,,,,,,,,,,,,,,,,,,,,,,,,,,,,,
"1260-Solvent-ELSD-DAD HS-Multisampler-Stack",,Agilent_LC,simple,"Default Category/Products",base,"1260 Infinity III Prime LC System-Solvent-ELSD-DAD HS-Multisampler-Stack","<p data-v-64dfe0b9=""""><strong>Featured documents</strong></p>
<div class=""documents-list d-flex flex-column flex-md-row"" data-v-64dfe0b9="""">
<div class=""document-item rounded d-flex flex-column"" tabindex=""0"" data-v-64dfe0b9=""""><a class=""d-flex"" tabindex=""-1"" href=""https://www.agilent.com/cs/library/brochures/br-infinitylab-analytical-hplc-systems-5994-7151EN-agilent.pdf"" target=""_blank"" rel=""noopener"" data-v-64dfe0b9=""""><span data-v-64dfe0b9="""">Brochure</span></a>
<h4 data-v-64dfe0b9="""">Agilent InfinityLab LC Solutions: HPLC Made for Tomorrow</h4>
</div>
<div class=""document-item rounded d-flex flex-column"" tabindex=""0"" data-v-64dfe0b9=""""><a class=""d-flex"" tabindex=""-1"" href=""https://www.agilent.com/cs/library/applications/application-pesticide-analysis-1260-infinity-II-prime-lc-ultivo-lc-ms-ms-5994-1889en-agilent.pdf"" target=""_blank"" rel=""noopener"" data-v-64dfe0b9=""""><span data-v-64dfe0b9="""">Application note</span></a>
<h4 data-v-64dfe0b9="""">Pesticide Analysis with Agilent 1260 Infinity II Prime LC Ultivo Triple Quad LC/MS</h4>
</div>
</div>","<p class=""product-description"" data-v-64dfe0b9="""">The 1260 Infinity III Prime LC System is an analytical high-performance liquid chromatography (HPLC) system, offering the flexibility of both an HPLC and a UHPLC for columns with sub-2 μm particles. It can operate at high pressures and handle flow rates up to 5 mL/min. This HPLC/UHPLC system gives you the utmost confidence in your HPLC results and can be a front end for your LC/MS system.</p>
<p class=""product-ul"" data-v-64dfe0b9=""""> </p>
<ul class=""product-features list-styled flex-column"" data-v-64dfe0b9="""">
<li data-v-64dfe0b9="""">Automates your daily HPLC tasks, ensuring reliable HPLC results</li>
<li data-v-64dfe0b9="""">Delivers gradient formation/mixing performance equivalent to a binary-like system</li>
<li data-v-64dfe0b9="""">Provides excellent retention time reproducibility, accuracy, and precision</li>
<li data-v-64dfe0b9="""">Offers seamless method transfer with Intelligent System Emulation Technology</li>
<li data-v-64dfe0b9="""">Mediates solvent effects with Feed Injection using a Hybrid Multisampler</li>
</ul>
<p> </p>",790.000000,1,"Taxable Goods","Not Visible Individually",5000.000000,,,,1260-infinity-iii-prime-lc-system-solvent-elsd-dad-hs-multisampler-stack,"1260 Infinity III Prime LC System","1260 Infinity III Prime LC System","1260 Infinity III Prime LC System Featured documents

Brochure
Agilent InfinityLab LC Solutions: HPLC Made for Tomorrow

Application note
Pesticide Analysis with Agilent 1260 Infinity II Prime LC Ultivo Triple Quad LC/MS

",,,,,,,,,8/16/26,8/16/26,,,"Block after Info Column",,,,No,,,,,,,"Use config",,"agilent_autosampler=Multisampler,agilent_bench_stack_configuration=Stack,agilent_detector=DAD HS,agilent_optional_secondary_detector=ELSD,agilent_solvent_fluid_management=Solvent,gift_wrapping_available=Yes",123.0000,0.0000,1,0,0,1,1,1,10000,1,1,1.0000,1,1,1,1,1.0000,1,0,0,0,0,1,,,,,,,,,,,,,,,,,,,,,,,,,,,,,,,,,,
"1260-Solvent-ELSD-DAD HS-Hybrid Multisampler-Flex",,Agilent_LC,simple,"Default Category/Products",base,"1260 Infinity III Prime LC System-Solvent-ELSD-DAD HS-Hybrid Multisampler-Flex","<p data-v-64dfe0b9=""""><strong>Featured documents</strong></p>
<div class=""documents-list d-flex flex-column flex-md-row"" data-v-64dfe0b9="""">
<div class=""document-item rounded d-flex flex-column"" tabindex=""0"" data-v-64dfe0b9=""""><a class=""d-flex"" tabindex=""-1"" href=""https://www.agilent.com/cs/library/brochures/br-infinitylab-analytical-hplc-systems-5994-7151EN-agilent.pdf"" target=""_blank"" rel=""noopener"" data-v-64dfe0b9=""""><span data-v-64dfe0b9="""">Brochure</span></a>
<h4 data-v-64dfe0b9="""">Agilent InfinityLab LC Solutions: HPLC Made for Tomorrow</h4>
</div>
<div class=""document-item rounded d-flex flex-column"" tabindex=""0"" data-v-64dfe0b9=""""><a class=""d-flex"" tabindex=""-1"" href=""https://www.agilent.com/cs/library/applications/application-pesticide-analysis-1260-infinity-II-prime-lc-ultivo-lc-ms-ms-5994-1889en-agilent.pdf"" target=""_blank"" rel=""noopener"" data-v-64dfe0b9=""""><span data-v-64dfe0b9="""">Application note</span></a>
<h4 data-v-64dfe0b9="""">Pesticide Analysis with Agilent 1260 Infinity II Prime LC Ultivo Triple Quad LC/MS</h4>
</div>
</div>","<p class=""product-description"" data-v-64dfe0b9="""">The 1260 Infinity III Prime LC System is an analytical high-performance liquid chromatography (HPLC) system, offering the flexibility of both an HPLC and a UHPLC for columns with sub-2 μm particles. It can operate at high pressures and handle flow rates up to 5 mL/min. This HPLC/UHPLC system gives you the utmost confidence in your HPLC results and can be a front end for your LC/MS system.</p>
<p class=""product-ul"" data-v-64dfe0b9=""""> </p>
<ul class=""product-features list-styled flex-column"" data-v-64dfe0b9="""">
<li data-v-64dfe0b9="""">Automates your daily HPLC tasks, ensuring reliable HPLC results</li>
<li data-v-64dfe0b9="""">Delivers gradient formation/mixing performance equivalent to a binary-like system</li>
<li data-v-64dfe0b9="""">Provides excellent retention time reproducibility, accuracy, and precision</li>
<li data-v-64dfe0b9="""">Offers seamless method transfer with Intelligent System Emulation Technology</li>
<li data-v-64dfe0b9="""">Mediates solvent effects with Feed Injection using a Hybrid Multisampler</li>
</ul>
<p> </p>",790.000000,1,"Taxable Goods","Not Visible Individually",5000.000000,,,,1260-infinity-iii-prime-lc-system-solvent-elsd-dad-hs-hybrid-multisampler-flex,"1260 Infinity III Prime LC System","1260 Infinity III Prime LC System","1260 Infinity III Prime LC System Featured documents

Brochure
Agilent InfinityLab LC Solutions: HPLC Made for Tomorrow

Application note
Pesticide Analysis with Agilent 1260 Infinity II Prime LC Ultivo Triple Quad LC/MS

",,,,,,,,,8/16/26,8/16/26,,,"Block after Info Column",,,,No,,,,,,,"Use config",,"agilent_autosampler=Hybrid Multisampler,agilent_bench_stack_configuration=Flex,agilent_detector=DAD HS,agilent_optional_secondary_detector=ELSD,agilent_solvent_fluid_management=Solvent,gift_wrapping_available=Yes",123.0000,0.0000,1,0,0,1,1,1,10000,1,1,1.0000,1,1,1,1,1.0000,1,0,0,0,0,1,,,,,,,,,,,,,,,,,,,,,,,,,,,,,,,,,,
"1260-Solvent-ELSD-DAD HS-Hybrid Multisampler-Benchtop",,Agilent_LC,simple,"Default Category/Products",base,"1260 Infinity III Prime LC System-Solvent-ELSD-DAD HS-Hybrid Multisampler-Benchtop","<p data-v-64dfe0b9=""""><strong>Featured documents</strong></p>
<div class=""documents-list d-flex flex-column flex-md-row"" data-v-64dfe0b9="""">
<div class=""document-item rounded d-flex flex-column"" tabindex=""0"" data-v-64dfe0b9=""""><a class=""d-flex"" tabindex=""-1"" href=""https://www.agilent.com/cs/library/brochures/br-infinitylab-analytical-hplc-systems-5994-7151EN-agilent.pdf"" target=""_blank"" rel=""noopener"" data-v-64dfe0b9=""""><span data-v-64dfe0b9="""">Brochure</span></a>
<h4 data-v-64dfe0b9="""">Agilent InfinityLab LC Solutions: HPLC Made for Tomorrow</h4>
</div>
<div class=""document-item rounded d-flex flex-column"" tabindex=""0"" data-v-64dfe0b9=""""><a class=""d-flex"" tabindex=""-1"" href=""https://www.agilent.com/cs/library/applications/application-pesticide-analysis-1260-infinity-II-prime-lc-ultivo-lc-ms-ms-5994-1889en-agilent.pdf"" target=""_blank"" rel=""noopener"" data-v-64dfe0b9=""""><span data-v-64dfe0b9="""">Application note</span></a>
<h4 data-v-64dfe0b9="""">Pesticide Analysis with Agilent 1260 Infinity II Prime LC Ultivo Triple Quad LC/MS</h4>
</div>
</div>","<p class=""product-description"" data-v-64dfe0b9="""">The 1260 Infinity III Prime LC System is an analytical high-performance liquid chromatography (HPLC) system, offering the flexibility of both an HPLC and a UHPLC for columns with sub-2 μm particles. It can operate at high pressures and handle flow rates up to 5 mL/min. This HPLC/UHPLC system gives you the utmost confidence in your HPLC results and can be a front end for your LC/MS system.</p>
<p class=""product-ul"" data-v-64dfe0b9=""""> </p>
<ul class=""product-features list-styled flex-column"" data-v-64dfe0b9="""">
<li data-v-64dfe0b9="""">Automates your daily HPLC tasks, ensuring reliable HPLC results</li>
<li data-v-64dfe0b9="""">Delivers gradient formation/mixing performance equivalent to a binary-like system</li>
<li data-v-64dfe0b9="""">Provides excellent retention time reproducibility, accuracy, and precision</li>
<li data-v-64dfe0b9="""">Offers seamless method transfer with Intelligent System Emulation Technology</li>
<li data-v-64dfe0b9="""">Mediates solvent effects with Feed Injection using a Hybrid Multisampler</li>
</ul>
<p> </p>",790.000000,1,"Taxable Goods","Not Visible Individually",5000.000000,,,,1260-infinity-iii-prime-lc-system-solvent-elsd-dad-hs-hybrid-multisampler-benchtop,"1260 Infinity III Prime LC System","1260 Infinity III Prime LC System","1260 Infinity III Prime LC System Featured documents

Brochure
Agilent InfinityLab LC Solutions: HPLC Made for Tomorrow

Application note
Pesticide Analysis with Agilent 1260 Infinity II Prime LC Ultivo Triple Quad LC/MS

",,,,,,,,,8/16/26,8/16/26,,,"Block after Info Column",,,,No,,,,,,,"Use config",,"agilent_autosampler=Hybrid Multisampler,agilent_bench_stack_configuration=Benchtop,agilent_detector=DAD HS,agilent_optional_secondary_detector=ELSD,agilent_solvent_fluid_management=Solvent,gift_wrapping_available=Yes",123.0000,0.0000,1,0,0,1,1,1,10000,1,1,1.0000,1,1,1,1,1.0000,1,0,0,0,0,1,,,,,,,,,,,,,,,,,,,,,,,,,,,,,,,,,,
"1260-Solvent-ELSD-DAD HS-Hybrid Multisampler-Stack",,Agilent_LC,simple,"Default Category/Products",base,"1260 Infinity III Prime LC System-Solvent-ELSD-DAD HS-Hybrid Multisampler-Stack","<p data-v-64dfe0b9=""""><strong>Featured documents</strong></p>
<div class=""documents-list d-flex flex-column flex-md-row"" data-v-64dfe0b9="""">
<div class=""document-item rounded d-flex flex-column"" tabindex=""0"" data-v-64dfe0b9=""""><a class=""d-flex"" tabindex=""-1"" href=""https://www.agilent.com/cs/library/brochures/br-infinitylab-analytical-hplc-systems-5994-7151EN-agilent.pdf"" target=""_blank"" rel=""noopener"" data-v-64dfe0b9=""""><span data-v-64dfe0b9="""">Brochure</span></a>
<h4 data-v-64dfe0b9="""">Agilent InfinityLab LC Solutions: HPLC Made for Tomorrow</h4>
</div>
<div class=""document-item rounded d-flex flex-column"" tabindex=""0"" data-v-64dfe0b9=""""><a class=""d-flex"" tabindex=""-1"" href=""https://www.agilent.com/cs/library/applications/application-pesticide-analysis-1260-infinity-II-prime-lc-ultivo-lc-ms-ms-5994-1889en-agilent.pdf"" target=""_blank"" rel=""noopener"" data-v-64dfe0b9=""""><span data-v-64dfe0b9="""">Application note</span></a>
<h4 data-v-64dfe0b9="""">Pesticide Analysis with Agilent 1260 Infinity II Prime LC Ultivo Triple Quad LC/MS</h4>
</div>
</div>","<p class=""product-description"" data-v-64dfe0b9="""">The 1260 Infinity III Prime LC System is an analytical high-performance liquid chromatography (HPLC) system, offering the flexibility of both an HPLC and a UHPLC for columns with sub-2 μm particles. It can operate at high pressures and handle flow rates up to 5 mL/min. This HPLC/UHPLC system gives you the utmost confidence in your HPLC results and can be a front end for your LC/MS system.</p>
<p class=""product-ul"" data-v-64dfe0b9=""""> </p>
<ul class=""product-features list-styled flex-column"" data-v-64dfe0b9="""">
<li data-v-64dfe0b9="""">Automates your daily HPLC tasks, ensuring reliable HPLC results</li>
<li data-v-64dfe0b9="""">Delivers gradient formation/mixing performance equivalent to a binary-like system</li>
<li data-v-64dfe0b9="""">Provides excellent retention time reproducibility, accuracy, and precision</li>
<li data-v-64dfe0b9="""">Offers seamless method transfer with Intelligent System Emulation Technology</li>
<li data-v-64dfe0b9="""">Mediates solvent effects with Feed Injection using a Hybrid Multisampler</li>
</ul>
<p> </p>",790.000000,1,"Taxable Goods","Not Visible Individually",5000.000000,,,,1260-infinity-iii-prime-lc-system-solvent-elsd-dad-hs-hybrid-multisampler-stack,"1260 Infinity III Prime LC System","1260 Infinity III Prime LC System","1260 Infinity III Prime LC System Featured documents

Brochure
Agilent InfinityLab LC Solutions: HPLC Made for Tomorrow

Application note
Pesticide Analysis with Agilent 1260 Infinity II Prime LC Ultivo Triple Quad LC/MS

",,,,,,,,,8/16/26,8/16/26,,,"Block after Info Column",,,,No,,,,,,,"Use config",,"agilent_autosampler=Hybrid Multisampler,agilent_bench_stack_configuration=Stack,agilent_detector=DAD HS,agilent_optional_secondary_detector=ELSD,agilent_solvent_fluid_management=Solvent,gift_wrapping_available=Yes",123.0000,0.0000,1,0,0,1,1,1,10000,1,1,1.0000,1,1,1,1,1.0000,1,0,0,0,0,1,,,,,,,,,,,,,,,,,,,,,,,,,,,,,,,,,,
"1260-Solvent-ELSD-DAD HS-Vialsampler-Flex",,Agilent_LC,simple,"Default Category/Products",base,"1260 Infinity III Prime LC System-Solvent-ELSD-DAD HS-Vialsampler-Flex","<p data-v-64dfe0b9=""""><strong>Featured documents</strong></p>
<div class=""documents-list d-flex flex-column flex-md-row"" data-v-64dfe0b9="""">
<div class=""document-item rounded d-flex flex-column"" tabindex=""0"" data-v-64dfe0b9=""""><a class=""d-flex"" tabindex=""-1"" href=""https://www.agilent.com/cs/library/brochures/br-infinitylab-analytical-hplc-systems-5994-7151EN-agilent.pdf"" target=""_blank"" rel=""noopener"" data-v-64dfe0b9=""""><span data-v-64dfe0b9="""">Brochure</span></a>
<h4 data-v-64dfe0b9="""">Agilent InfinityLab LC Solutions: HPLC Made for Tomorrow</h4>
</div>
<div class=""document-item rounded d-flex flex-column"" tabindex=""0"" data-v-64dfe0b9=""""><a class=""d-flex"" tabindex=""-1"" href=""https://www.agilent.com/cs/library/applications/application-pesticide-analysis-1260-infinity-II-prime-lc-ultivo-lc-ms-ms-5994-1889en-agilent.pdf"" target=""_blank"" rel=""noopener"" data-v-64dfe0b9=""""><span data-v-64dfe0b9="""">Application note</span></a>
<h4 data-v-64dfe0b9="""">Pesticide Analysis with Agilent 1260 Infinity II Prime LC Ultivo Triple Quad LC/MS</h4>
</div>
</div>","<p class=""product-description"" data-v-64dfe0b9="""">The 1260 Infinity III Prime LC System is an analytical high-performance liquid chromatography (HPLC) system, offering the flexibility of both an HPLC and a UHPLC for columns with sub-2 μm particles. It can operate at high pressures and handle flow rates up to 5 mL/min. This HPLC/UHPLC system gives you the utmost confidence in your HPLC results and can be a front end for your LC/MS system.</p>
<p class=""product-ul"" data-v-64dfe0b9=""""> </p>
<ul class=""product-features list-styled flex-column"" data-v-64dfe0b9="""">
<li data-v-64dfe0b9="""">Automates your daily HPLC tasks, ensuring reliable HPLC results</li>
<li data-v-64dfe0b9="""">Delivers gradient formation/mixing performance equivalent to a binary-like system</li>
<li data-v-64dfe0b9="""">Provides excellent retention time reproducibility, accuracy, and precision</li>
<li data-v-64dfe0b9="""">Offers seamless method transfer with Intelligent System Emulation Technology</li>
<li data-v-64dfe0b9="""">Mediates solvent effects with Feed Injection using a Hybrid Multisampler</li>
</ul>
<p> </p>",790.000000,1,"Taxable Goods","Not Visible Individually",5000.000000,,,,1260-infinity-iii-prime-lc-system-solvent-elsd-dad-hs-vialsampler-flex,"1260 Infinity III Prime LC System","1260 Infinity III Prime LC System","1260 Infinity III Prime LC System Featured documents

Brochure
Agilent InfinityLab LC Solutions: HPLC Made for Tomorrow

Application note
Pesticide Analysis with Agilent 1260 Infinity II Prime LC Ultivo Triple Quad LC/MS

",,,,,,,,,8/16/26,8/16/26,,,"Block after Info Column",,,,No,,,,,,,"Use config",,"agilent_autosampler=Vialsampler,agilent_bench_stack_configuration=Flex,agilent_detector=DAD HS,agilent_optional_secondary_detector=ELSD,agilent_solvent_fluid_management=Solvent,gift_wrapping_available=Yes",123.0000,0.0000,1,0,0,1,1,1,10000,1,1,1.0000,1,1,1,1,1.0000,1,0,0,0,0,1,,,,,,,,,,,,,,,,,,,,,,,,,,,,,,,,,,
"1260-Solvent-ELSD-DAD HS-Vialsampler-Benchtop",,Agilent_LC,simple,"Default Category/Products",base,"1260 Infinity III Prime LC System-Solvent-ELSD-DAD HS-Vialsampler-Benchtop","<p data-v-64dfe0b9=""""><strong>Featured documents</strong></p>
<div class=""documents-list d-flex flex-column flex-md-row"" data-v-64dfe0b9="""">
<div class=""document-item rounded d-flex flex-column"" tabindex=""0"" data-v-64dfe0b9=""""><a class=""d-flex"" tabindex=""-1"" href=""https://www.agilent.com/cs/library/brochures/br-infinitylab-analytical-hplc-systems-5994-7151EN-agilent.pdf"" target=""_blank"" rel=""noopener"" data-v-64dfe0b9=""""><span data-v-64dfe0b9="""">Brochure</span></a>
<h4 data-v-64dfe0b9="""">Agilent InfinityLab LC Solutions: HPLC Made for Tomorrow</h4>
</div>
<div class=""document-item rounded d-flex flex-column"" tabindex=""0"" data-v-64dfe0b9=""""><a class=""d-flex"" tabindex=""-1"" href=""https://www.agilent.com/cs/library/applications/application-pesticide-analysis-1260-infinity-II-prime-lc-ultivo-lc-ms-ms-5994-1889en-agilent.pdf"" target=""_blank"" rel=""noopener"" data-v-64dfe0b9=""""><span data-v-64dfe0b9="""">Application note</span></a>
<h4 data-v-64dfe0b9="""">Pesticide Analysis with Agilent 1260 Infinity II Prime LC Ultivo Triple Quad LC/MS</h4>
</div>
</div>","<p class=""product-description"" data-v-64dfe0b9="""">The 1260 Infinity III Prime LC System is an analytical high-performance liquid chromatography (HPLC) system, offering the flexibility of both an HPLC and a UHPLC for columns with sub-2 μm particles. It can operate at high pressures and handle flow rates up to 5 mL/min. This HPLC/UHPLC system gives you the utmost confidence in your HPLC results and can be a front end for your LC/MS system.</p>
<p class=""product-ul"" data-v-64dfe0b9=""""> </p>
<ul class=""product-features list-styled flex-column"" data-v-64dfe0b9="""">
<li data-v-64dfe0b9="""">Automates your daily HPLC tasks, ensuring reliable HPLC results</li>
<li data-v-64dfe0b9="""">Delivers gradient formation/mixing performance equivalent to a binary-like system</li>
<li data-v-64dfe0b9="""">Provides excellent retention time reproducibility, accuracy, and precision</li>
<li data-v-64dfe0b9="""">Offers seamless method transfer with Intelligent System Emulation Technology</li>
<li data-v-64dfe0b9="""">Mediates solvent effects with Feed Injection using a Hybrid Multisampler</li>
</ul>
<p> </p>",790.000000,1,"Taxable Goods","Not Visible Individually",5000.000000,,,,1260-infinity-iii-prime-lc-system-solvent-elsd-dad-hs-vialsampler-benchtop,"1260 Infinity III Prime LC System","1260 Infinity III Prime LC System","1260 Infinity III Prime LC System Featured documents

Brochure
Agilent InfinityLab LC Solutions: HPLC Made for Tomorrow

Application note
Pesticide Analysis with Agilent 1260 Infinity II Prime LC Ultivo Triple Quad LC/MS

",,,,,,,,,8/16/26,8/16/26,,,"Block after Info Column",,,,No,,,,,,,"Use config",,"agilent_autosampler=Vialsampler,agilent_bench_stack_configuration=Benchtop,agilent_detector=DAD HS,agilent_optional_secondary_detector=ELSD,agilent_solvent_fluid_management=Solvent,gift_wrapping_available=Yes",123.0000,0.0000,1,0,0,1,1,1,10000,1,1,1.0000,1,1,1,1,1.0000,1,0,0,0,0,1,,,,,,,,,,,,,,,,,,,,,,,,,,,,,,,,,,
"1260-Solvent-ELSD-DAD HS-Vialsampler-Stack",,Agilent_LC,simple,"Default Category/Products",base,"1260 Infinity III Prime LC System-Solvent-ELSD-DAD HS-Vialsampler-Stack","<p data-v-64dfe0b9=""""><strong>Featured documents</strong></p>
<div class=""documents-list d-flex flex-column flex-md-row"" data-v-64dfe0b9="""">
<div class=""document-item rounded d-flex flex-column"" tabindex=""0"" data-v-64dfe0b9=""""><a class=""d-flex"" tabindex=""-1"" href=""https://www.agilent.com/cs/library/brochures/br-infinitylab-analytical-hplc-systems-5994-7151EN-agilent.pdf"" target=""_blank"" rel=""noopener"" data-v-64dfe0b9=""""><span data-v-64dfe0b9="""">Brochure</span></a>
<h4 data-v-64dfe0b9="""">Agilent InfinityLab LC Solutions: HPLC Made for Tomorrow</h4>
</div>
<div class=""document-item rounded d-flex flex-column"" tabindex=""0"" data-v-64dfe0b9=""""><a class=""d-flex"" tabindex=""-1"" href=""https://www.agilent.com/cs/library/applications/application-pesticide-analysis-1260-infinity-II-prime-lc-ultivo-lc-ms-ms-5994-1889en-agilent.pdf"" target=""_blank"" rel=""noopener"" data-v-64dfe0b9=""""><span data-v-64dfe0b9="""">Application note</span></a>
<h4 data-v-64dfe0b9="""">Pesticide Analysis with Agilent 1260 Infinity II Prime LC Ultivo Triple Quad LC/MS</h4>
</div>
</div>","<p class=""product-description"" data-v-64dfe0b9="""">The 1260 Infinity III Prime LC System is an analytical high-performance liquid chromatography (HPLC) system, offering the flexibility of both an HPLC and a UHPLC for columns with sub-2 μm particles. It can operate at high pressures and handle flow rates up to 5 mL/min. This HPLC/UHPLC system gives you the utmost confidence in your HPLC results and can be a front end for your LC/MS system.</p>
<p class=""product-ul"" data-v-64dfe0b9=""""> </p>
<ul class=""product-features list-styled flex-column"" data-v-64dfe0b9="""">
<li data-v-64dfe0b9="""">Automates your daily HPLC tasks, ensuring reliable HPLC results</li>
<li data-v-64dfe0b9="""">Delivers gradient formation/mixing performance equivalent to a binary-like system</li>
<li data-v-64dfe0b9="""">Provides excellent retention time reproducibility, accuracy, and precision</li>
<li data-v-64dfe0b9="""">Offers seamless method transfer with Intelligent System Emulation Technology</li>
<li data-v-64dfe0b9="""">Mediates solvent effects with Feed Injection using a Hybrid Multisampler</li>
</ul>
<p> </p>",790.000000,1,"Taxable Goods","Not Visible Individually",5000.000000,,,,1260-infinity-iii-prime-lc-system-solvent-elsd-dad-hs-vialsampler-stack,"1260 Infinity III Prime LC System","1260 Infinity III Prime LC System","1260 Infinity III Prime LC System Featured documents

Brochure
Agilent InfinityLab LC Solutions: HPLC Made for Tomorrow

Application note
Pesticide Analysis with Agilent 1260 Infinity II Prime LC Ultivo Triple Quad LC/MS

",,,,,,,,,8/16/26,8/16/26,,,"Block after Info Column",,,,No,,,,,,,"Use config",,"agilent_autosampler=Vialsampler,agilent_bench_stack_configuration=Stack,agilent_detector=DAD HS,agilent_optional_secondary_detector=ELSD,agilent_solvent_fluid_management=Solvent,gift_wrapping_available=Yes",123.0000,0.0000,1,0,0,1,1,1,10000,1,1,1.0000,1,1,1,1,1.0000,1,0,0,0,0,1,,,,,,,,,,,,,,,,,,,,,,,,,,,,,,,,,,
"1260-Solvent-ELSD-DAD WR-Multisampler-Flex",,Agilent_LC,simple,"Default Category/Products",base,"1260 Infinity III Prime LC System-Solvent-ELSD-DAD WR-Multisampler-Flex","<p data-v-64dfe0b9=""""><strong>Featured documents</strong></p>
<div class=""documents-list d-flex flex-column flex-md-row"" data-v-64dfe0b9="""">
<div class=""document-item rounded d-flex flex-column"" tabindex=""0"" data-v-64dfe0b9=""""><a class=""d-flex"" tabindex=""-1"" href=""https://www.agilent.com/cs/library/brochures/br-infinitylab-analytical-hplc-systems-5994-7151EN-agilent.pdf"" target=""_blank"" rel=""noopener"" data-v-64dfe0b9=""""><span data-v-64dfe0b9="""">Brochure</span></a>
<h4 data-v-64dfe0b9="""">Agilent InfinityLab LC Solutions: HPLC Made for Tomorrow</h4>
</div>
<div class=""document-item rounded d-flex flex-column"" tabindex=""0"" data-v-64dfe0b9=""""><a class=""d-flex"" tabindex=""-1"" href=""https://www.agilent.com/cs/library/applications/application-pesticide-analysis-1260-infinity-II-prime-lc-ultivo-lc-ms-ms-5994-1889en-agilent.pdf"" target=""_blank"" rel=""noopener"" data-v-64dfe0b9=""""><span data-v-64dfe0b9="""">Application note</span></a>
<h4 data-v-64dfe0b9="""">Pesticide Analysis with Agilent 1260 Infinity II Prime LC Ultivo Triple Quad LC/MS</h4>
</div>
</div>","<p class=""product-description"" data-v-64dfe0b9="""">The 1260 Infinity III Prime LC System is an analytical high-performance liquid chromatography (HPLC) system, offering the flexibility of both an HPLC and a UHPLC for columns with sub-2 μm particles. It can operate at high pressures and handle flow rates up to 5 mL/min. This HPLC/UHPLC system gives you the utmost confidence in your HPLC results and can be a front end for your LC/MS system.</p>
<p class=""product-ul"" data-v-64dfe0b9=""""> </p>
<ul class=""product-features list-styled flex-column"" data-v-64dfe0b9="""">
<li data-v-64dfe0b9="""">Automates your daily HPLC tasks, ensuring reliable HPLC results</li>
<li data-v-64dfe0b9="""">Delivers gradient formation/mixing performance equivalent to a binary-like system</li>
<li data-v-64dfe0b9="""">Provides excellent retention time reproducibility, accuracy, and precision</li>
<li data-v-64dfe0b9="""">Offers seamless method transfer with Intelligent System Emulation Technology</li>
<li data-v-64dfe0b9="""">Mediates solvent effects with Feed Injection using a Hybrid Multisampler</li>
</ul>
<p> </p>",790.000000,1,"Taxable Goods","Not Visible Individually",5000.000000,,,,1260-infinity-iii-prime-lc-system-solvent-elsd-dad-wr-multisampler-flex,"1260 Infinity III Prime LC System","1260 Infinity III Prime LC System","1260 Infinity III Prime LC System Featured documents

Brochure
Agilent InfinityLab LC Solutions: HPLC Made for Tomorrow

Application note
Pesticide Analysis with Agilent 1260 Infinity II Prime LC Ultivo Triple Quad LC/MS

",,,,,,,,,8/16/26,8/16/26,,,"Block after Info Column",,,,No,,,,,,,"Use config",,"agilent_autosampler=Multisampler,agilent_bench_stack_configuration=Flex,agilent_detector=DAD WR,agilent_optional_secondary_detector=ELSD,agilent_solvent_fluid_management=Solvent,gift_wrapping_available=Yes",123.0000,0.0000,1,0,0,1,1,1,10000,1,1,1.0000,1,1,1,1,1.0000,1,0,0,0,0,1,,,,,,,,,,,,,,,,,,,,,,,,,,,,,,,,,,
"1260-Solvent-ELSD-DAD WR-Multisampler-Benchtop",,Agilent_LC,simple,"Default Category/Products",base,"1260 Infinity III Prime LC System-Solvent-ELSD-DAD WR-Multisampler-Benchtop","<p data-v-64dfe0b9=""""><strong>Featured documents</strong></p>
<div class=""documents-list d-flex flex-column flex-md-row"" data-v-64dfe0b9="""">
<div class=""document-item rounded d-flex flex-column"" tabindex=""0"" data-v-64dfe0b9=""""><a class=""d-flex"" tabindex=""-1"" href=""https://www.agilent.com/cs/library/brochures/br-infinitylab-analytical-hplc-systems-5994-7151EN-agilent.pdf"" target=""_blank"" rel=""noopener"" data-v-64dfe0b9=""""><span data-v-64dfe0b9="""">Brochure</span></a>
<h4 data-v-64dfe0b9="""">Agilent InfinityLab LC Solutions: HPLC Made for Tomorrow</h4>
</div>
<div class=""document-item rounded d-flex flex-column"" tabindex=""0"" data-v-64dfe0b9=""""><a class=""d-flex"" tabindex=""-1"" href=""https://www.agilent.com/cs/library/applications/application-pesticide-analysis-1260-infinity-II-prime-lc-ultivo-lc-ms-ms-5994-1889en-agilent.pdf"" target=""_blank"" rel=""noopener"" data-v-64dfe0b9=""""><span data-v-64dfe0b9="""">Application note</span></a>
<h4 data-v-64dfe0b9="""">Pesticide Analysis with Agilent 1260 Infinity II Prime LC Ultivo Triple Quad LC/MS</h4>
</div>
</div>","<p class=""product-description"" data-v-64dfe0b9="""">The 1260 Infinity III Prime LC System is an analytical high-performance liquid chromatography (HPLC) system, offering the flexibility of both an HPLC and a UHPLC for columns with sub-2 μm particles. It can operate at high pressures and handle flow rates up to 5 mL/min. This HPLC/UHPLC system gives you the utmost confidence in your HPLC results and can be a front end for your LC/MS system.</p>
<p class=""product-ul"" data-v-64dfe0b9=""""> </p>
<ul class=""product-features list-styled flex-column"" data-v-64dfe0b9="""">
<li data-v-64dfe0b9="""">Automates your daily HPLC tasks, ensuring reliable HPLC results</li>
<li data-v-64dfe0b9="""">Delivers gradient formation/mixing performance equivalent to a binary-like system</li>
<li data-v-64dfe0b9="""">Provides excellent retention time reproducibility, accuracy, and precision</li>
<li data-v-64dfe0b9="""">Offers seamless method transfer with Intelligent System Emulation Technology</li>
<li data-v-64dfe0b9="""">Mediates solvent effects with Feed Injection using a Hybrid Multisampler</li>
</ul>
<p> </p>",790.000000,1,"Taxable Goods","Not Visible Individually",5000.000000,,,,1260-infinity-iii-prime-lc-system-solvent-elsd-dad-wr-multisampler-benchtop,"1260 Infinity III Prime LC System","1260 Infinity III Prime LC System","1260 Infinity III Prime LC System Featured documents

Brochure
Agilent InfinityLab LC Solutions: HPLC Made for Tomorrow

Application note
Pesticide Analysis with Agilent 1260 Infinity II Prime LC Ultivo Triple Quad LC/MS

",,,,,,,,,8/16/26,8/16/26,,,"Block after Info Column",,,,No,,,,,,,"Use config",,"agilent_autosampler=Multisampler,agilent_bench_stack_configuration=Benchtop,agilent_detector=DAD WR,agilent_optional_secondary_detector=ELSD,agilent_solvent_fluid_management=Solvent,gift_wrapping_available=Yes",123.0000,0.0000,1,0,0,1,1,1,10000,1,1,1.0000,1,1,1,1,1.0000,1,0,0,0,0,1,,,,,,,,,,,,,,,,,,,,,,,,,,,,,,,,,,
"1260-Solvent-ELSD-DAD WR-Multisampler-Stack",,Agilent_LC,simple,"Default Category/Products",base,"1260 Infinity III Prime LC System-Solvent-ELSD-DAD WR-Multisampler-Stack","<p data-v-64dfe0b9=""""><strong>Featured documents</strong></p>
<div class=""documents-list d-flex flex-column flex-md-row"" data-v-64dfe0b9="""">
<div class=""document-item rounded d-flex flex-column"" tabindex=""0"" data-v-64dfe0b9=""""><a class=""d-flex"" tabindex=""-1"" href=""https://www.agilent.com/cs/library/brochures/br-infinitylab-analytical-hplc-systems-5994-7151EN-agilent.pdf"" target=""_blank"" rel=""noopener"" data-v-64dfe0b9=""""><span data-v-64dfe0b9="""">Brochure</span></a>
<h4 data-v-64dfe0b9="""">Agilent InfinityLab LC Solutions: HPLC Made for Tomorrow</h4>
</div>
<div class=""document-item rounded d-flex flex-column"" tabindex=""0"" data-v-64dfe0b9=""""><a class=""d-flex"" tabindex=""-1"" href=""https://www.agilent.com/cs/library/applications/application-pesticide-analysis-1260-infinity-II-prime-lc-ultivo-lc-ms-ms-5994-1889en-agilent.pdf"" target=""_blank"" rel=""noopener"" data-v-64dfe0b9=""""><span data-v-64dfe0b9="""">Application note</span></a>
<h4 data-v-64dfe0b9="""">Pesticide Analysis with Agilent 1260 Infinity II Prime LC Ultivo Triple Quad LC/MS</h4>
</div>
</div>","<p class=""product-description"" data-v-64dfe0b9="""">The 1260 Infinity III Prime LC System is an analytical high-performance liquid chromatography (HPLC) system, offering the flexibility of both an HPLC and a UHPLC for columns with sub-2 μm particles. It can operate at high pressures and handle flow rates up to 5 mL/min. This HPLC/UHPLC system gives you the utmost confidence in your HPLC results and can be a front end for your LC/MS system.</p>
<p class=""product-ul"" data-v-64dfe0b9=""""> </p>
<ul class=""product-features list-styled flex-column"" data-v-64dfe0b9="""">
<li data-v-64dfe0b9="""">Automates your daily HPLC tasks, ensuring reliable HPLC results</li>
<li data-v-64dfe0b9="""">Delivers gradient formation/mixing performance equivalent to a binary-like system</li>
<li data-v-64dfe0b9="""">Provides excellent retention time reproducibility, accuracy, and precision</li>
<li data-v-64dfe0b9="""">Offers seamless method transfer with Intelligent System Emulation Technology</li>
<li data-v-64dfe0b9="""">Mediates solvent effects with Feed Injection using a Hybrid Multisampler</li>
</ul>
<p> </p>",790.000000,1,"Taxable Goods","Not Visible Individually",5000.000000,,,,1260-infinity-iii-prime-lc-system-solvent-elsd-dad-wr-multisampler-stack,"1260 Infinity III Prime LC System","1260 Infinity III Prime LC System","1260 Infinity III Prime LC System Featured documents

Brochure
Agilent InfinityLab LC Solutions: HPLC Made for Tomorrow

Application note
Pesticide Analysis with Agilent 1260 Infinity II Prime LC Ultivo Triple Quad LC/MS

",,,,,,,,,8/16/26,8/16/26,,,"Block after Info Column",,,,No,,,,,,,"Use config",,"agilent_autosampler=Multisampler,agilent_bench_stack_configuration=Stack,agilent_detector=DAD WR,agilent_optional_secondary_detector=ELSD,agilent_solvent_fluid_management=Solvent,gift_wrapping_available=Yes",123.0000,0.0000,1,0,0,1,1,1,10000,1,1,1.0000,1,1,1,1,1.0000,1,0,0,0,0,1,,,,,,,,,,,,,,,,,,,,,,,,,,,,,,,,,,
"1260-Solvent-ELSD-DAD WR-Hybrid Multisampler-Flex",,Agilent_LC,simple,"Default Category/Products",base,"1260 Infinity III Prime LC System-Solvent-ELSD-DAD WR-Hybrid Multisampler-Flex","<p data-v-64dfe0b9=""""><strong>Featured documents</strong></p>
<div class=""documents-list d-flex flex-column flex-md-row"" data-v-64dfe0b9="""">
<div class=""document-item rounded d-flex flex-column"" tabindex=""0"" data-v-64dfe0b9=""""><a class=""d-flex"" tabindex=""-1"" href=""https://www.agilent.com/cs/library/brochures/br-infinitylab-analytical-hplc-systems-5994-7151EN-agilent.pdf"" target=""_blank"" rel=""noopener"" data-v-64dfe0b9=""""><span data-v-64dfe0b9="""">Brochure</span></a>
<h4 data-v-64dfe0b9="""">Agilent InfinityLab LC Solutions: HPLC Made for Tomorrow</h4>
</div>
<div class=""document-item rounded d-flex flex-column"" tabindex=""0"" data-v-64dfe0b9=""""><a class=""d-flex"" tabindex=""-1"" href=""https://www.agilent.com/cs/library/applications/application-pesticide-analysis-1260-infinity-II-prime-lc-ultivo-lc-ms-ms-5994-1889en-agilent.pdf"" target=""_blank"" rel=""noopener"" data-v-64dfe0b9=""""><span data-v-64dfe0b9="""">Application note</span></a>
<h4 data-v-64dfe0b9="""">Pesticide Analysis with Agilent 1260 Infinity II Prime LC Ultivo Triple Quad LC/MS</h4>
</div>
</div>","<p class=""product-description"" data-v-64dfe0b9="""">The 1260 Infinity III Prime LC System is an analytical high-performance liquid chromatography (HPLC) system, offering the flexibility of both an HPLC and a UHPLC for columns with sub-2 μm particles. It can operate at high pressures and handle flow rates up to 5 mL/min. This HPLC/UHPLC system gives you the utmost confidence in your HPLC results and can be a front end for your LC/MS system.</p>
<p class=""product-ul"" data-v-64dfe0b9=""""> </p>
<ul class=""product-features list-styled flex-column"" data-v-64dfe0b9="""">
<li data-v-64dfe0b9="""">Automates your daily HPLC tasks, ensuring reliable HPLC results</li>
<li data-v-64dfe0b9="""">Delivers gradient formation/mixing performance equivalent to a binary-like system</li>
<li data-v-64dfe0b9="""">Provides excellent retention time reproducibility, accuracy, and precision</li>
<li data-v-64dfe0b9="""">Offers seamless method transfer with Intelligent System Emulation Technology</li>
<li data-v-64dfe0b9="""">Mediates solvent effects with Feed Injection using a Hybrid Multisampler</li>
</ul>
<p> </p>",790.000000,1,"Taxable Goods","Not Visible Individually",5000.000000,,,,1260-infinity-iii-prime-lc-system-solvent-elsd-dad-wr-hybrid-multisampler-flex,"1260 Infinity III Prime LC System","1260 Infinity III Prime LC System","1260 Infinity III Prime LC System Featured documents

Brochure
Agilent InfinityLab LC Solutions: HPLC Made for Tomorrow

Application note
Pesticide Analysis with Agilent 1260 Infinity II Prime LC Ultivo Triple Quad LC/MS

",,,,,,,,,8/16/26,8/16/26,,,"Block after Info Column",,,,No,,,,,,,"Use config",,"agilent_autosampler=Hybrid Multisampler,agilent_bench_stack_configuration=Flex,agilent_detector=DAD WR,agilent_optional_secondary_detector=ELSD,agilent_solvent_fluid_management=Solvent,gift_wrapping_available=Yes",123.0000,0.0000,1,0,0,1,1,1,10000,1,1,1.0000,1,1,1,1,1.0000,1,0,0,0,0,1,,,,,,,,,,,,,,,,,,,,,,,,,,,,,,,,,,
"1260-Solvent-ELSD-DAD WR-Hybrid Multisampler-Benchtop",,Agilent_LC,simple,"Default Category/Products",base,"1260 Infinity III Prime LC System-Solvent-ELSD-DAD WR-Hybrid Multisampler-Benchtop","<p data-v-64dfe0b9=""""><strong>Featured documents</strong></p>
<div class=""documents-list d-flex flex-column flex-md-row"" data-v-64dfe0b9="""">
<div class=""document-item rounded d-flex flex-column"" tabindex=""0"" data-v-64dfe0b9=""""><a class=""d-flex"" tabindex=""-1"" href=""https://www.agilent.com/cs/library/brochures/br-infinitylab-analytical-hplc-systems-5994-7151EN-agilent.pdf"" target=""_blank"" rel=""noopener"" data-v-64dfe0b9=""""><span data-v-64dfe0b9="""">Brochure</span></a>
<h4 data-v-64dfe0b9="""">Agilent InfinityLab LC Solutions: HPLC Made for Tomorrow</h4>
</div>
<div class=""document-item rounded d-flex flex-column"" tabindex=""0"" data-v-64dfe0b9=""""><a class=""d-flex"" tabindex=""-1"" href=""https://www.agilent.com/cs/library/applications/application-pesticide-analysis-1260-infinity-II-prime-lc-ultivo-lc-ms-ms-5994-1889en-agilent.pdf"" target=""_blank"" rel=""noopener"" data-v-64dfe0b9=""""><span data-v-64dfe0b9="""">Application note</span></a>
<h4 data-v-64dfe0b9="""">Pesticide Analysis with Agilent 1260 Infinity II Prime LC Ultivo Triple Quad LC/MS</h4>
</div>
</div>","<p class=""product-description"" data-v-64dfe0b9="""">The 1260 Infinity III Prime LC System is an analytical high-performance liquid chromatography (HPLC) system, offering the flexibility of both an HPLC and a UHPLC for columns with sub-2 μm particles. It can operate at high pressures and handle flow rates up to 5 mL/min. This HPLC/UHPLC system gives you the utmost confidence in your HPLC results and can be a front end for your LC/MS system.</p>
<p class=""product-ul"" data-v-64dfe0b9=""""> </p>
<ul class=""product-features list-styled flex-column"" data-v-64dfe0b9="""">
<li data-v-64dfe0b9="""">Automates your daily HPLC tasks, ensuring reliable HPLC results</li>
<li data-v-64dfe0b9="""">Delivers gradient formation/mixing performance equivalent to a binary-like system</li>
<li data-v-64dfe0b9="""">Provides excellent retention time reproducibility, accuracy, and precision</li>
<li data-v-64dfe0b9="""">Offers seamless method transfer with Intelligent System Emulation Technology</li>
<li data-v-64dfe0b9="""">Mediates solvent effects with Feed Injection using a Hybrid Multisampler</li>
</ul>
<p> </p>",790.000000,1,"Taxable Goods","Not Visible Individually",5000.000000,,,,1260-infinity-iii-prime-lc-system-solvent-elsd-dad-wr-hybrid-multisampler-benchtop,"1260 Infinity III Prime LC System","1260 Infinity III Prime LC System","1260 Infinity III Prime LC System Featured documents

Brochure
Agilent InfinityLab LC Solutions: HPLC Made for Tomorrow

Application note
Pesticide Analysis with Agilent 1260 Infinity II Prime LC Ultivo Triple Quad LC/MS

",,,,,,,,,8/16/26,8/16/26,,,"Block after Info Column",,,,No,,,,,,,"Use config",,"agilent_autosampler=Hybrid Multisampler,agilent_bench_stack_configuration=Benchtop,agilent_detector=DAD WR,agilent_optional_secondary_detector=ELSD,agilent_solvent_fluid_management=Solvent,gift_wrapping_available=Yes",123.0000,0.0000,1,0,0,1,1,1,10000,1,1,1.0000,1,1,1,1,1.0000,1,0,0,0,0,1,,,,,,,,,,,,,,,,,,,,,,,,,,,,,,,,,,
"1260-Solvent-ELSD-DAD WR-Hybrid Multisampler-Stack",,Agilent_LC,simple,"Default Category/Products",base,"1260 Infinity III Prime LC System-Solvent-ELSD-DAD WR-Hybrid Multisampler-Stack","<p data-v-64dfe0b9=""""><strong>Featured documents</strong></p>
<div class=""documents-list d-flex flex-column flex-md-row"" data-v-64dfe0b9="""">
<div class=""document-item rounded d-flex flex-column"" tabindex=""0"" data-v-64dfe0b9=""""><a class=""d-flex"" tabindex=""-1"" href=""https://www.agilent.com/cs/library/brochures/br-infinitylab-analytical-hplc-systems-5994-7151EN-agilent.pdf"" target=""_blank"" rel=""noopener"" data-v-64dfe0b9=""""><span data-v-64dfe0b9="""">Brochure</span></a>
<h4 data-v-64dfe0b9="""">Agilent InfinityLab LC Solutions: HPLC Made for Tomorrow</h4>
</div>
<div class=""document-item rounded d-flex flex-column"" tabindex=""0"" data-v-64dfe0b9=""""><a class=""d-flex"" tabindex=""-1"" href=""https://www.agilent.com/cs/library/applications/application-pesticide-analysis-1260-infinity-II-prime-lc-ultivo-lc-ms-ms-5994-1889en-agilent.pdf"" target=""_blank"" rel=""noopener"" data-v-64dfe0b9=""""><span data-v-64dfe0b9="""">Application note</span></a>
<h4 data-v-64dfe0b9="""">Pesticide Analysis with Agilent 1260 Infinity II Prime LC Ultivo Triple Quad LC/MS</h4>
</div>
</div>","<p class=""product-description"" data-v-64dfe0b9="""">The 1260 Infinity III Prime LC System is an analytical high-performance liquid chromatography (HPLC) system, offering the flexibility of both an HPLC and a UHPLC for columns with sub-2 μm particles. It can operate at high pressures and handle flow rates up to 5 mL/min. This HPLC/UHPLC system gives you the utmost confidence in your HPLC results and can be a front end for your LC/MS system.</p>
<p class=""product-ul"" data-v-64dfe0b9=""""> </p>
<ul class=""product-features list-styled flex-column"" data-v-64dfe0b9="""">
<li data-v-64dfe0b9="""">Automates your daily HPLC tasks, ensuring reliable HPLC results</li>
<li data-v-64dfe0b9="""">Delivers gradient formation/mixing performance equivalent to a binary-like system</li>
<li data-v-64dfe0b9="""">Provides excellent retention time reproducibility, accuracy, and precision</li>
<li data-v-64dfe0b9="""">Offers seamless method transfer with Intelligent System Emulation Technology</li>
<li data-v-64dfe0b9="""">Mediates solvent effects with Feed Injection using a Hybrid Multisampler</li>
</ul>
<p> </p>",790.000000,1,"Taxable Goods","Not Visible Individually",5000.000000,,,,1260-infinity-iii-prime-lc-system-solvent-elsd-dad-wr-hybrid-multisampler-stack,"1260 Infinity III Prime LC System","1260 Infinity III Prime LC System","1260 Infinity III Prime LC System Featured documents

Brochure
Agilent InfinityLab LC Solutions: HPLC Made for Tomorrow

Application note
Pesticide Analysis with Agilent 1260 Infinity II Prime LC Ultivo Triple Quad LC/MS

",,,,,,,,,8/16/26,8/16/26,,,"Block after Info Column",,,,No,,,,,,,"Use config",,"agilent_autosampler=Hybrid Multisampler,agilent_bench_stack_configuration=Stack,agilent_detector=DAD WR,agilent_optional_secondary_detector=ELSD,agilent_solvent_fluid_management=Solvent,gift_wrapping_available=Yes",123.0000,0.0000,1,0,0,1,1,1,10000,1,1,1.0000,1,1,1,1,1.0000,1,0,0,0,0,1,,,,,,,,,,,,,,,,,,,,,,,,,,,,,,,,,,
"1260-Solvent-ELSD-DAD WR-Vialsampler-Flex",,Agilent_LC,simple,"Default Category/Products",base,"1260 Infinity III Prime LC System-Solvent-ELSD-DAD WR-Vialsampler-Flex","<p data-v-64dfe0b9=""""><strong>Featured documents</strong></p>
<div class=""documents-list d-flex flex-column flex-md-row"" data-v-64dfe0b9="""">
<div class=""document-item rounded d-flex flex-column"" tabindex=""0"" data-v-64dfe0b9=""""><a class=""d-flex"" tabindex=""-1"" href=""https://www.agilent.com/cs/library/brochures/br-infinitylab-analytical-hplc-systems-5994-7151EN-agilent.pdf"" target=""_blank"" rel=""noopener"" data-v-64dfe0b9=""""><span data-v-64dfe0b9="""">Brochure</span></a>
<h4 data-v-64dfe0b9="""">Agilent InfinityLab LC Solutions: HPLC Made for Tomorrow</h4>
</div>
<div class=""document-item rounded d-flex flex-column"" tabindex=""0"" data-v-64dfe0b9=""""><a class=""d-flex"" tabindex=""-1"" href=""https://www.agilent.com/cs/library/applications/application-pesticide-analysis-1260-infinity-II-prime-lc-ultivo-lc-ms-ms-5994-1889en-agilent.pdf"" target=""_blank"" rel=""noopener"" data-v-64dfe0b9=""""><span data-v-64dfe0b9="""">Application note</span></a>
<h4 data-v-64dfe0b9="""">Pesticide Analysis with Agilent 1260 Infinity II Prime LC Ultivo Triple Quad LC/MS</h4>
</div>
</div>","<p class=""product-description"" data-v-64dfe0b9="""">The 1260 Infinity III Prime LC System is an analytical high-performance liquid chromatography (HPLC) system, offering the flexibility of both an HPLC and a UHPLC for columns with sub-2 μm particles. It can operate at high pressures and handle flow rates up to 5 mL/min. This HPLC/UHPLC system gives you the utmost confidence in your HPLC results and can be a front end for your LC/MS system.</p>
<p class=""product-ul"" data-v-64dfe0b9=""""> </p>
<ul class=""product-features list-styled flex-column"" data-v-64dfe0b9="""">
<li data-v-64dfe0b9="""">Automates your daily HPLC tasks, ensuring reliable HPLC results</li>
<li data-v-64dfe0b9="""">Delivers gradient formation/mixing performance equivalent to a binary-like system</li>
<li data-v-64dfe0b9="""">Provides excellent retention time reproducibility, accuracy, and precision</li>
<li data-v-64dfe0b9="""">Offers seamless method transfer with Intelligent System Emulation Technology</li>
<li data-v-64dfe0b9="""">Mediates solvent effects with Feed Injection using a Hybrid Multisampler</li>
</ul>
<p> </p>",790.000000,1,"Taxable Goods","Not Visible Individually",5000.000000,,,,1260-infinity-iii-prime-lc-system-solvent-elsd-dad-wr-vialsampler-flex,"1260 Infinity III Prime LC System","1260 Infinity III Prime LC System","1260 Infinity III Prime LC System Featured documents

Brochure
Agilent InfinityLab LC Solutions: HPLC Made for Tomorrow

Application note
Pesticide Analysis with Agilent 1260 Infinity II Prime LC Ultivo Triple Quad LC/MS

",,,,,,,,,8/16/26,8/16/26,,,"Block after Info Column",,,,No,,,,,,,"Use config",,"agilent_autosampler=Vialsampler,agilent_bench_stack_configuration=Flex,agilent_detector=DAD WR,agilent_optional_secondary_detector=ELSD,agilent_solvent_fluid_management=Solvent,gift_wrapping_available=Yes",123.0000,0.0000,1,0,0,1,1,1,10000,1,1,1.0000,1,1,1,1,1.0000,1,0,0,0,0,1,,,,,,,,,,,,,,,,,,,,,,,,,,,,,,,,,,
"1260-Solvent-ELSD-DAD WR-Vialsampler-Benchtop",,Agilent_LC,simple,"Default Category/Products",base,"1260 Infinity III Prime LC System-Solvent-ELSD-DAD WR-Vialsampler-Benchtop","<p data-v-64dfe0b9=""""><strong>Featured documents</strong></p>
<div class=""documents-list d-flex flex-column flex-md-row"" data-v-64dfe0b9="""">
<div class=""document-item rounded d-flex flex-column"" tabindex=""0"" data-v-64dfe0b9=""""><a class=""d-flex"" tabindex=""-1"" href=""https://www.agilent.com/cs/library/brochures/br-infinitylab-analytical-hplc-systems-5994-7151EN-agilent.pdf"" target=""_blank"" rel=""noopener"" data-v-64dfe0b9=""""><span data-v-64dfe0b9="""">Brochure</span></a>
<h4 data-v-64dfe0b9="""">Agilent InfinityLab LC Solutions: HPLC Made for Tomorrow</h4>
</div>
<div class=""document-item rounded d-flex flex-column"" tabindex=""0"" data-v-64dfe0b9=""""><a class=""d-flex"" tabindex=""-1"" href=""https://www.agilent.com/cs/library/applications/application-pesticide-analysis-1260-infinity-II-prime-lc-ultivo-lc-ms-ms-5994-1889en-agilent.pdf"" target=""_blank"" rel=""noopener"" data-v-64dfe0b9=""""><span data-v-64dfe0b9="""">Application note</span></a>
<h4 data-v-64dfe0b9="""">Pesticide Analysis with Agilent 1260 Infinity II Prime LC Ultivo Triple Quad LC/MS</h4>
</div>
</div>","<p class=""product-description"" data-v-64dfe0b9="""">The 1260 Infinity III Prime LC System is an analytical high-performance liquid chromatography (HPLC) system, offering the flexibility of both an HPLC and a UHPLC for columns with sub-2 μm particles. It can operate at high pressures and handle flow rates up to 5 mL/min. This HPLC/UHPLC system gives you the utmost confidence in your HPLC results and can be a front end for your LC/MS system.</p>
<p class=""product-ul"" data-v-64dfe0b9=""""> </p>
<ul class=""product-features list-styled flex-column"" data-v-64dfe0b9="""">
<li data-v-64dfe0b9="""">Automates your daily HPLC tasks, ensuring reliable HPLC results</li>
<li data-v-64dfe0b9="""">Delivers gradient formation/mixing performance equivalent to a binary-like system</li>
<li data-v-64dfe0b9="""">Provides excellent retention time reproducibility, accuracy, and precision</li>
<li data-v-64dfe0b9="""">Offers seamless method transfer with Intelligent System Emulation Technology</li>
<li data-v-64dfe0b9="""">Mediates solvent effects with Feed Injection using a Hybrid Multisampler</li>
</ul>
<p> </p>",790.000000,1,"Taxable Goods","Not Visible Individually",5000.000000,,,,1260-infinity-iii-prime-lc-system-solvent-elsd-dad-wr-vialsampler-benchtop,"1260 Infinity III Prime LC System","1260 Infinity III Prime LC System","1260 Infinity III Prime LC System Featured documents

Brochure
Agilent InfinityLab LC Solutions: HPLC Made for Tomorrow

Application note
Pesticide Analysis with Agilent 1260 Infinity II Prime LC Ultivo Triple Quad LC/MS

",,,,,,,,,8/16/26,8/16/26,,,"Block after Info Column",,,,No,,,,,,,"Use config",,"agilent_autosampler=Vialsampler,agilent_bench_stack_configuration=Benchtop,agilent_detector=DAD WR,agilent_optional_secondary_detector=ELSD,agilent_solvent_fluid_management=Solvent,gift_wrapping_available=Yes",123.0000,0.0000,1,0,0,1,1,1,10000,1,1,1.0000,1,1,1,1,1.0000,1,0,0,0,0,1,,,,,,,,,,,,,,,,,,,,,,,,,,,,,,,,,,
"1260-Solvent-ELSD-DAD WR-Vialsampler-Stack",,Agilent_LC,simple,"Default Category/Products",base,"1260 Infinity III Prime LC System-Solvent-ELSD-DAD WR-Vialsampler-Stack","<p data-v-64dfe0b9=""""><strong>Featured documents</strong></p>
<div class=""documents-list d-flex flex-column flex-md-row"" data-v-64dfe0b9="""">
<div class=""document-item rounded d-flex flex-column"" tabindex=""0"" data-v-64dfe0b9=""""><a class=""d-flex"" tabindex=""-1"" href=""https://www.agilent.com/cs/library/brochures/br-infinitylab-analytical-hplc-systems-5994-7151EN-agilent.pdf"" target=""_blank"" rel=""noopener"" data-v-64dfe0b9=""""><span data-v-64dfe0b9="""">Brochure</span></a>
<h4 data-v-64dfe0b9="""">Agilent InfinityLab LC Solutions: HPLC Made for Tomorrow</h4>
</div>
<div class=""document-item rounded d-flex flex-column"" tabindex=""0"" data-v-64dfe0b9=""""><a class=""d-flex"" tabindex=""-1"" href=""https://www.agilent.com/cs/library/applications/application-pesticide-analysis-1260-infinity-II-prime-lc-ultivo-lc-ms-ms-5994-1889en-agilent.pdf"" target=""_blank"" rel=""noopener"" data-v-64dfe0b9=""""><span data-v-64dfe0b9="""">Application note</span></a>
<h4 data-v-64dfe0b9="""">Pesticide Analysis with Agilent 1260 Infinity II Prime LC Ultivo Triple Quad LC/MS</h4>
</div>
</div>","<p class=""product-description"" data-v-64dfe0b9="""">The 1260 Infinity III Prime LC System is an analytical high-performance liquid chromatography (HPLC) system, offering the flexibility of both an HPLC and a UHPLC for columns with sub-2 μm particles. It can operate at high pressures and handle flow rates up to 5 mL/min. This HPLC/UHPLC system gives you the utmost confidence in your HPLC results and can be a front end for your LC/MS system.</p>
<p class=""product-ul"" data-v-64dfe0b9=""""> </p>
<ul class=""product-features list-styled flex-column"" data-v-64dfe0b9="""">
<li data-v-64dfe0b9="""">Automates your daily HPLC tasks, ensuring reliable HPLC results</li>
<li data-v-64dfe0b9="""">Delivers gradient formation/mixing performance equivalent to a binary-like system</li>
<li data-v-64dfe0b9="""">Provides excellent retention time reproducibility, accuracy, and precision</li>
<li data-v-64dfe0b9="""">Offers seamless method transfer with Intelligent System Emulation Technology</li>
<li data-v-64dfe0b9="""">Mediates solvent effects with Feed Injection using a Hybrid Multisampler</li>
</ul>
<p> </p>",790.000000,1,"Taxable Goods","Not Visible Individually",5000.000000,,,,1260-infinity-iii-prime-lc-system-solvent-elsd-dad-wr-vialsampler-stack,"1260 Infinity III Prime LC System","1260 Infinity III Prime LC System","1260 Infinity III Prime LC System Featured documents

Brochure
Agilent InfinityLab LC Solutions: HPLC Made for Tomorrow

Application note
Pesticide Analysis with Agilent 1260 Infinity II Prime LC Ultivo Triple Quad LC/MS

",,,,,,,,,8/16/26,8/16/26,,,"Block after Info Column",,,,No,,,,,,,"Use config",,"agilent_autosampler=Vialsampler,agilent_bench_stack_configuration=Stack,agilent_detector=DAD WR,agilent_optional_secondary_detector=ELSD,agilent_solvent_fluid_management=Solvent,gift_wrapping_available=Yes",123.0000,0.0000,1,0,0,1,1,1,10000,1,1,1.0000,1,1,1,1,1.0000,1,0,0,0,0,1,,,,,,,,,,,,,,,,,,,,,,,,,,,,,,,,,,
1260-Solvent-ELSD-VWD-Multisampler-Flex,,Agilent_LC,simple,"Default Category/Products",base,"1260 Infinity III Prime LC System-Solvent-ELSD-VWD-Multisampler-Flex","<p data-v-64dfe0b9=""""><strong>Featured documents</strong></p>
<div class=""documents-list d-flex flex-column flex-md-row"" data-v-64dfe0b9="""">
<div class=""document-item rounded d-flex flex-column"" tabindex=""0"" data-v-64dfe0b9=""""><a class=""d-flex"" tabindex=""-1"" href=""https://www.agilent.com/cs/library/brochures/br-infinitylab-analytical-hplc-systems-5994-7151EN-agilent.pdf"" target=""_blank"" rel=""noopener"" data-v-64dfe0b9=""""><span data-v-64dfe0b9="""">Brochure</span></a>
<h4 data-v-64dfe0b9="""">Agilent InfinityLab LC Solutions: HPLC Made for Tomorrow</h4>
</div>
<div class=""document-item rounded d-flex flex-column"" tabindex=""0"" data-v-64dfe0b9=""""><a class=""d-flex"" tabindex=""-1"" href=""https://www.agilent.com/cs/library/applications/application-pesticide-analysis-1260-infinity-II-prime-lc-ultivo-lc-ms-ms-5994-1889en-agilent.pdf"" target=""_blank"" rel=""noopener"" data-v-64dfe0b9=""""><span data-v-64dfe0b9="""">Application note</span></a>
<h4 data-v-64dfe0b9="""">Pesticide Analysis with Agilent 1260 Infinity II Prime LC Ultivo Triple Quad LC/MS</h4>
</div>
</div>","<p class=""product-description"" data-v-64dfe0b9="""">The 1260 Infinity III Prime LC System is an analytical high-performance liquid chromatography (HPLC) system, offering the flexibility of both an HPLC and a UHPLC for columns with sub-2 μm particles. It can operate at high pressures and handle flow rates up to 5 mL/min. This HPLC/UHPLC system gives you the utmost confidence in your HPLC results and can be a front end for your LC/MS system.</p>
<p class=""product-ul"" data-v-64dfe0b9=""""> </p>
<ul class=""product-features list-styled flex-column"" data-v-64dfe0b9="""">
<li data-v-64dfe0b9="""">Automates your daily HPLC tasks, ensuring reliable HPLC results</li>
<li data-v-64dfe0b9="""">Delivers gradient formation/mixing performance equivalent to a binary-like system</li>
<li data-v-64dfe0b9="""">Provides excellent retention time reproducibility, accuracy, and precision</li>
<li data-v-64dfe0b9="""">Offers seamless method transfer with Intelligent System Emulation Technology</li>
<li data-v-64dfe0b9="""">Mediates solvent effects with Feed Injection using a Hybrid Multisampler</li>
</ul>
<p> </p>",790.000000,1,"Taxable Goods","Not Visible Individually",5000.000000,,,,1260-infinity-iii-prime-lc-system-solvent-elsd-vwd-multisampler-flex,"1260 Infinity III Prime LC System","1260 Infinity III Prime LC System","1260 Infinity III Prime LC System Featured documents

Brochure
Agilent InfinityLab LC Solutions: HPLC Made for Tomorrow

Application note
Pesticide Analysis with Agilent 1260 Infinity II Prime LC Ultivo Triple Quad LC/MS

",,,,,,,,,8/16/26,8/16/26,,,"Block after Info Column",,,,No,,,,,,,"Use config",,"agilent_autosampler=Multisampler,agilent_bench_stack_configuration=Flex,agilent_detector=VWD,agilent_optional_secondary_detector=ELSD,agilent_solvent_fluid_management=Solvent,gift_wrapping_available=Yes",123.0000,0.0000,1,0,0,1,1,1,10000,1,1,1.0000,1,1,1,1,1.0000,1,0,0,0,0,1,,,,,,,,,,,,,,,,,,,,,,,,,,,,,,,,,,
1260-Solvent-ELSD-VWD-Multisampler-Benchtop,,Agilent_LC,simple,"Default Category/Products",base,"1260 Infinity III Prime LC System-Solvent-ELSD-VWD-Multisampler-Benchtop","<p data-v-64dfe0b9=""""><strong>Featured documents</strong></p>
<div class=""documents-list d-flex flex-column flex-md-row"" data-v-64dfe0b9="""">
<div class=""document-item rounded d-flex flex-column"" tabindex=""0"" data-v-64dfe0b9=""""><a class=""d-flex"" tabindex=""-1"" href=""https://www.agilent.com/cs/library/brochures/br-infinitylab-analytical-hplc-systems-5994-7151EN-agilent.pdf"" target=""_blank"" rel=""noopener"" data-v-64dfe0b9=""""><span data-v-64dfe0b9="""">Brochure</span></a>
<h4 data-v-64dfe0b9="""">Agilent InfinityLab LC Solutions: HPLC Made for Tomorrow</h4>
</div>
<div class=""document-item rounded d-flex flex-column"" tabindex=""0"" data-v-64dfe0b9=""""><a class=""d-flex"" tabindex=""-1"" href=""https://www.agilent.com/cs/library/applications/application-pesticide-analysis-1260-infinity-II-prime-lc-ultivo-lc-ms-ms-5994-1889en-agilent.pdf"" target=""_blank"" rel=""noopener"" data-v-64dfe0b9=""""><span data-v-64dfe0b9="""">Application note</span></a>
<h4 data-v-64dfe0b9="""">Pesticide Analysis with Agilent 1260 Infinity II Prime LC Ultivo Triple Quad LC/MS</h4>
</div>
</div>","<p class=""product-description"" data-v-64dfe0b9="""">The 1260 Infinity III Prime LC System is an analytical high-performance liquid chromatography (HPLC) system, offering the flexibility of both an HPLC and a UHPLC for columns with sub-2 μm particles. It can operate at high pressures and handle flow rates up to 5 mL/min. This HPLC/UHPLC system gives you the utmost confidence in your HPLC results and can be a front end for your LC/MS system.</p>
<p class=""product-ul"" data-v-64dfe0b9=""""> </p>
<ul class=""product-features list-styled flex-column"" data-v-64dfe0b9="""">
<li data-v-64dfe0b9="""">Automates your daily HPLC tasks, ensuring reliable HPLC results</li>
<li data-v-64dfe0b9="""">Delivers gradient formation/mixing performance equivalent to a binary-like system</li>
<li data-v-64dfe0b9="""">Provides excellent retention time reproducibility, accuracy, and precision</li>
<li data-v-64dfe0b9="""">Offers seamless method transfer with Intelligent System Emulation Technology</li>
<li data-v-64dfe0b9="""">Mediates solvent effects with Feed Injection using a Hybrid Multisampler</li>
</ul>
<p> </p>",790.000000,1,"Taxable Goods","Not Visible Individually",5000.000000,,,,1260-infinity-iii-prime-lc-system-solvent-elsd-vwd-multisampler-benchtop,"1260 Infinity III Prime LC System","1260 Infinity III Prime LC System","1260 Infinity III Prime LC System Featured documents

Brochure
Agilent InfinityLab LC Solutions: HPLC Made for Tomorrow

Application note
Pesticide Analysis with Agilent 1260 Infinity II Prime LC Ultivo Triple Quad LC/MS

",,,,,,,,,8/16/26,8/16/26,,,"Block after Info Column",,,,No,,,,,,,"Use config",,"agilent_autosampler=Multisampler,agilent_bench_stack_configuration=Benchtop,agilent_detector=VWD,agilent_optional_secondary_detector=ELSD,agilent_solvent_fluid_management=Solvent,gift_wrapping_available=Yes",123.0000,0.0000,1,0,0,1,1,1,10000,1,1,1.0000,1,1,1,1,1.0000,1,0,0,0,0,1,,,,,,,,,,,,,,,,,,,,,,,,,,,,,,,,,,
1260-Solvent-ELSD-VWD-Multisampler-Stack,,Agilent_LC,simple,"Default Category/Products",base,"1260 Infinity III Prime LC System-Solvent-ELSD-VWD-Multisampler-Stack","<p data-v-64dfe0b9=""""><strong>Featured documents</strong></p>
<div class=""documents-list d-flex flex-column flex-md-row"" data-v-64dfe0b9="""">
<div class=""document-item rounded d-flex flex-column"" tabindex=""0"" data-v-64dfe0b9=""""><a class=""d-flex"" tabindex=""-1"" href=""https://www.agilent.com/cs/library/brochures/br-infinitylab-analytical-hplc-systems-5994-7151EN-agilent.pdf"" target=""_blank"" rel=""noopener"" data-v-64dfe0b9=""""><span data-v-64dfe0b9="""">Brochure</span></a>
<h4 data-v-64dfe0b9="""">Agilent InfinityLab LC Solutions: HPLC Made for Tomorrow</h4>
</div>
<div class=""document-item rounded d-flex flex-column"" tabindex=""0"" data-v-64dfe0b9=""""><a class=""d-flex"" tabindex=""-1"" href=""https://www.agilent.com/cs/library/applications/application-pesticide-analysis-1260-infinity-II-prime-lc-ultivo-lc-ms-ms-5994-1889en-agilent.pdf"" target=""_blank"" rel=""noopener"" data-v-64dfe0b9=""""><span data-v-64dfe0b9="""">Application note</span></a>
<h4 data-v-64dfe0b9="""">Pesticide Analysis with Agilent 1260 Infinity II Prime LC Ultivo Triple Quad LC/MS</h4>
</div>
</div>","<p class=""product-description"" data-v-64dfe0b9="""">The 1260 Infinity III Prime LC System is an analytical high-performance liquid chromatography (HPLC) system, offering the flexibility of both an HPLC and a UHPLC for columns with sub-2 μm particles. It can operate at high pressures and handle flow rates up to 5 mL/min. This HPLC/UHPLC system gives you the utmost confidence in your HPLC results and can be a front end for your LC/MS system.</p>
<p class=""product-ul"" data-v-64dfe0b9=""""> </p>
<ul class=""product-features list-styled flex-column"" data-v-64dfe0b9="""">
<li data-v-64dfe0b9="""">Automates your daily HPLC tasks, ensuring reliable HPLC results</li>
<li data-v-64dfe0b9="""">Delivers gradient formation/mixing performance equivalent to a binary-like system</li>
<li data-v-64dfe0b9="""">Provides excellent retention time reproducibility, accuracy, and precision</li>
<li data-v-64dfe0b9="""">Offers seamless method transfer with Intelligent System Emulation Technology</li>
<li data-v-64dfe0b9="""">Mediates solvent effects with Feed Injection using a Hybrid Multisampler</li>
</ul>
<p> </p>",790.000000,1,"Taxable Goods","Not Visible Individually",5000.000000,,,,1260-infinity-iii-prime-lc-system-solvent-elsd-vwd-multisampler-stack,"1260 Infinity III Prime LC System","1260 Infinity III Prime LC System","1260 Infinity III Prime LC System Featured documents

Brochure
Agilent InfinityLab LC Solutions: HPLC Made for Tomorrow

Application note
Pesticide Analysis with Agilent 1260 Infinity II Prime LC Ultivo Triple Quad LC/MS

",,,,,,,,,8/16/26,8/16/26,,,"Block after Info Column",,,,No,,,,,,,"Use config",,"agilent_autosampler=Multisampler,agilent_bench_stack_configuration=Stack,agilent_detector=VWD,agilent_optional_secondary_detector=ELSD,agilent_solvent_fluid_management=Solvent,gift_wrapping_available=Yes",123.0000,0.0000,1,0,0,1,1,1,10000,1,1,1.0000,1,1,1,1,1.0000,1,0,0,0,0,1,,,,,,,,,,,,,,,,,,,,,,,,,,,,,,,,,,
"1260-Solvent-ELSD-VWD-Hybrid Multisampler-Flex",,Agilent_LC,simple,"Default Category/Products",base,"1260 Infinity III Prime LC System-Solvent-ELSD-VWD-Hybrid Multisampler-Flex","<p data-v-64dfe0b9=""""><strong>Featured documents</strong></p>
<div class=""documents-list d-flex flex-column flex-md-row"" data-v-64dfe0b9="""">
<div class=""document-item rounded d-flex flex-column"" tabindex=""0"" data-v-64dfe0b9=""""><a class=""d-flex"" tabindex=""-1"" href=""https://www.agilent.com/cs/library/brochures/br-infinitylab-analytical-hplc-systems-5994-7151EN-agilent.pdf"" target=""_blank"" rel=""noopener"" data-v-64dfe0b9=""""><span data-v-64dfe0b9="""">Brochure</span></a>
<h4 data-v-64dfe0b9="""">Agilent InfinityLab LC Solutions: HPLC Made for Tomorrow</h4>
</div>
<div class=""document-item rounded d-flex flex-column"" tabindex=""0"" data-v-64dfe0b9=""""><a class=""d-flex"" tabindex=""-1"" href=""https://www.agilent.com/cs/library/applications/application-pesticide-analysis-1260-infinity-II-prime-lc-ultivo-lc-ms-ms-5994-1889en-agilent.pdf"" target=""_blank"" rel=""noopener"" data-v-64dfe0b9=""""><span data-v-64dfe0b9="""">Application note</span></a>
<h4 data-v-64dfe0b9="""">Pesticide Analysis with Agilent 1260 Infinity II Prime LC Ultivo Triple Quad LC/MS</h4>
</div>
</div>","<p class=""product-description"" data-v-64dfe0b9="""">The 1260 Infinity III Prime LC System is an analytical high-performance liquid chromatography (HPLC) system, offering the flexibility of both an HPLC and a UHPLC for columns with sub-2 μm particles. It can operate at high pressures and handle flow rates up to 5 mL/min. This HPLC/UHPLC system gives you the utmost confidence in your HPLC results and can be a front end for your LC/MS system.</p>
<p class=""product-ul"" data-v-64dfe0b9=""""> </p>
<ul class=""product-features list-styled flex-column"" data-v-64dfe0b9="""">
<li data-v-64dfe0b9="""">Automates your daily HPLC tasks, ensuring reliable HPLC results</li>
<li data-v-64dfe0b9="""">Delivers gradient formation/mixing performance equivalent to a binary-like system</li>
<li data-v-64dfe0b9="""">Provides excellent retention time reproducibility, accuracy, and precision</li>
<li data-v-64dfe0b9="""">Offers seamless method transfer with Intelligent System Emulation Technology</li>
<li data-v-64dfe0b9="""">Mediates solvent effects with Feed Injection using a Hybrid Multisampler</li>
</ul>
<p> </p>",790.000000,1,"Taxable Goods","Not Visible Individually",5000.000000,,,,1260-infinity-iii-prime-lc-system-solvent-elsd-vwd-hybrid-multisampler-flex,"1260 Infinity III Prime LC System","1260 Infinity III Prime LC System","1260 Infinity III Prime LC System Featured documents

Brochure
Agilent InfinityLab LC Solutions: HPLC Made for Tomorrow

Application note
Pesticide Analysis with Agilent 1260 Infinity II Prime LC Ultivo Triple Quad LC/MS

",,,,,,,,,8/16/26,8/16/26,,,"Block after Info Column",,,,No,,,,,,,"Use config",,"agilent_autosampler=Hybrid Multisampler,agilent_bench_stack_configuration=Flex,agilent_detector=VWD,agilent_optional_secondary_detector=ELSD,agilent_solvent_fluid_management=Solvent,gift_wrapping_available=Yes",123.0000,0.0000,1,0,0,1,1,1,10000,1,1,1.0000,1,1,1,1,1.0000,1,0,0,0,0,1,,,,,,,,,,,,,,,,,,,,,,,,,,,,,,,,,,
"1260-Solvent-ELSD-VWD-Hybrid Multisampler-Benchtop",,Agilent_LC,simple,"Default Category/Products",base,"1260 Infinity III Prime LC System-Solvent-ELSD-VWD-Hybrid Multisampler-Benchtop","<p data-v-64dfe0b9=""""><strong>Featured documents</strong></p>
<div class=""documents-list d-flex flex-column flex-md-row"" data-v-64dfe0b9="""">
<div class=""document-item rounded d-flex flex-column"" tabindex=""0"" data-v-64dfe0b9=""""><a class=""d-flex"" tabindex=""-1"" href=""https://www.agilent.com/cs/library/brochures/br-infinitylab-analytical-hplc-systems-5994-7151EN-agilent.pdf"" target=""_blank"" rel=""noopener"" data-v-64dfe0b9=""""><span data-v-64dfe0b9="""">Brochure</span></a>
<h4 data-v-64dfe0b9="""">Agilent InfinityLab LC Solutions: HPLC Made for Tomorrow</h4>
</div>
<div class=""document-item rounded d-flex flex-column"" tabindex=""0"" data-v-64dfe0b9=""""><a class=""d-flex"" tabindex=""-1"" href=""https://www.agilent.com/cs/library/applications/application-pesticide-analysis-1260-infinity-II-prime-lc-ultivo-lc-ms-ms-5994-1889en-agilent.pdf"" target=""_blank"" rel=""noopener"" data-v-64dfe0b9=""""><span data-v-64dfe0b9="""">Application note</span></a>
<h4 data-v-64dfe0b9="""">Pesticide Analysis with Agilent 1260 Infinity II Prime LC Ultivo Triple Quad LC/MS</h4>
</div>
</div>","<p class=""product-description"" data-v-64dfe0b9="""">The 1260 Infinity III Prime LC System is an analytical high-performance liquid chromatography (HPLC) system, offering the flexibility of both an HPLC and a UHPLC for columns with sub-2 μm particles. It can operate at high pressures and handle flow rates up to 5 mL/min. This HPLC/UHPLC system gives you the utmost confidence in your HPLC results and can be a front end for your LC/MS system.</p>
<p class=""product-ul"" data-v-64dfe0b9=""""> </p>
<ul class=""product-features list-styled flex-column"" data-v-64dfe0b9="""">
<li data-v-64dfe0b9="""">Automates your daily HPLC tasks, ensuring reliable HPLC results</li>
<li data-v-64dfe0b9="""">Delivers gradient formation/mixing performance equivalent to a binary-like system</li>
<li data-v-64dfe0b9="""">Provides excellent retention time reproducibility, accuracy, and precision</li>
<li data-v-64dfe0b9="""">Offers seamless method transfer with Intelligent System Emulation Technology</li>
<li data-v-64dfe0b9="""">Mediates solvent effects with Feed Injection using a Hybrid Multisampler</li>
</ul>
<p> </p>",790.000000,1,"Taxable Goods","Not Visible Individually",5000.000000,,,,1260-infinity-iii-prime-lc-system-solvent-elsd-vwd-hybrid-multisampler-benchtop,"1260 Infinity III Prime LC System","1260 Infinity III Prime LC System","1260 Infinity III Prime LC System Featured documents

Brochure
Agilent InfinityLab LC Solutions: HPLC Made for Tomorrow

Application note
Pesticide Analysis with Agilent 1260 Infinity II Prime LC Ultivo Triple Quad LC/MS

",,,,,,,,,8/16/26,8/16/26,,,"Block after Info Column",,,,No,,,,,,,"Use config",,"agilent_autosampler=Hybrid Multisampler,agilent_bench_stack_configuration=Benchtop,agilent_detector=VWD,agilent_optional_secondary_detector=ELSD,agilent_solvent_fluid_management=Solvent,gift_wrapping_available=Yes",123.0000,0.0000,1,0,0,1,1,1,10000,1,1,1.0000,1,1,1,1,1.0000,1,0,0,0,0,1,,,,,,,,,,,,,,,,,,,,,,,,,,,,,,,,,,
"1260-Solvent-ELSD-VWD-Hybrid Multisampler-Stack",,Agilent_LC,simple,"Default Category/Products",base,"1260 Infinity III Prime LC System-Solvent-ELSD-VWD-Hybrid Multisampler-Stack","<p data-v-64dfe0b9=""""><strong>Featured documents</strong></p>
<div class=""documents-list d-flex flex-column flex-md-row"" data-v-64dfe0b9="""">
<div class=""document-item rounded d-flex flex-column"" tabindex=""0"" data-v-64dfe0b9=""""><a class=""d-flex"" tabindex=""-1"" href=""https://www.agilent.com/cs/library/brochures/br-infinitylab-analytical-hplc-systems-5994-7151EN-agilent.pdf"" target=""_blank"" rel=""noopener"" data-v-64dfe0b9=""""><span data-v-64dfe0b9="""">Brochure</span></a>
<h4 data-v-64dfe0b9="""">Agilent InfinityLab LC Solutions: HPLC Made for Tomorrow</h4>
</div>
<div class=""document-item rounded d-flex flex-column"" tabindex=""0"" data-v-64dfe0b9=""""><a class=""d-flex"" tabindex=""-1"" href=""https://www.agilent.com/cs/library/applications/application-pesticide-analysis-1260-infinity-II-prime-lc-ultivo-lc-ms-ms-5994-1889en-agilent.pdf"" target=""_blank"" rel=""noopener"" data-v-64dfe0b9=""""><span data-v-64dfe0b9="""">Application note</span></a>
<h4 data-v-64dfe0b9="""">Pesticide Analysis with Agilent 1260 Infinity II Prime LC Ultivo Triple Quad LC/MS</h4>
</div>
</div>","<p class=""product-description"" data-v-64dfe0b9="""">The 1260 Infinity III Prime LC System is an analytical high-performance liquid chromatography (HPLC) system, offering the flexibility of both an HPLC and a UHPLC for columns with sub-2 μm particles. It can operate at high pressures and handle flow rates up to 5 mL/min. This HPLC/UHPLC system gives you the utmost confidence in your HPLC results and can be a front end for your LC/MS system.</p>
<p class=""product-ul"" data-v-64dfe0b9=""""> </p>
<ul class=""product-features list-styled flex-column"" data-v-64dfe0b9="""">
<li data-v-64dfe0b9="""">Automates your daily HPLC tasks, ensuring reliable HPLC results</li>
<li data-v-64dfe0b9="""">Delivers gradient formation/mixing performance equivalent to a binary-like system</li>
<li data-v-64dfe0b9="""">Provides excellent retention time reproducibility, accuracy, and precision</li>
<li data-v-64dfe0b9="""">Offers seamless method transfer with Intelligent System Emulation Technology</li>
<li data-v-64dfe0b9="""">Mediates solvent effects with Feed Injection using a Hybrid Multisampler</li>
</ul>
<p> </p>",790.000000,1,"Taxable Goods","Not Visible Individually",5000.000000,,,,1260-infinity-iii-prime-lc-system-solvent-elsd-vwd-hybrid-multisampler-stack,"1260 Infinity III Prime LC System","1260 Infinity III Prime LC System","1260 Infinity III Prime LC System Featured documents

Brochure
Agilent InfinityLab LC Solutions: HPLC Made for Tomorrow

Application note
Pesticide Analysis with Agilent 1260 Infinity II Prime LC Ultivo Triple Quad LC/MS

",,,,,,,,,8/16/26,8/16/26,,,"Block after Info Column",,,,No,,,,,,,"Use config",,"agilent_autosampler=Hybrid Multisampler,agilent_bench_stack_configuration=Stack,agilent_detector=VWD,agilent_optional_secondary_detector=ELSD,agilent_solvent_fluid_management=Solvent,gift_wrapping_available=Yes",123.0000,0.0000,1,0,0,1,1,1,10000,1,1,1.0000,1,1,1,1,1.0000,1,0,0,0,0,1,,,,,,,,,,,,,,,,,,,,,,,,,,,,,,,,,,
1260-Solvent-ELSD-VWD-Vialsampler-Flex,,Agilent_LC,simple,"Default Category/Products",base,"1260 Infinity III Prime LC System-Solvent-ELSD-VWD-Vialsampler-Flex","<p data-v-64dfe0b9=""""><strong>Featured documents</strong></p>
<div class=""documents-list d-flex flex-column flex-md-row"" data-v-64dfe0b9="""">
<div class=""document-item rounded d-flex flex-column"" tabindex=""0"" data-v-64dfe0b9=""""><a class=""d-flex"" tabindex=""-1"" href=""https://www.agilent.com/cs/library/brochures/br-infinitylab-analytical-hplc-systems-5994-7151EN-agilent.pdf"" target=""_blank"" rel=""noopener"" data-v-64dfe0b9=""""><span data-v-64dfe0b9="""">Brochure</span></a>
<h4 data-v-64dfe0b9="""">Agilent InfinityLab LC Solutions: HPLC Made for Tomorrow</h4>
</div>
<div class=""document-item rounded d-flex flex-column"" tabindex=""0"" data-v-64dfe0b9=""""><a class=""d-flex"" tabindex=""-1"" href=""https://www.agilent.com/cs/library/applications/application-pesticide-analysis-1260-infinity-II-prime-lc-ultivo-lc-ms-ms-5994-1889en-agilent.pdf"" target=""_blank"" rel=""noopener"" data-v-64dfe0b9=""""><span data-v-64dfe0b9="""">Application note</span></a>
<h4 data-v-64dfe0b9="""">Pesticide Analysis with Agilent 1260 Infinity II Prime LC Ultivo Triple Quad LC/MS</h4>
</div>
</div>","<p class=""product-description"" data-v-64dfe0b9="""">The 1260 Infinity III Prime LC System is an analytical high-performance liquid chromatography (HPLC) system, offering the flexibility of both an HPLC and a UHPLC for columns with sub-2 μm particles. It can operate at high pressures and handle flow rates up to 5 mL/min. This HPLC/UHPLC system gives you the utmost confidence in your HPLC results and can be a front end for your LC/MS system.</p>
<p class=""product-ul"" data-v-64dfe0b9=""""> </p>
<ul class=""product-features list-styled flex-column"" data-v-64dfe0b9="""">
<li data-v-64dfe0b9="""">Automates your daily HPLC tasks, ensuring reliable HPLC results</li>
<li data-v-64dfe0b9="""">Delivers gradient formation/mixing performance equivalent to a binary-like system</li>
<li data-v-64dfe0b9="""">Provides excellent retention time reproducibility, accuracy, and precision</li>
<li data-v-64dfe0b9="""">Offers seamless method transfer with Intelligent System Emulation Technology</li>
<li data-v-64dfe0b9="""">Mediates solvent effects with Feed Injection using a Hybrid Multisampler</li>
</ul>
<p> </p>",790.000000,1,"Taxable Goods","Not Visible Individually",5000.000000,,,,1260-infinity-iii-prime-lc-system-solvent-elsd-vwd-vialsampler-flex,"1260 Infinity III Prime LC System","1260 Infinity III Prime LC System","1260 Infinity III Prime LC System Featured documents

Brochure
Agilent InfinityLab LC Solutions: HPLC Made for Tomorrow

Application note
Pesticide Analysis with Agilent 1260 Infinity II Prime LC Ultivo Triple Quad LC/MS

",,,,,,,,,8/16/26,8/16/26,,,"Block after Info Column",,,,No,,,,,,,"Use config",,"agilent_autosampler=Vialsampler,agilent_bench_stack_configuration=Flex,agilent_detector=VWD,agilent_optional_secondary_detector=ELSD,agilent_solvent_fluid_management=Solvent,gift_wrapping_available=Yes",123.0000,0.0000,1,0,0,1,1,1,10000,1,1,1.0000,1,1,1,1,1.0000,1,0,0,0,0,1,,,,,,,,,,,,,,,,,,,,,,,,,,,,,,,,,,
1260-Solvent-ELSD-VWD-Vialsampler-Benchtop,,Agilent_LC,simple,"Default Category/Products",base,"1260 Infinity III Prime LC System-Solvent-ELSD-VWD-Vialsampler-Benchtop","<p data-v-64dfe0b9=""""><strong>Featured documents</strong></p>
<div class=""documents-list d-flex flex-column flex-md-row"" data-v-64dfe0b9="""">
<div class=""document-item rounded d-flex flex-column"" tabindex=""0"" data-v-64dfe0b9=""""><a class=""d-flex"" tabindex=""-1"" href=""https://www.agilent.com/cs/library/brochures/br-infinitylab-analytical-hplc-systems-5994-7151EN-agilent.pdf"" target=""_blank"" rel=""noopener"" data-v-64dfe0b9=""""><span data-v-64dfe0b9="""">Brochure</span></a>
<h4 data-v-64dfe0b9="""">Agilent InfinityLab LC Solutions: HPLC Made for Tomorrow</h4>
</div>
<div class=""document-item rounded d-flex flex-column"" tabindex=""0"" data-v-64dfe0b9=""""><a class=""d-flex"" tabindex=""-1"" href=""https://www.agilent.com/cs/library/applications/application-pesticide-analysis-1260-infinity-II-prime-lc-ultivo-lc-ms-ms-5994-1889en-agilent.pdf"" target=""_blank"" rel=""noopener"" data-v-64dfe0b9=""""><span data-v-64dfe0b9="""">Application note</span></a>
<h4 data-v-64dfe0b9="""">Pesticide Analysis with Agilent 1260 Infinity II Prime LC Ultivo Triple Quad LC/MS</h4>
</div>
</div>","<p class=""product-description"" data-v-64dfe0b9="""">The 1260 Infinity III Prime LC System is an analytical high-performance liquid chromatography (HPLC) system, offering the flexibility of both an HPLC and a UHPLC for columns with sub-2 μm particles. It can operate at high pressures and handle flow rates up to 5 mL/min. This HPLC/UHPLC system gives you the utmost confidence in your HPLC results and can be a front end for your LC/MS system.</p>
<p class=""product-ul"" data-v-64dfe0b9=""""> </p>
<ul class=""product-features list-styled flex-column"" data-v-64dfe0b9="""">
<li data-v-64dfe0b9="""">Automates your daily HPLC tasks, ensuring reliable HPLC results</li>
<li data-v-64dfe0b9="""">Delivers gradient formation/mixing performance equivalent to a binary-like system</li>
<li data-v-64dfe0b9="""">Provides excellent retention time reproducibility, accuracy, and precision</li>
<li data-v-64dfe0b9="""">Offers seamless method transfer with Intelligent System Emulation Technology</li>
<li data-v-64dfe0b9="""">Mediates solvent effects with Feed Injection using a Hybrid Multisampler</li>
</ul>
<p> </p>",790.000000,1,"Taxable Goods","Not Visible Individually",5000.000000,,,,1260-infinity-iii-prime-lc-system-solvent-elsd-vwd-vialsampler-benchtop,"1260 Infinity III Prime LC System","1260 Infinity III Prime LC System","1260 Infinity III Prime LC System Featured documents

Brochure
Agilent InfinityLab LC Solutions: HPLC Made for Tomorrow

Application note
Pesticide Analysis with Agilent 1260 Infinity II Prime LC Ultivo Triple Quad LC/MS

",,,,,,,,,8/16/26,8/16/26,,,"Block after Info Column",,,,No,,,,,,,"Use config",,"agilent_autosampler=Vialsampler,agilent_bench_stack_configuration=Benchtop,agilent_detector=VWD,agilent_optional_secondary_detector=ELSD,agilent_solvent_fluid_management=Solvent,gift_wrapping_available=Yes",123.0000,0.0000,1,0,0,1,1,1,10000,1,1,1.0000,1,1,1,1,1.0000,1,0,0,0,0,1,,,,,,,,,,,,,,,,,,,,,,,,,,,,,,,,,,
1260-Solvent-ELSD-VWD-Vialsampler-Stack,,Agilent_LC,simple,"Default Category/Products",base,"1260 Infinity III Prime LC System-Solvent-ELSD-VWD-Vialsampler-Stack","<p data-v-64dfe0b9=""""><strong>Featured documents</strong></p>
<div class=""documents-list d-flex flex-column flex-md-row"" data-v-64dfe0b9="""">
<div class=""document-item rounded d-flex flex-column"" tabindex=""0"" data-v-64dfe0b9=""""><a class=""d-flex"" tabindex=""-1"" href=""https://www.agilent.com/cs/library/brochures/br-infinitylab-analytical-hplc-systems-5994-7151EN-agilent.pdf"" target=""_blank"" rel=""noopener"" data-v-64dfe0b9=""""><span data-v-64dfe0b9="""">Brochure</span></a>
<h4 data-v-64dfe0b9="""">Agilent InfinityLab LC Solutions: HPLC Made for Tomorrow</h4>
</div>
<div class=""document-item rounded d-flex flex-column"" tabindex=""0"" data-v-64dfe0b9=""""><a class=""d-flex"" tabindex=""-1"" href=""https://www.agilent.com/cs/library/applications/application-pesticide-analysis-1260-infinity-II-prime-lc-ultivo-lc-ms-ms-5994-1889en-agilent.pdf"" target=""_blank"" rel=""noopener"" data-v-64dfe0b9=""""><span data-v-64dfe0b9="""">Application note</span></a>
<h4 data-v-64dfe0b9="""">Pesticide Analysis with Agilent 1260 Infinity II Prime LC Ultivo Triple Quad LC/MS</h4>
</div>
</div>","<p class=""product-description"" data-v-64dfe0b9="""">The 1260 Infinity III Prime LC System is an analytical high-performance liquid chromatography (HPLC) system, offering the flexibility of both an HPLC and a UHPLC for columns with sub-2 μm particles. It can operate at high pressures and handle flow rates up to 5 mL/min. This HPLC/UHPLC system gives you the utmost confidence in your HPLC results and can be a front end for your LC/MS system.</p>
<p class=""product-ul"" data-v-64dfe0b9=""""> </p>
<ul class=""product-features list-styled flex-column"" data-v-64dfe0b9="""">
<li data-v-64dfe0b9="""">Automates your daily HPLC tasks, ensuring reliable HPLC results</li>
<li data-v-64dfe0b9="""">Delivers gradient formation/mixing performance equivalent to a binary-like system</li>
<li data-v-64dfe0b9="""">Provides excellent retention time reproducibility, accuracy, and precision</li>
<li data-v-64dfe0b9="""">Offers seamless method transfer with Intelligent System Emulation Technology</li>
<li data-v-64dfe0b9="""">Mediates solvent effects with Feed Injection using a Hybrid Multisampler</li>
</ul>
<p> </p>",790.000000,1,"Taxable Goods","Not Visible Individually",5000.000000,,,,1260-infinity-iii-prime-lc-system-solvent-elsd-vwd-vialsampler-stack,"1260 Infinity III Prime LC System","1260 Infinity III Prime LC System","1260 Infinity III Prime LC System Featured documents

Brochure
Agilent InfinityLab LC Solutions: HPLC Made for Tomorrow

Application note
Pesticide Analysis with Agilent 1260 Infinity II Prime LC Ultivo Triple Quad LC/MS

",,,,,,,,,8/16/26,8/16/26,,,"Block after Info Column",,,,No,,,,,,,"Use config",,"agilent_autosampler=Vialsampler,agilent_bench_stack_configuration=Stack,agilent_detector=VWD,agilent_optional_secondary_detector=ELSD,agilent_solvent_fluid_management=Solvent,gift_wrapping_available=Yes",123.0000,0.0000,1,0,0,1,1,1,10000,1,1,1.0000,1,1,1,1,1.0000,1,0,0,0,0,1,,,,,,,,,,,,,,,,,,,,,,,,,,,,,,,,,,
1260-Solvent-ELSD-FLD-Multisampler-Flex,,Agilent_LC,simple,"Default Category/Products",base,"1260 Infinity III Prime LC System-Solvent-ELSD-FLD-Multisampler-Flex","<p data-v-64dfe0b9=""""><strong>Featured documents</strong></p>
<div class=""documents-list d-flex flex-column flex-md-row"" data-v-64dfe0b9="""">
<div class=""document-item rounded d-flex flex-column"" tabindex=""0"" data-v-64dfe0b9=""""><a class=""d-flex"" tabindex=""-1"" href=""https://www.agilent.com/cs/library/brochures/br-infinitylab-analytical-hplc-systems-5994-7151EN-agilent.pdf"" target=""_blank"" rel=""noopener"" data-v-64dfe0b9=""""><span data-v-64dfe0b9="""">Brochure</span></a>
<h4 data-v-64dfe0b9="""">Agilent InfinityLab LC Solutions: HPLC Made for Tomorrow</h4>
</div>
<div class=""document-item rounded d-flex flex-column"" tabindex=""0"" data-v-64dfe0b9=""""><a class=""d-flex"" tabindex=""-1"" href=""https://www.agilent.com/cs/library/applications/application-pesticide-analysis-1260-infinity-II-prime-lc-ultivo-lc-ms-ms-5994-1889en-agilent.pdf"" target=""_blank"" rel=""noopener"" data-v-64dfe0b9=""""><span data-v-64dfe0b9="""">Application note</span></a>
<h4 data-v-64dfe0b9="""">Pesticide Analysis with Agilent 1260 Infinity II Prime LC Ultivo Triple Quad LC/MS</h4>
</div>
</div>","<p class=""product-description"" data-v-64dfe0b9="""">The 1260 Infinity III Prime LC System is an analytical high-performance liquid chromatography (HPLC) system, offering the flexibility of both an HPLC and a UHPLC for columns with sub-2 μm particles. It can operate at high pressures and handle flow rates up to 5 mL/min. This HPLC/UHPLC system gives you the utmost confidence in your HPLC results and can be a front end for your LC/MS system.</p>
<p class=""product-ul"" data-v-64dfe0b9=""""> </p>
<ul class=""product-features list-styled flex-column"" data-v-64dfe0b9="""">
<li data-v-64dfe0b9="""">Automates your daily HPLC tasks, ensuring reliable HPLC results</li>
<li data-v-64dfe0b9="""">Delivers gradient formation/mixing performance equivalent to a binary-like system</li>
<li data-v-64dfe0b9="""">Provides excellent retention time reproducibility, accuracy, and precision</li>
<li data-v-64dfe0b9="""">Offers seamless method transfer with Intelligent System Emulation Technology</li>
<li data-v-64dfe0b9="""">Mediates solvent effects with Feed Injection using a Hybrid Multisampler</li>
</ul>
<p> </p>",790.000000,1,"Taxable Goods","Not Visible Individually",5000.000000,,,,1260-infinity-iii-prime-lc-system-solvent-elsd-fld-multisampler-flex,"1260 Infinity III Prime LC System","1260 Infinity III Prime LC System","1260 Infinity III Prime LC System Featured documents

Brochure
Agilent InfinityLab LC Solutions: HPLC Made for Tomorrow

Application note
Pesticide Analysis with Agilent 1260 Infinity II Prime LC Ultivo Triple Quad LC/MS

",,,,,,,,,8/16/26,8/16/26,,,"Block after Info Column",,,,No,,,,,,,"Use config",,"agilent_autosampler=Multisampler,agilent_bench_stack_configuration=Flex,agilent_detector=FLD,agilent_optional_secondary_detector=ELSD,agilent_solvent_fluid_management=Solvent,gift_wrapping_available=Yes",123.0000,0.0000,1,0,0,1,1,1,10000,1,1,1.0000,1,1,1,1,1.0000,1,0,0,0,0,1,,,,,,,,,,,,,,,,,,,,,,,,,,,,,,,,,,
1260-Solvent-ELSD-FLD-Multisampler-Benchtop,,Agilent_LC,simple,"Default Category/Products",base,"1260 Infinity III Prime LC System-Solvent-ELSD-FLD-Multisampler-Benchtop","<p data-v-64dfe0b9=""""><strong>Featured documents</strong></p>
<div class=""documents-list d-flex flex-column flex-md-row"" data-v-64dfe0b9="""">
<div class=""document-item rounded d-flex flex-column"" tabindex=""0"" data-v-64dfe0b9=""""><a class=""d-flex"" tabindex=""-1"" href=""https://www.agilent.com/cs/library/brochures/br-infinitylab-analytical-hplc-systems-5994-7151EN-agilent.pdf"" target=""_blank"" rel=""noopener"" data-v-64dfe0b9=""""><span data-v-64dfe0b9="""">Brochure</span></a>
<h4 data-v-64dfe0b9="""">Agilent InfinityLab LC Solutions: HPLC Made for Tomorrow</h4>
</div>
<div class=""document-item rounded d-flex flex-column"" tabindex=""0"" data-v-64dfe0b9=""""><a class=""d-flex"" tabindex=""-1"" href=""https://www.agilent.com/cs/library/applications/application-pesticide-analysis-1260-infinity-II-prime-lc-ultivo-lc-ms-ms-5994-1889en-agilent.pdf"" target=""_blank"" rel=""noopener"" data-v-64dfe0b9=""""><span data-v-64dfe0b9="""">Application note</span></a>
<h4 data-v-64dfe0b9="""">Pesticide Analysis with Agilent 1260 Infinity II Prime LC Ultivo Triple Quad LC/MS</h4>
</div>
</div>","<p class=""product-description"" data-v-64dfe0b9="""">The 1260 Infinity III Prime LC System is an analytical high-performance liquid chromatography (HPLC) system, offering the flexibility of both an HPLC and a UHPLC for columns with sub-2 μm particles. It can operate at high pressures and handle flow rates up to 5 mL/min. This HPLC/UHPLC system gives you the utmost confidence in your HPLC results and can be a front end for your LC/MS system.</p>
<p class=""product-ul"" data-v-64dfe0b9=""""> </p>
<ul class=""product-features list-styled flex-column"" data-v-64dfe0b9="""">
<li data-v-64dfe0b9="""">Automates your daily HPLC tasks, ensuring reliable HPLC results</li>
<li data-v-64dfe0b9="""">Delivers gradient formation/mixing performance equivalent to a binary-like system</li>
<li data-v-64dfe0b9="""">Provides excellent retention time reproducibility, accuracy, and precision</li>
<li data-v-64dfe0b9="""">Offers seamless method transfer with Intelligent System Emulation Technology</li>
<li data-v-64dfe0b9="""">Mediates solvent effects with Feed Injection using a Hybrid Multisampler</li>
</ul>
<p> </p>",790.000000,1,"Taxable Goods","Not Visible Individually",5000.000000,,,,1260-infinity-iii-prime-lc-system-solvent-elsd-fld-multisampler-benchtop,"1260 Infinity III Prime LC System","1260 Infinity III Prime LC System","1260 Infinity III Prime LC System Featured documents

Brochure
Agilent InfinityLab LC Solutions: HPLC Made for Tomorrow

Application note
Pesticide Analysis with Agilent 1260 Infinity II Prime LC Ultivo Triple Quad LC/MS

",,,,,,,,,8/16/26,8/16/26,,,"Block after Info Column",,,,No,,,,,,,"Use config",,"agilent_autosampler=Multisampler,agilent_bench_stack_configuration=Benchtop,agilent_detector=FLD,agilent_optional_secondary_detector=ELSD,agilent_solvent_fluid_management=Solvent,gift_wrapping_available=Yes",123.0000,0.0000,1,0,0,1,1,1,10000,1,1,1.0000,1,1,1,1,1.0000,1,0,0,0,0,1,,,,,,,,,,,,,,,,,,,,,,,,,,,,,,,,,,
1260-Solvent-ELSD-FLD-Multisampler-Stack,,Agilent_LC,simple,"Default Category/Products",base,"1260 Infinity III Prime LC System-Solvent-ELSD-FLD-Multisampler-Stack","<p data-v-64dfe0b9=""""><strong>Featured documents</strong></p>
<div class=""documents-list d-flex flex-column flex-md-row"" data-v-64dfe0b9="""">
<div class=""document-item rounded d-flex flex-column"" tabindex=""0"" data-v-64dfe0b9=""""><a class=""d-flex"" tabindex=""-1"" href=""https://www.agilent.com/cs/library/brochures/br-infinitylab-analytical-hplc-systems-5994-7151EN-agilent.pdf"" target=""_blank"" rel=""noopener"" data-v-64dfe0b9=""""><span data-v-64dfe0b9="""">Brochure</span></a>
<h4 data-v-64dfe0b9="""">Agilent InfinityLab LC Solutions: HPLC Made for Tomorrow</h4>
</div>
<div class=""document-item rounded d-flex flex-column"" tabindex=""0"" data-v-64dfe0b9=""""><a class=""d-flex"" tabindex=""-1"" href=""https://www.agilent.com/cs/library/applications/application-pesticide-analysis-1260-infinity-II-prime-lc-ultivo-lc-ms-ms-5994-1889en-agilent.pdf"" target=""_blank"" rel=""noopener"" data-v-64dfe0b9=""""><span data-v-64dfe0b9="""">Application note</span></a>
<h4 data-v-64dfe0b9="""">Pesticide Analysis with Agilent 1260 Infinity II Prime LC Ultivo Triple Quad LC/MS</h4>
</div>
</div>","<p class=""product-description"" data-v-64dfe0b9="""">The 1260 Infinity III Prime LC System is an analytical high-performance liquid chromatography (HPLC) system, offering the flexibility of both an HPLC and a UHPLC for columns with sub-2 μm particles. It can operate at high pressures and handle flow rates up to 5 mL/min. This HPLC/UHPLC system gives you the utmost confidence in your HPLC results and can be a front end for your LC/MS system.</p>
<p class=""product-ul"" data-v-64dfe0b9=""""> </p>
<ul class=""product-features list-styled flex-column"" data-v-64dfe0b9="""">
<li data-v-64dfe0b9="""">Automates your daily HPLC tasks, ensuring reliable HPLC results</li>
<li data-v-64dfe0b9="""">Delivers gradient formation/mixing performance equivalent to a binary-like system</li>
<li data-v-64dfe0b9="""">Provides excellent retention time reproducibility, accuracy, and precision</li>
<li data-v-64dfe0b9="""">Offers seamless method transfer with Intelligent System Emulation Technology</li>
<li data-v-64dfe0b9="""">Mediates solvent effects with Feed Injection using a Hybrid Multisampler</li>
</ul>
<p> </p>",790.000000,1,"Taxable Goods","Not Visible Individually",5000.000000,,,,1260-infinity-iii-prime-lc-system-solvent-elsd-fld-multisampler-stack,"1260 Infinity III Prime LC System","1260 Infinity III Prime LC System","1260 Infinity III Prime LC System Featured documents

Brochure
Agilent InfinityLab LC Solutions: HPLC Made for Tomorrow

Application note
Pesticide Analysis with Agilent 1260 Infinity II Prime LC Ultivo Triple Quad LC/MS

",,,,,,,,,8/16/26,8/16/26,,,"Block after Info Column",,,,No,,,,,,,"Use config",,"agilent_autosampler=Multisampler,agilent_bench_stack_configuration=Stack,agilent_detector=FLD,agilent_optional_secondary_detector=ELSD,agilent_solvent_fluid_management=Solvent,gift_wrapping_available=Yes",123.0000,0.0000,1,0,0,1,1,1,10000,1,1,1.0000,1,1,1,1,1.0000,1,0,0,0,0,1,,,,,,,,,,,,,,,,,,,,,,,,,,,,,,,,,,
"1260-Solvent-ELSD-FLD-Hybrid Multisampler-Flex",,Agilent_LC,simple,"Default Category/Products",base,"1260 Infinity III Prime LC System-Solvent-ELSD-FLD-Hybrid Multisampler-Flex","<p data-v-64dfe0b9=""""><strong>Featured documents</strong></p>
<div class=""documents-list d-flex flex-column flex-md-row"" data-v-64dfe0b9="""">
<div class=""document-item rounded d-flex flex-column"" tabindex=""0"" data-v-64dfe0b9=""""><a class=""d-flex"" tabindex=""-1"" href=""https://www.agilent.com/cs/library/brochures/br-infinitylab-analytical-hplc-systems-5994-7151EN-agilent.pdf"" target=""_blank"" rel=""noopener"" data-v-64dfe0b9=""""><span data-v-64dfe0b9="""">Brochure</span></a>
<h4 data-v-64dfe0b9="""">Agilent InfinityLab LC Solutions: HPLC Made for Tomorrow</h4>
</div>
<div class=""document-item rounded d-flex flex-column"" tabindex=""0"" data-v-64dfe0b9=""""><a class=""d-flex"" tabindex=""-1"" href=""https://www.agilent.com/cs/library/applications/application-pesticide-analysis-1260-infinity-II-prime-lc-ultivo-lc-ms-ms-5994-1889en-agilent.pdf"" target=""_blank"" rel=""noopener"" data-v-64dfe0b9=""""><span data-v-64dfe0b9="""">Application note</span></a>
<h4 data-v-64dfe0b9="""">Pesticide Analysis with Agilent 1260 Infinity II Prime LC Ultivo Triple Quad LC/MS</h4>
</div>
</div>","<p class=""product-description"" data-v-64dfe0b9="""">The 1260 Infinity III Prime LC System is an analytical high-performance liquid chromatography (HPLC) system, offering the flexibility of both an HPLC and a UHPLC for columns with sub-2 μm particles. It can operate at high pressures and handle flow rates up to 5 mL/min. This HPLC/UHPLC system gives you the utmost confidence in your HPLC results and can be a front end for your LC/MS system.</p>
<p class=""product-ul"" data-v-64dfe0b9=""""> </p>
<ul class=""product-features list-styled flex-column"" data-v-64dfe0b9="""">
<li data-v-64dfe0b9="""">Automates your daily HPLC tasks, ensuring reliable HPLC results</li>
<li data-v-64dfe0b9="""">Delivers gradient formation/mixing performance equivalent to a binary-like system</li>
<li data-v-64dfe0b9="""">Provides excellent retention time reproducibility, accuracy, and precision</li>
<li data-v-64dfe0b9="""">Offers seamless method transfer with Intelligent System Emulation Technology</li>
<li data-v-64dfe0b9="""">Mediates solvent effects with Feed Injection using a Hybrid Multisampler</li>
</ul>
<p> </p>",790.000000,1,"Taxable Goods","Not Visible Individually",5000.000000,,,,1260-infinity-iii-prime-lc-system-solvent-elsd-fld-hybrid-multisampler-flex,"1260 Infinity III Prime LC System","1260 Infinity III Prime LC System","1260 Infinity III Prime LC System Featured documents

Brochure
Agilent InfinityLab LC Solutions: HPLC Made for Tomorrow

Application note
Pesticide Analysis with Agilent 1260 Infinity II Prime LC Ultivo Triple Quad LC/MS

",,,,,,,,,8/16/26,8/16/26,,,"Block after Info Column",,,,No,,,,,,,"Use config",,"agilent_autosampler=Hybrid Multisampler,agilent_bench_stack_configuration=Flex,agilent_detector=FLD,agilent_optional_secondary_detector=ELSD,agilent_solvent_fluid_management=Solvent,gift_wrapping_available=Yes",123.0000,0.0000,1,0,0,1,1,1,10000,1,1,1.0000,1,1,1,1,1.0000,1,0,0,0,0,1,,,,,,,,,,,,,,,,,,,,,,,,,,,,,,,,,,
"1260-Solvent-ELSD-FLD-Hybrid Multisampler-Benchtop",,Agilent_LC,simple,"Default Category/Products",base,"1260 Infinity III Prime LC System-Solvent-ELSD-FLD-Hybrid Multisampler-Benchtop","<p data-v-64dfe0b9=""""><strong>Featured documents</strong></p>
<div class=""documents-list d-flex flex-column flex-md-row"" data-v-64dfe0b9="""">
<div class=""document-item rounded d-flex flex-column"" tabindex=""0"" data-v-64dfe0b9=""""><a class=""d-flex"" tabindex=""-1"" href=""https://www.agilent.com/cs/library/brochures/br-infinitylab-analytical-hplc-systems-5994-7151EN-agilent.pdf"" target=""_blank"" rel=""noopener"" data-v-64dfe0b9=""""><span data-v-64dfe0b9="""">Brochure</span></a>
<h4 data-v-64dfe0b9="""">Agilent InfinityLab LC Solutions: HPLC Made for Tomorrow</h4>
</div>
<div class=""document-item rounded d-flex flex-column"" tabindex=""0"" data-v-64dfe0b9=""""><a class=""d-flex"" tabindex=""-1"" href=""https://www.agilent.com/cs/library/applications/application-pesticide-analysis-1260-infinity-II-prime-lc-ultivo-lc-ms-ms-5994-1889en-agilent.pdf"" target=""_blank"" rel=""noopener"" data-v-64dfe0b9=""""><span data-v-64dfe0b9="""">Application note</span></a>
<h4 data-v-64dfe0b9="""">Pesticide Analysis with Agilent 1260 Infinity II Prime LC Ultivo Triple Quad LC/MS</h4>
</div>
</div>","<p class=""product-description"" data-v-64dfe0b9="""">The 1260 Infinity III Prime LC System is an analytical high-performance liquid chromatography (HPLC) system, offering the flexibility of both an HPLC and a UHPLC for columns with sub-2 μm particles. It can operate at high pressures and handle flow rates up to 5 mL/min. This HPLC/UHPLC system gives you the utmost confidence in your HPLC results and can be a front end for your LC/MS system.</p>
<p class=""product-ul"" data-v-64dfe0b9=""""> </p>
<ul class=""product-features list-styled flex-column"" data-v-64dfe0b9="""">
<li data-v-64dfe0b9="""">Automates your daily HPLC tasks, ensuring reliable HPLC results</li>
<li data-v-64dfe0b9="""">Delivers gradient formation/mixing performance equivalent to a binary-like system</li>
<li data-v-64dfe0b9="""">Provides excellent retention time reproducibility, accuracy, and precision</li>
<li data-v-64dfe0b9="""">Offers seamless method transfer with Intelligent System Emulation Technology</li>
<li data-v-64dfe0b9="""">Mediates solvent effects with Feed Injection using a Hybrid Multisampler</li>
</ul>
<p> </p>",790.000000,1,"Taxable Goods","Not Visible Individually",5000.000000,,,,1260-infinity-iii-prime-lc-system-solvent-elsd-fld-hybrid-multisampler-benchtop,"1260 Infinity III Prime LC System","1260 Infinity III Prime LC System","1260 Infinity III Prime LC System Featured documents

Brochure
Agilent InfinityLab LC Solutions: HPLC Made for Tomorrow

Application note
Pesticide Analysis with Agilent 1260 Infinity II Prime LC Ultivo Triple Quad LC/MS

",,,,,,,,,8/16/26,8/16/26,,,"Block after Info Column",,,,No,,,,,,,"Use config",,"agilent_autosampler=Hybrid Multisampler,agilent_bench_stack_configuration=Benchtop,agilent_detector=FLD,agilent_optional_secondary_detector=ELSD,agilent_solvent_fluid_management=Solvent,gift_wrapping_available=Yes",123.0000,0.0000,1,0,0,1,1,1,10000,1,1,1.0000,1,1,1,1,1.0000,1,0,0,0,0,1,,,,,,,,,,,,,,,,,,,,,,,,,,,,,,,,,,
"1260-Solvent-ELSD-FLD-Hybrid Multisampler-Stack",,Agilent_LC,simple,"Default Category/Products",base,"1260 Infinity III Prime LC System-Solvent-ELSD-FLD-Hybrid Multisampler-Stack","<p data-v-64dfe0b9=""""><strong>Featured documents</strong></p>
<div class=""documents-list d-flex flex-column flex-md-row"" data-v-64dfe0b9="""">
<div class=""document-item rounded d-flex flex-column"" tabindex=""0"" data-v-64dfe0b9=""""><a class=""d-flex"" tabindex=""-1"" href=""https://www.agilent.com/cs/library/brochures/br-infinitylab-analytical-hplc-systems-5994-7151EN-agilent.pdf"" target=""_blank"" rel=""noopener"" data-v-64dfe0b9=""""><span data-v-64dfe0b9="""">Brochure</span></a>
<h4 data-v-64dfe0b9="""">Agilent InfinityLab LC Solutions: HPLC Made for Tomorrow</h4>
</div>
<div class=""document-item rounded d-flex flex-column"" tabindex=""0"" data-v-64dfe0b9=""""><a class=""d-flex"" tabindex=""-1"" href=""https://www.agilent.com/cs/library/applications/application-pesticide-analysis-1260-infinity-II-prime-lc-ultivo-lc-ms-ms-5994-1889en-agilent.pdf"" target=""_blank"" rel=""noopener"" data-v-64dfe0b9=""""><span data-v-64dfe0b9="""">Application note</span></a>
<h4 data-v-64dfe0b9="""">Pesticide Analysis with Agilent 1260 Infinity II Prime LC Ultivo Triple Quad LC/MS</h4>
</div>
</div>","<p class=""product-description"" data-v-64dfe0b9="""">The 1260 Infinity III Prime LC System is an analytical high-performance liquid chromatography (HPLC) system, offering the flexibility of both an HPLC and a UHPLC for columns with sub-2 μm particles. It can operate at high pressures and handle flow rates up to 5 mL/min. This HPLC/UHPLC system gives you the utmost confidence in your HPLC results and can be a front end for your LC/MS system.</p>
<p class=""product-ul"" data-v-64dfe0b9=""""> </p>
<ul class=""product-features list-styled flex-column"" data-v-64dfe0b9="""">
<li data-v-64dfe0b9="""">Automates your daily HPLC tasks, ensuring reliable HPLC results</li>
<li data-v-64dfe0b9="""">Delivers gradient formation/mixing performance equivalent to a binary-like system</li>
<li data-v-64dfe0b9="""">Provides excellent retention time reproducibility, accuracy, and precision</li>
<li data-v-64dfe0b9="""">Offers seamless method transfer with Intelligent System Emulation Technology</li>
<li data-v-64dfe0b9="""">Mediates solvent effects with Feed Injection using a Hybrid Multisampler</li>
</ul>
<p> </p>",790.000000,1,"Taxable Goods","Not Visible Individually",5000.000000,,,,1260-infinity-iii-prime-lc-system-solvent-elsd-fld-hybrid-multisampler-stack,"1260 Infinity III Prime LC System","1260 Infinity III Prime LC System","1260 Infinity III Prime LC System Featured documents

Brochure
Agilent InfinityLab LC Solutions: HPLC Made for Tomorrow

Application note
Pesticide Analysis with Agilent 1260 Infinity II Prime LC Ultivo Triple Quad LC/MS

",,,,,,,,,8/16/26,8/16/26,,,"Block after Info Column",,,,No,,,,,,,"Use config",,"agilent_autosampler=Hybrid Multisampler,agilent_bench_stack_configuration=Stack,agilent_detector=FLD,agilent_optional_secondary_detector=ELSD,agilent_solvent_fluid_management=Solvent,gift_wrapping_available=Yes",123.0000,0.0000,1,0,0,1,1,1,10000,1,1,1.0000,1,1,1,1,1.0000,1,0,0,0,0,1,,,,,,,,,,,,,,,,,,,,,,,,,,,,,,,,,,
1260-Solvent-ELSD-FLD-Vialsampler-Flex,,Agilent_LC,simple,"Default Category/Products",base,"1260 Infinity III Prime LC System-Solvent-ELSD-FLD-Vialsampler-Flex","<p data-v-64dfe0b9=""""><strong>Featured documents</strong></p>
<div class=""documents-list d-flex flex-column flex-md-row"" data-v-64dfe0b9="""">
<div class=""document-item rounded d-flex flex-column"" tabindex=""0"" data-v-64dfe0b9=""""><a class=""d-flex"" tabindex=""-1"" href=""https://www.agilent.com/cs/library/brochures/br-infinitylab-analytical-hplc-systems-5994-7151EN-agilent.pdf"" target=""_blank"" rel=""noopener"" data-v-64dfe0b9=""""><span data-v-64dfe0b9="""">Brochure</span></a>
<h4 data-v-64dfe0b9="""">Agilent InfinityLab LC Solutions: HPLC Made for Tomorrow</h4>
</div>
<div class=""document-item rounded d-flex flex-column"" tabindex=""0"" data-v-64dfe0b9=""""><a class=""d-flex"" tabindex=""-1"" href=""https://www.agilent.com/cs/library/applications/application-pesticide-analysis-1260-infinity-II-prime-lc-ultivo-lc-ms-ms-5994-1889en-agilent.pdf"" target=""_blank"" rel=""noopener"" data-v-64dfe0b9=""""><span data-v-64dfe0b9="""">Application note</span></a>
<h4 data-v-64dfe0b9="""">Pesticide Analysis with Agilent 1260 Infinity II Prime LC Ultivo Triple Quad LC/MS</h4>
</div>
</div>","<p class=""product-description"" data-v-64dfe0b9="""">The 1260 Infinity III Prime LC System is an analytical high-performance liquid chromatography (HPLC) system, offering the flexibility of both an HPLC and a UHPLC for columns with sub-2 μm particles. It can operate at high pressures and handle flow rates up to 5 mL/min. This HPLC/UHPLC system gives you the utmost confidence in your HPLC results and can be a front end for your LC/MS system.</p>
<p class=""product-ul"" data-v-64dfe0b9=""""> </p>
<ul class=""product-features list-styled flex-column"" data-v-64dfe0b9="""">
<li data-v-64dfe0b9="""">Automates your daily HPLC tasks, ensuring reliable HPLC results</li>
<li data-v-64dfe0b9="""">Delivers gradient formation/mixing performance equivalent to a binary-like system</li>
<li data-v-64dfe0b9="""">Provides excellent retention time reproducibility, accuracy, and precision</li>
<li data-v-64dfe0b9="""">Offers seamless method transfer with Intelligent System Emulation Technology</li>
<li data-v-64dfe0b9="""">Mediates solvent effects with Feed Injection using a Hybrid Multisampler</li>
</ul>
<p> </p>",790.000000,1,"Taxable Goods","Not Visible Individually",5000.000000,,,,1260-infinity-iii-prime-lc-system-solvent-elsd-fld-vialsampler-flex,"1260 Infinity III Prime LC System","1260 Infinity III Prime LC System","1260 Infinity III Prime LC System Featured documents

Brochure
Agilent InfinityLab LC Solutions: HPLC Made for Tomorrow

Application note
Pesticide Analysis with Agilent 1260 Infinity II Prime LC Ultivo Triple Quad LC/MS

",,,,,,,,,8/16/26,8/16/26,,,"Block after Info Column",,,,No,,,,,,,"Use config",,"agilent_autosampler=Vialsampler,agilent_bench_stack_configuration=Flex,agilent_detector=FLD,agilent_optional_secondary_detector=ELSD,agilent_solvent_fluid_management=Solvent,gift_wrapping_available=Yes",123.0000,0.0000,1,0,0,1,1,1,10000,1,1,1.0000,1,1,1,1,1.0000,1,0,0,0,0,1,,,,,,,,,,,,,,,,,,,,,,,,,,,,,,,,,,
1260-Solvent-ELSD-FLD-Vialsampler-Benchtop,,Agilent_LC,simple,"Default Category/Products",base,"1260 Infinity III Prime LC System-Solvent-ELSD-FLD-Vialsampler-Benchtop","<p data-v-64dfe0b9=""""><strong>Featured documents</strong></p>
<div class=""documents-list d-flex flex-column flex-md-row"" data-v-64dfe0b9="""">
<div class=""document-item rounded d-flex flex-column"" tabindex=""0"" data-v-64dfe0b9=""""><a class=""d-flex"" tabindex=""-1"" href=""https://www.agilent.com/cs/library/brochures/br-infinitylab-analytical-hplc-systems-5994-7151EN-agilent.pdf"" target=""_blank"" rel=""noopener"" data-v-64dfe0b9=""""><span data-v-64dfe0b9="""">Brochure</span></a>
<h4 data-v-64dfe0b9="""">Agilent InfinityLab LC Solutions: HPLC Made for Tomorrow</h4>
</div>
<div class=""document-item rounded d-flex flex-column"" tabindex=""0"" data-v-64dfe0b9=""""><a class=""d-flex"" tabindex=""-1"" href=""https://www.agilent.com/cs/library/applications/application-pesticide-analysis-1260-infinity-II-prime-lc-ultivo-lc-ms-ms-5994-1889en-agilent.pdf"" target=""_blank"" rel=""noopener"" data-v-64dfe0b9=""""><span data-v-64dfe0b9="""">Application note</span></a>
<h4 data-v-64dfe0b9="""">Pesticide Analysis with Agilent 1260 Infinity II Prime LC Ultivo Triple Quad LC/MS</h4>
</div>
</div>","<p class=""product-description"" data-v-64dfe0b9="""">The 1260 Infinity III Prime LC System is an analytical high-performance liquid chromatography (HPLC) system, offering the flexibility of both an HPLC and a UHPLC for columns with sub-2 μm particles. It can operate at high pressures and handle flow rates up to 5 mL/min. This HPLC/UHPLC system gives you the utmost confidence in your HPLC results and can be a front end for your LC/MS system.</p>
<p class=""product-ul"" data-v-64dfe0b9=""""> </p>
<ul class=""product-features list-styled flex-column"" data-v-64dfe0b9="""">
<li data-v-64dfe0b9="""">Automates your daily HPLC tasks, ensuring reliable HPLC results</li>
<li data-v-64dfe0b9="""">Delivers gradient formation/mixing performance equivalent to a binary-like system</li>
<li data-v-64dfe0b9="""">Provides excellent retention time reproducibility, accuracy, and precision</li>
<li data-v-64dfe0b9="""">Offers seamless method transfer with Intelligent System Emulation Technology</li>
<li data-v-64dfe0b9="""">Mediates solvent effects with Feed Injection using a Hybrid Multisampler</li>
</ul>
<p> </p>",790.000000,1,"Taxable Goods","Not Visible Individually",5000.000000,,,,1260-infinity-iii-prime-lc-system-solvent-elsd-fld-vialsampler-benchtop,"1260 Infinity III Prime LC System","1260 Infinity III Prime LC System","1260 Infinity III Prime LC System Featured documents

Brochure
Agilent InfinityLab LC Solutions: HPLC Made for Tomorrow

Application note
Pesticide Analysis with Agilent 1260 Infinity II Prime LC Ultivo Triple Quad LC/MS

",,,,,,,,,8/16/26,8/16/26,,,"Block after Info Column",,,,No,,,,,,,"Use config",,"agilent_autosampler=Vialsampler,agilent_bench_stack_configuration=Benchtop,agilent_detector=FLD,agilent_optional_secondary_detector=ELSD,agilent_solvent_fluid_management=Solvent,gift_wrapping_available=Yes",123.0000,0.0000,1,0,0,1,1,1,10000,1,1,1.0000,1,1,1,1,1.0000,1,0,0,0,0,1,,,,,,,,,,,,,,,,,,,,,,,,,,,,,,,,,,
1260-Solvent-ELSD-FLD-Vialsampler-Stack,,Agilent_LC,simple,"Default Category/Products",base,"1260 Infinity III Prime LC System-Solvent-ELSD-FLD-Vialsampler-Stack","<p data-v-64dfe0b9=""""><strong>Featured documents</strong></p>
<div class=""documents-list d-flex flex-column flex-md-row"" data-v-64dfe0b9="""">
<div class=""document-item rounded d-flex flex-column"" tabindex=""0"" data-v-64dfe0b9=""""><a class=""d-flex"" tabindex=""-1"" href=""https://www.agilent.com/cs/library/brochures/br-infinitylab-analytical-hplc-systems-5994-7151EN-agilent.pdf"" target=""_blank"" rel=""noopener"" data-v-64dfe0b9=""""><span data-v-64dfe0b9="""">Brochure</span></a>
<h4 data-v-64dfe0b9="""">Agilent InfinityLab LC Solutions: HPLC Made for Tomorrow</h4>
</div>
<div class=""document-item rounded d-flex flex-column"" tabindex=""0"" data-v-64dfe0b9=""""><a class=""d-flex"" tabindex=""-1"" href=""https://www.agilent.com/cs/library/applications/application-pesticide-analysis-1260-infinity-II-prime-lc-ultivo-lc-ms-ms-5994-1889en-agilent.pdf"" target=""_blank"" rel=""noopener"" data-v-64dfe0b9=""""><span data-v-64dfe0b9="""">Application note</span></a>
<h4 data-v-64dfe0b9="""">Pesticide Analysis with Agilent 1260 Infinity II Prime LC Ultivo Triple Quad LC/MS</h4>
</div>
</div>","<p class=""product-description"" data-v-64dfe0b9="""">The 1260 Infinity III Prime LC System is an analytical high-performance liquid chromatography (HPLC) system, offering the flexibility of both an HPLC and a UHPLC for columns with sub-2 μm particles. It can operate at high pressures and handle flow rates up to 5 mL/min. This HPLC/UHPLC system gives you the utmost confidence in your HPLC results and can be a front end for your LC/MS system.</p>
<p class=""product-ul"" data-v-64dfe0b9=""""> </p>
<ul class=""product-features list-styled flex-column"" data-v-64dfe0b9="""">
<li data-v-64dfe0b9="""">Automates your daily HPLC tasks, ensuring reliable HPLC results</li>
<li data-v-64dfe0b9="""">Delivers gradient formation/mixing performance equivalent to a binary-like system</li>
<li data-v-64dfe0b9="""">Provides excellent retention time reproducibility, accuracy, and precision</li>
<li data-v-64dfe0b9="""">Offers seamless method transfer with Intelligent System Emulation Technology</li>
<li data-v-64dfe0b9="""">Mediates solvent effects with Feed Injection using a Hybrid Multisampler</li>
</ul>
<p> </p>",790.000000,1,"Taxable Goods","Not Visible Individually",5000.000000,,,,1260-infinity-iii-prime-lc-system-solvent-elsd-fld-vialsampler-stack,"1260 Infinity III Prime LC System","1260 Infinity III Prime LC System","1260 Infinity III Prime LC System Featured documents

Brochure
Agilent InfinityLab LC Solutions: HPLC Made for Tomorrow

Application note
Pesticide Analysis with Agilent 1260 Infinity II Prime LC Ultivo Triple Quad LC/MS

",,,,,,,,,8/16/26,8/16/26,,,"Block after Info Column",,,,No,,,,,,,"Use config",,"agilent_autosampler=Vialsampler,agilent_bench_stack_configuration=Stack,agilent_detector=FLD,agilent_optional_secondary_detector=ELSD,agilent_solvent_fluid_management=Solvent,gift_wrapping_available=Yes",123.0000,0.0000,1,0,0,1,1,1,10000,1,1,1.0000,1,1,1,1,1.0000,1,0,0,0,0,1,,,,,,,,,,,,,,,,,,,,,,,,,,,,,,,,,,
1260-Solvent-ELSD-RID-Multisampler-Flex,,Agilent_LC,simple,"Default Category/Products",base,"1260 Infinity III Prime LC System-Solvent-ELSD-RID-Multisampler-Flex","<p data-v-64dfe0b9=""""><strong>Featured documents</strong></p>
<div class=""documents-list d-flex flex-column flex-md-row"" data-v-64dfe0b9="""">
<div class=""document-item rounded d-flex flex-column"" tabindex=""0"" data-v-64dfe0b9=""""><a class=""d-flex"" tabindex=""-1"" href=""https://www.agilent.com/cs/library/brochures/br-infinitylab-analytical-hplc-systems-5994-7151EN-agilent.pdf"" target=""_blank"" rel=""noopener"" data-v-64dfe0b9=""""><span data-v-64dfe0b9="""">Brochure</span></a>
<h4 data-v-64dfe0b9="""">Agilent InfinityLab LC Solutions: HPLC Made for Tomorrow</h4>
</div>
<div class=""document-item rounded d-flex flex-column"" tabindex=""0"" data-v-64dfe0b9=""""><a class=""d-flex"" tabindex=""-1"" href=""https://www.agilent.com/cs/library/applications/application-pesticide-analysis-1260-infinity-II-prime-lc-ultivo-lc-ms-ms-5994-1889en-agilent.pdf"" target=""_blank"" rel=""noopener"" data-v-64dfe0b9=""""><span data-v-64dfe0b9="""">Application note</span></a>
<h4 data-v-64dfe0b9="""">Pesticide Analysis with Agilent 1260 Infinity II Prime LC Ultivo Triple Quad LC/MS</h4>
</div>
</div>","<p class=""product-description"" data-v-64dfe0b9="""">The 1260 Infinity III Prime LC System is an analytical high-performance liquid chromatography (HPLC) system, offering the flexibility of both an HPLC and a UHPLC for columns with sub-2 μm particles. It can operate at high pressures and handle flow rates up to 5 mL/min. This HPLC/UHPLC system gives you the utmost confidence in your HPLC results and can be a front end for your LC/MS system.</p>
<p class=""product-ul"" data-v-64dfe0b9=""""> </p>
<ul class=""product-features list-styled flex-column"" data-v-64dfe0b9="""">
<li data-v-64dfe0b9="""">Automates your daily HPLC tasks, ensuring reliable HPLC results</li>
<li data-v-64dfe0b9="""">Delivers gradient formation/mixing performance equivalent to a binary-like system</li>
<li data-v-64dfe0b9="""">Provides excellent retention time reproducibility, accuracy, and precision</li>
<li data-v-64dfe0b9="""">Offers seamless method transfer with Intelligent System Emulation Technology</li>
<li data-v-64dfe0b9="""">Mediates solvent effects with Feed Injection using a Hybrid Multisampler</li>
</ul>
<p> </p>",790.000000,1,"Taxable Goods","Not Visible Individually",5000.000000,,,,1260-infinity-iii-prime-lc-system-solvent-elsd-rid-multisampler-flex,"1260 Infinity III Prime LC System","1260 Infinity III Prime LC System","1260 Infinity III Prime LC System Featured documents

Brochure
Agilent InfinityLab LC Solutions: HPLC Made for Tomorrow

Application note
Pesticide Analysis with Agilent 1260 Infinity II Prime LC Ultivo Triple Quad LC/MS

",,,,,,,,,8/16/26,8/16/26,,,"Block after Info Column",,,,No,,,,,,,"Use config",,"agilent_autosampler=Multisampler,agilent_bench_stack_configuration=Flex,agilent_detector=RID,agilent_optional_secondary_detector=ELSD,agilent_solvent_fluid_management=Solvent,gift_wrapping_available=Yes",123.0000,0.0000,1,0,0,1,1,1,10000,1,1,1.0000,1,1,1,1,1.0000,1,0,0,0,0,1,,,,,,,,,,,,,,,,,,,,,,,,,,,,,,,,,,
1260-Solvent-ELSD-RID-Multisampler-Benchtop,,Agilent_LC,simple,"Default Category/Products",base,"1260 Infinity III Prime LC System-Solvent-ELSD-RID-Multisampler-Benchtop","<p data-v-64dfe0b9=""""><strong>Featured documents</strong></p>
<div class=""documents-list d-flex flex-column flex-md-row"" data-v-64dfe0b9="""">
<div class=""document-item rounded d-flex flex-column"" tabindex=""0"" data-v-64dfe0b9=""""><a class=""d-flex"" tabindex=""-1"" href=""https://www.agilent.com/cs/library/brochures/br-infinitylab-analytical-hplc-systems-5994-7151EN-agilent.pdf"" target=""_blank"" rel=""noopener"" data-v-64dfe0b9=""""><span data-v-64dfe0b9="""">Brochure</span></a>
<h4 data-v-64dfe0b9="""">Agilent InfinityLab LC Solutions: HPLC Made for Tomorrow</h4>
</div>
<div class=""document-item rounded d-flex flex-column"" tabindex=""0"" data-v-64dfe0b9=""""><a class=""d-flex"" tabindex=""-1"" href=""https://www.agilent.com/cs/library/applications/application-pesticide-analysis-1260-infinity-II-prime-lc-ultivo-lc-ms-ms-5994-1889en-agilent.pdf"" target=""_blank"" rel=""noopener"" data-v-64dfe0b9=""""><span data-v-64dfe0b9="""">Application note</span></a>
<h4 data-v-64dfe0b9="""">Pesticide Analysis with Agilent 1260 Infinity II Prime LC Ultivo Triple Quad LC/MS</h4>
</div>
</div>","<p class=""product-description"" data-v-64dfe0b9="""">The 1260 Infinity III Prime LC System is an analytical high-performance liquid chromatography (HPLC) system, offering the flexibility of both an HPLC and a UHPLC for columns with sub-2 μm particles. It can operate at high pressures and handle flow rates up to 5 mL/min. This HPLC/UHPLC system gives you the utmost confidence in your HPLC results and can be a front end for your LC/MS system.</p>
<p class=""product-ul"" data-v-64dfe0b9=""""> </p>
<ul class=""product-features list-styled flex-column"" data-v-64dfe0b9="""">
<li data-v-64dfe0b9="""">Automates your daily HPLC tasks, ensuring reliable HPLC results</li>
<li data-v-64dfe0b9="""">Delivers gradient formation/mixing performance equivalent to a binary-like system</li>
<li data-v-64dfe0b9="""">Provides excellent retention time reproducibility, accuracy, and precision</li>
<li data-v-64dfe0b9="""">Offers seamless method transfer with Intelligent System Emulation Technology</li>
<li data-v-64dfe0b9="""">Mediates solvent effects with Feed Injection using a Hybrid Multisampler</li>
</ul>
<p> </p>",790.000000,1,"Taxable Goods","Not Visible Individually",5000.000000,,,,1260-infinity-iii-prime-lc-system-solvent-elsd-rid-multisampler-benchtop,"1260 Infinity III Prime LC System","1260 Infinity III Prime LC System","1260 Infinity III Prime LC System Featured documents

Brochure
Agilent InfinityLab LC Solutions: HPLC Made for Tomorrow

Application note
Pesticide Analysis with Agilent 1260 Infinity II Prime LC Ultivo Triple Quad LC/MS

",,,,,,,,,8/16/26,8/16/26,,,"Block after Info Column",,,,No,,,,,,,"Use config",,"agilent_autosampler=Multisampler,agilent_bench_stack_configuration=Benchtop,agilent_detector=RID,agilent_optional_secondary_detector=ELSD,agilent_solvent_fluid_management=Solvent,gift_wrapping_available=Yes",123.0000,0.0000,1,0,0,1,1,1,10000,1,1,1.0000,1,1,1,1,1.0000,1,0,0,0,0,1,,,,,,,,,,,,,,,,,,,,,,,,,,,,,,,,,,
1260-Solvent-ELSD-RID-Multisampler-Stack,,Agilent_LC,simple,"Default Category/Products",base,"1260 Infinity III Prime LC System-Solvent-ELSD-RID-Multisampler-Stack","<p data-v-64dfe0b9=""""><strong>Featured documents</strong></p>
<div class=""documents-list d-flex flex-column flex-md-row"" data-v-64dfe0b9="""">
<div class=""document-item rounded d-flex flex-column"" tabindex=""0"" data-v-64dfe0b9=""""><a class=""d-flex"" tabindex=""-1"" href=""https://www.agilent.com/cs/library/brochures/br-infinitylab-analytical-hplc-systems-5994-7151EN-agilent.pdf"" target=""_blank"" rel=""noopener"" data-v-64dfe0b9=""""><span data-v-64dfe0b9="""">Brochure</span></a>
<h4 data-v-64dfe0b9="""">Agilent InfinityLab LC Solutions: HPLC Made for Tomorrow</h4>
</div>
<div class=""document-item rounded d-flex flex-column"" tabindex=""0"" data-v-64dfe0b9=""""><a class=""d-flex"" tabindex=""-1"" href=""https://www.agilent.com/cs/library/applications/application-pesticide-analysis-1260-infinity-II-prime-lc-ultivo-lc-ms-ms-5994-1889en-agilent.pdf"" target=""_blank"" rel=""noopener"" data-v-64dfe0b9=""""><span data-v-64dfe0b9="""">Application note</span></a>
<h4 data-v-64dfe0b9="""">Pesticide Analysis with Agilent 1260 Infinity II Prime LC Ultivo Triple Quad LC/MS</h4>
</div>
</div>","<p class=""product-description"" data-v-64dfe0b9="""">The 1260 Infinity III Prime LC System is an analytical high-performance liquid chromatography (HPLC) system, offering the flexibility of both an HPLC and a UHPLC for columns with sub-2 μm particles. It can operate at high pressures and handle flow rates up to 5 mL/min. This HPLC/UHPLC system gives you the utmost confidence in your HPLC results and can be a front end for your LC/MS system.</p>
<p class=""product-ul"" data-v-64dfe0b9=""""> </p>
<ul class=""product-features list-styled flex-column"" data-v-64dfe0b9="""">
<li data-v-64dfe0b9="""">Automates your daily HPLC tasks, ensuring reliable HPLC results</li>
<li data-v-64dfe0b9="""">Delivers gradient formation/mixing performance equivalent to a binary-like system</li>
<li data-v-64dfe0b9="""">Provides excellent retention time reproducibility, accuracy, and precision</li>
<li data-v-64dfe0b9="""">Offers seamless method transfer with Intelligent System Emulation Technology</li>
<li data-v-64dfe0b9="""">Mediates solvent effects with Feed Injection using a Hybrid Multisampler</li>
</ul>
<p> </p>",790.000000,1,"Taxable Goods","Not Visible Individually",5000.000000,,,,1260-infinity-iii-prime-lc-system-solvent-elsd-rid-multisampler-stack,"1260 Infinity III Prime LC System","1260 Infinity III Prime LC System","1260 Infinity III Prime LC System Featured documents

Brochure
Agilent InfinityLab LC Solutions: HPLC Made for Tomorrow

Application note
Pesticide Analysis with Agilent 1260 Infinity II Prime LC Ultivo Triple Quad LC/MS

",,,,,,,,,8/16/26,8/16/26,,,"Block after Info Column",,,,No,,,,,,,"Use config",,"agilent_autosampler=Multisampler,agilent_bench_stack_configuration=Stack,agilent_detector=RID,agilent_optional_secondary_detector=ELSD,agilent_solvent_fluid_management=Solvent,gift_wrapping_available=Yes",123.0000,0.0000,1,0,0,1,1,1,10000,1,1,1.0000,1,1,1,1,1.0000,1,0,0,0,0,1,,,,,,,,,,,,,,,,,,,,,,,,,,,,,,,,,,
"1260-Solvent-ELSD-RID-Hybrid Multisampler-Flex",,Agilent_LC,simple,"Default Category/Products",base,"1260 Infinity III Prime LC System-Solvent-ELSD-RID-Hybrid Multisampler-Flex","<p data-v-64dfe0b9=""""><strong>Featured documents</strong></p>
<div class=""documents-list d-flex flex-column flex-md-row"" data-v-64dfe0b9="""">
<div class=""document-item rounded d-flex flex-column"" tabindex=""0"" data-v-64dfe0b9=""""><a class=""d-flex"" tabindex=""-1"" href=""https://www.agilent.com/cs/library/brochures/br-infinitylab-analytical-hplc-systems-5994-7151EN-agilent.pdf"" target=""_blank"" rel=""noopener"" data-v-64dfe0b9=""""><span data-v-64dfe0b9="""">Brochure</span></a>
<h4 data-v-64dfe0b9="""">Agilent InfinityLab LC Solutions: HPLC Made for Tomorrow</h4>
</div>
<div class=""document-item rounded d-flex flex-column"" tabindex=""0"" data-v-64dfe0b9=""""><a class=""d-flex"" tabindex=""-1"" href=""https://www.agilent.com/cs/library/applications/application-pesticide-analysis-1260-infinity-II-prime-lc-ultivo-lc-ms-ms-5994-1889en-agilent.pdf"" target=""_blank"" rel=""noopener"" data-v-64dfe0b9=""""><span data-v-64dfe0b9="""">Application note</span></a>
<h4 data-v-64dfe0b9="""">Pesticide Analysis with Agilent 1260 Infinity II Prime LC Ultivo Triple Quad LC/MS</h4>
</div>
</div>","<p class=""product-description"" data-v-64dfe0b9="""">The 1260 Infinity III Prime LC System is an analytical high-performance liquid chromatography (HPLC) system, offering the flexibility of both an HPLC and a UHPLC for columns with sub-2 μm particles. It can operate at high pressures and handle flow rates up to 5 mL/min. This HPLC/UHPLC system gives you the utmost confidence in your HPLC results and can be a front end for your LC/MS system.</p>
<p class=""product-ul"" data-v-64dfe0b9=""""> </p>
<ul class=""product-features list-styled flex-column"" data-v-64dfe0b9="""">
<li data-v-64dfe0b9="""">Automates your daily HPLC tasks, ensuring reliable HPLC results</li>
<li data-v-64dfe0b9="""">Delivers gradient formation/mixing performance equivalent to a binary-like system</li>
<li data-v-64dfe0b9="""">Provides excellent retention time reproducibility, accuracy, and precision</li>
<li data-v-64dfe0b9="""">Offers seamless method transfer with Intelligent System Emulation Technology</li>
<li data-v-64dfe0b9="""">Mediates solvent effects with Feed Injection using a Hybrid Multisampler</li>
</ul>
<p> </p>",790.000000,1,"Taxable Goods","Not Visible Individually",5000.000000,,,,1260-infinity-iii-prime-lc-system-solvent-elsd-rid-hybrid-multisampler-flex,"1260 Infinity III Prime LC System","1260 Infinity III Prime LC System","1260 Infinity III Prime LC System Featured documents

Brochure
Agilent InfinityLab LC Solutions: HPLC Made for Tomorrow

Application note
Pesticide Analysis with Agilent 1260 Infinity II Prime LC Ultivo Triple Quad LC/MS

",,,,,,,,,8/16/26,8/16/26,,,"Block after Info Column",,,,No,,,,,,,"Use config",,"agilent_autosampler=Hybrid Multisampler,agilent_bench_stack_configuration=Flex,agilent_detector=RID,agilent_optional_secondary_detector=ELSD,agilent_solvent_fluid_management=Solvent,gift_wrapping_available=Yes",123.0000,0.0000,1,0,0,1,1,1,10000,1,1,1.0000,1,1,1,1,1.0000,1,0,0,0,0,1,,,,,,,,,,,,,,,,,,,,,,,,,,,,,,,,,,
"1260-Solvent-ELSD-RID-Hybrid Multisampler-Benchtop",,Agilent_LC,simple,"Default Category/Products",base,"1260 Infinity III Prime LC System-Solvent-ELSD-RID-Hybrid Multisampler-Benchtop","<p data-v-64dfe0b9=""""><strong>Featured documents</strong></p>
<div class=""documents-list d-flex flex-column flex-md-row"" data-v-64dfe0b9="""">
<div class=""document-item rounded d-flex flex-column"" tabindex=""0"" data-v-64dfe0b9=""""><a class=""d-flex"" tabindex=""-1"" href=""https://www.agilent.com/cs/library/brochures/br-infinitylab-analytical-hplc-systems-5994-7151EN-agilent.pdf"" target=""_blank"" rel=""noopener"" data-v-64dfe0b9=""""><span data-v-64dfe0b9="""">Brochure</span></a>
<h4 data-v-64dfe0b9="""">Agilent InfinityLab LC Solutions: HPLC Made for Tomorrow</h4>
</div>
<div class=""document-item rounded d-flex flex-column"" tabindex=""0"" data-v-64dfe0b9=""""><a class=""d-flex"" tabindex=""-1"" href=""https://www.agilent.com/cs/library/applications/application-pesticide-analysis-1260-infinity-II-prime-lc-ultivo-lc-ms-ms-5994-1889en-agilent.pdf"" target=""_blank"" rel=""noopener"" data-v-64dfe0b9=""""><span data-v-64dfe0b9="""">Application note</span></a>
<h4 data-v-64dfe0b9="""">Pesticide Analysis with Agilent 1260 Infinity II Prime LC Ultivo Triple Quad LC/MS</h4>
</div>
</div>","<p class=""product-description"" data-v-64dfe0b9="""">The 1260 Infinity III Prime LC System is an analytical high-performance liquid chromatography (HPLC) system, offering the flexibility of both an HPLC and a UHPLC for columns with sub-2 μm particles. It can operate at high pressures and handle flow rates up to 5 mL/min. This HPLC/UHPLC system gives you the utmost confidence in your HPLC results and can be a front end for your LC/MS system.</p>
<p class=""product-ul"" data-v-64dfe0b9=""""> </p>
<ul class=""product-features list-styled flex-column"" data-v-64dfe0b9="""">
<li data-v-64dfe0b9="""">Automates your daily HPLC tasks, ensuring reliable HPLC results</li>
<li data-v-64dfe0b9="""">Delivers gradient formation/mixing performance equivalent to a binary-like system</li>
<li data-v-64dfe0b9="""">Provides excellent retention time reproducibility, accuracy, and precision</li>
<li data-v-64dfe0b9="""">Offers seamless method transfer with Intelligent System Emulation Technology</li>
<li data-v-64dfe0b9="""">Mediates solvent effects with Feed Injection using a Hybrid Multisampler</li>
</ul>
<p> </p>",790.000000,1,"Taxable Goods","Not Visible Individually",5000.000000,,,,1260-infinity-iii-prime-lc-system-solvent-elsd-rid-hybrid-multisampler-benchtop,"1260 Infinity III Prime LC System","1260 Infinity III Prime LC System","1260 Infinity III Prime LC System Featured documents

Brochure
Agilent InfinityLab LC Solutions: HPLC Made for Tomorrow

Application note
Pesticide Analysis with Agilent 1260 Infinity II Prime LC Ultivo Triple Quad LC/MS

",,,,,,,,,8/16/26,8/16/26,,,"Block after Info Column",,,,No,,,,,,,"Use config",,"agilent_autosampler=Hybrid Multisampler,agilent_bench_stack_configuration=Benchtop,agilent_detector=RID,agilent_optional_secondary_detector=ELSD,agilent_solvent_fluid_management=Solvent,gift_wrapping_available=Yes",123.0000,0.0000,1,0,0,1,1,1,10000,1,1,1.0000,1,1,1,1,1.0000,1,0,0,0,0,1,,,,,,,,,,,,,,,,,,,,,,,,,,,,,,,,,,
"1260-Solvent-ELSD-RID-Hybrid Multisampler-Stack",,Agilent_LC,simple,"Default Category/Products",base,"1260 Infinity III Prime LC System-Solvent-ELSD-RID-Hybrid Multisampler-Stack","<p data-v-64dfe0b9=""""><strong>Featured documents</strong></p>
<div class=""documents-list d-flex flex-column flex-md-row"" data-v-64dfe0b9="""">
<div class=""document-item rounded d-flex flex-column"" tabindex=""0"" data-v-64dfe0b9=""""><a class=""d-flex"" tabindex=""-1"" href=""https://www.agilent.com/cs/library/brochures/br-infinitylab-analytical-hplc-systems-5994-7151EN-agilent.pdf"" target=""_blank"" rel=""noopener"" data-v-64dfe0b9=""""><span data-v-64dfe0b9="""">Brochure</span></a>
<h4 data-v-64dfe0b9="""">Agilent InfinityLab LC Solutions: HPLC Made for Tomorrow</h4>
</div>
<div class=""document-item rounded d-flex flex-column"" tabindex=""0"" data-v-64dfe0b9=""""><a class=""d-flex"" tabindex=""-1"" href=""https://www.agilent.com/cs/library/applications/application-pesticide-analysis-1260-infinity-II-prime-lc-ultivo-lc-ms-ms-5994-1889en-agilent.pdf"" target=""_blank"" rel=""noopener"" data-v-64dfe0b9=""""><span data-v-64dfe0b9="""">Application note</span></a>
<h4 data-v-64dfe0b9="""">Pesticide Analysis with Agilent 1260 Infinity II Prime LC Ultivo Triple Quad LC/MS</h4>
</div>
</div>","<p class=""product-description"" data-v-64dfe0b9="""">The 1260 Infinity III Prime LC System is an analytical high-performance liquid chromatography (HPLC) system, offering the flexibility of both an HPLC and a UHPLC for columns with sub-2 μm particles. It can operate at high pressures and handle flow rates up to 5 mL/min. This HPLC/UHPLC system gives you the utmost confidence in your HPLC results and can be a front end for your LC/MS system.</p>
<p class=""product-ul"" data-v-64dfe0b9=""""> </p>
<ul class=""product-features list-styled flex-column"" data-v-64dfe0b9="""">
<li data-v-64dfe0b9="""">Automates your daily HPLC tasks, ensuring reliable HPLC results</li>
<li data-v-64dfe0b9="""">Delivers gradient formation/mixing performance equivalent to a binary-like system</li>
<li data-v-64dfe0b9="""">Provides excellent retention time reproducibility, accuracy, and precision</li>
<li data-v-64dfe0b9="""">Offers seamless method transfer with Intelligent System Emulation Technology</li>
<li data-v-64dfe0b9="""">Mediates solvent effects with Feed Injection using a Hybrid Multisampler</li>
</ul>
<p> </p>",790.000000,1,"Taxable Goods","Not Visible Individually",5000.000000,,,,1260-infinity-iii-prime-lc-system-solvent-elsd-rid-hybrid-multisampler-stack,"1260 Infinity III Prime LC System","1260 Infinity III Prime LC System","1260 Infinity III Prime LC System Featured documents

Brochure
Agilent InfinityLab LC Solutions: HPLC Made for Tomorrow

Application note
Pesticide Analysis with Agilent 1260 Infinity II Prime LC Ultivo Triple Quad LC/MS

",,,,,,,,,8/16/26,8/16/26,,,"Block after Info Column",,,,No,,,,,,,"Use config",,"agilent_autosampler=Hybrid Multisampler,agilent_bench_stack_configuration=Stack,agilent_detector=RID,agilent_optional_secondary_detector=ELSD,agilent_solvent_fluid_management=Solvent,gift_wrapping_available=Yes",123.0000,0.0000,1,0,0,1,1,1,10000,1,1,1.0000,1,1,1,1,1.0000,1,0,0,0,0,1,,,,,,,,,,,,,,,,,,,,,,,,,,,,,,,,,,
1260-Solvent-ELSD-RID-Vialsampler-Flex,,Agilent_LC,simple,"Default Category/Products",base,"1260 Infinity III Prime LC System-Solvent-ELSD-RID-Vialsampler-Flex","<p data-v-64dfe0b9=""""><strong>Featured documents</strong></p>
<div class=""documents-list d-flex flex-column flex-md-row"" data-v-64dfe0b9="""">
<div class=""document-item rounded d-flex flex-column"" tabindex=""0"" data-v-64dfe0b9=""""><a class=""d-flex"" tabindex=""-1"" href=""https://www.agilent.com/cs/library/brochures/br-infinitylab-analytical-hplc-systems-5994-7151EN-agilent.pdf"" target=""_blank"" rel=""noopener"" data-v-64dfe0b9=""""><span data-v-64dfe0b9="""">Brochure</span></a>
<h4 data-v-64dfe0b9="""">Agilent InfinityLab LC Solutions: HPLC Made for Tomorrow</h4>
</div>
<div class=""document-item rounded d-flex flex-column"" tabindex=""0"" data-v-64dfe0b9=""""><a class=""d-flex"" tabindex=""-1"" href=""https://www.agilent.com/cs/library/applications/application-pesticide-analysis-1260-infinity-II-prime-lc-ultivo-lc-ms-ms-5994-1889en-agilent.pdf"" target=""_blank"" rel=""noopener"" data-v-64dfe0b9=""""><span data-v-64dfe0b9="""">Application note</span></a>
<h4 data-v-64dfe0b9="""">Pesticide Analysis with Agilent 1260 Infinity II Prime LC Ultivo Triple Quad LC/MS</h4>
</div>
</div>","<p class=""product-description"" data-v-64dfe0b9="""">The 1260 Infinity III Prime LC System is an analytical high-performance liquid chromatography (HPLC) system, offering the flexibility of both an HPLC and a UHPLC for columns with sub-2 μm particles. It can operate at high pressures and handle flow rates up to 5 mL/min. This HPLC/UHPLC system gives you the utmost confidence in your HPLC results and can be a front end for your LC/MS system.</p>
<p class=""product-ul"" data-v-64dfe0b9=""""> </p>
<ul class=""product-features list-styled flex-column"" data-v-64dfe0b9="""">
<li data-v-64dfe0b9="""">Automates your daily HPLC tasks, ensuring reliable HPLC results</li>
<li data-v-64dfe0b9="""">Delivers gradient formation/mixing performance equivalent to a binary-like system</li>
<li data-v-64dfe0b9="""">Provides excellent retention time reproducibility, accuracy, and precision</li>
<li data-v-64dfe0b9="""">Offers seamless method transfer with Intelligent System Emulation Technology</li>
<li data-v-64dfe0b9="""">Mediates solvent effects with Feed Injection using a Hybrid Multisampler</li>
</ul>
<p> </p>",790.000000,1,"Taxable Goods","Not Visible Individually",5000.000000,,,,1260-infinity-iii-prime-lc-system-solvent-elsd-rid-vialsampler-flex,"1260 Infinity III Prime LC System","1260 Infinity III Prime LC System","1260 Infinity III Prime LC System Featured documents

Brochure
Agilent InfinityLab LC Solutions: HPLC Made for Tomorrow

Application note
Pesticide Analysis with Agilent 1260 Infinity II Prime LC Ultivo Triple Quad LC/MS

",,,,,,,,,8/16/26,8/16/26,,,"Block after Info Column",,,,No,,,,,,,"Use config",,"agilent_autosampler=Vialsampler,agilent_bench_stack_configuration=Flex,agilent_detector=RID,agilent_optional_secondary_detector=ELSD,agilent_solvent_fluid_management=Solvent,gift_wrapping_available=Yes",123.0000,0.0000,1,0,0,1,1,1,10000,1,1,1.0000,1,1,1,1,1.0000,1,0,0,0,0,1,,,,,,,,,,,,,,,,,,,,,,,,,,,,,,,,,,
1260-Solvent-ELSD-RID-Vialsampler-Benchtop,,Agilent_LC,simple,"Default Category/Products",base,"1260 Infinity III Prime LC System-Solvent-ELSD-RID-Vialsampler-Benchtop","<p data-v-64dfe0b9=""""><strong>Featured documents</strong></p>
<div class=""documents-list d-flex flex-column flex-md-row"" data-v-64dfe0b9="""">
<div class=""document-item rounded d-flex flex-column"" tabindex=""0"" data-v-64dfe0b9=""""><a class=""d-flex"" tabindex=""-1"" href=""https://www.agilent.com/cs/library/brochures/br-infinitylab-analytical-hplc-systems-5994-7151EN-agilent.pdf"" target=""_blank"" rel=""noopener"" data-v-64dfe0b9=""""><span data-v-64dfe0b9="""">Brochure</span></a>
<h4 data-v-64dfe0b9="""">Agilent InfinityLab LC Solutions: HPLC Made for Tomorrow</h4>
</div>
<div class=""document-item rounded d-flex flex-column"" tabindex=""0"" data-v-64dfe0b9=""""><a class=""d-flex"" tabindex=""-1"" href=""https://www.agilent.com/cs/library/applications/application-pesticide-analysis-1260-infinity-II-prime-lc-ultivo-lc-ms-ms-5994-1889en-agilent.pdf"" target=""_blank"" rel=""noopener"" data-v-64dfe0b9=""""><span data-v-64dfe0b9="""">Application note</span></a>
<h4 data-v-64dfe0b9="""">Pesticide Analysis with Agilent 1260 Infinity II Prime LC Ultivo Triple Quad LC/MS</h4>
</div>
</div>","<p class=""product-description"" data-v-64dfe0b9="""">The 1260 Infinity III Prime LC System is an analytical high-performance liquid chromatography (HPLC) system, offering the flexibility of both an HPLC and a UHPLC for columns with sub-2 μm particles. It can operate at high pressures and handle flow rates up to 5 mL/min. This HPLC/UHPLC system gives you the utmost confidence in your HPLC results and can be a front end for your LC/MS system.</p>
<p class=""product-ul"" data-v-64dfe0b9=""""> </p>
<ul class=""product-features list-styled flex-column"" data-v-64dfe0b9="""">
<li data-v-64dfe0b9="""">Automates your daily HPLC tasks, ensuring reliable HPLC results</li>
<li data-v-64dfe0b9="""">Delivers gradient formation/mixing performance equivalent to a binary-like system</li>
<li data-v-64dfe0b9="""">Provides excellent retention time reproducibility, accuracy, and precision</li>
<li data-v-64dfe0b9="""">Offers seamless method transfer with Intelligent System Emulation Technology</li>
<li data-v-64dfe0b9="""">Mediates solvent effects with Feed Injection using a Hybrid Multisampler</li>
</ul>
<p> </p>",790.000000,1,"Taxable Goods","Not Visible Individually",5000.000000,,,,1260-infinity-iii-prime-lc-system-solvent-elsd-rid-vialsampler-benchtop,"1260 Infinity III Prime LC System","1260 Infinity III Prime LC System","1260 Infinity III Prime LC System Featured documents

Brochure
Agilent InfinityLab LC Solutions: HPLC Made for Tomorrow

Application note
Pesticide Analysis with Agilent 1260 Infinity II Prime LC Ultivo Triple Quad LC/MS

",,,,,,,,,8/16/26,8/16/26,,,"Block after Info Column",,,,No,,,,,,,"Use config",,"agilent_autosampler=Vialsampler,agilent_bench_stack_configuration=Benchtop,agilent_detector=RID,agilent_optional_secondary_detector=ELSD,agilent_solvent_fluid_management=Solvent,gift_wrapping_available=Yes",123.0000,0.0000,1,0,0,1,1,1,10000,1,1,1.0000,1,1,1,1,1.0000,1,0,0,0,0,1,,,,,,,,,,,,,,,,,,,,,,,,,,,,,,,,,,
1260-Solvent-ELSD-RID-Vialsampler-Stack,,Agilent_LC,simple,"Default Category/Products",base,"1260 Infinity III Prime LC System-Solvent-ELSD-RID-Vialsampler-Stack","<p data-v-64dfe0b9=""""><strong>Featured documents</strong></p>
<div class=""documents-list d-flex flex-column flex-md-row"" data-v-64dfe0b9="""">
<div class=""document-item rounded d-flex flex-column"" tabindex=""0"" data-v-64dfe0b9=""""><a class=""d-flex"" tabindex=""-1"" href=""https://www.agilent.com/cs/library/brochures/br-infinitylab-analytical-hplc-systems-5994-7151EN-agilent.pdf"" target=""_blank"" rel=""noopener"" data-v-64dfe0b9=""""><span data-v-64dfe0b9="""">Brochure</span></a>
<h4 data-v-64dfe0b9="""">Agilent InfinityLab LC Solutions: HPLC Made for Tomorrow</h4>
</div>
<div class=""document-item rounded d-flex flex-column"" tabindex=""0"" data-v-64dfe0b9=""""><a class=""d-flex"" tabindex=""-1"" href=""https://www.agilent.com/cs/library/applications/application-pesticide-analysis-1260-infinity-II-prime-lc-ultivo-lc-ms-ms-5994-1889en-agilent.pdf"" target=""_blank"" rel=""noopener"" data-v-64dfe0b9=""""><span data-v-64dfe0b9="""">Application note</span></a>
<h4 data-v-64dfe0b9="""">Pesticide Analysis with Agilent 1260 Infinity II Prime LC Ultivo Triple Quad LC/MS</h4>
</div>
</div>","<p class=""product-description"" data-v-64dfe0b9="""">The 1260 Infinity III Prime LC System is an analytical high-performance liquid chromatography (HPLC) system, offering the flexibility of both an HPLC and a UHPLC for columns with sub-2 μm particles. It can operate at high pressures and handle flow rates up to 5 mL/min. This HPLC/UHPLC system gives you the utmost confidence in your HPLC results and can be a front end for your LC/MS system.</p>
<p class=""product-ul"" data-v-64dfe0b9=""""> </p>
<ul class=""product-features list-styled flex-column"" data-v-64dfe0b9="""">
<li data-v-64dfe0b9="""">Automates your daily HPLC tasks, ensuring reliable HPLC results</li>
<li data-v-64dfe0b9="""">Delivers gradient formation/mixing performance equivalent to a binary-like system</li>
<li data-v-64dfe0b9="""">Provides excellent retention time reproducibility, accuracy, and precision</li>
<li data-v-64dfe0b9="""">Offers seamless method transfer with Intelligent System Emulation Technology</li>
<li data-v-64dfe0b9="""">Mediates solvent effects with Feed Injection using a Hybrid Multisampler</li>
</ul>
<p> </p>",790.000000,1,"Taxable Goods","Not Visible Individually",5000.000000,,,,1260-infinity-iii-prime-lc-system-solvent-elsd-rid-vialsampler-stack,"1260 Infinity III Prime LC System","1260 Infinity III Prime LC System","1260 Infinity III Prime LC System Featured documents

Brochure
Agilent InfinityLab LC Solutions: HPLC Made for Tomorrow

Application note
Pesticide Analysis with Agilent 1260 Infinity II Prime LC Ultivo Triple Quad LC/MS

",,,,,,,,,8/16/26,8/16/26,,,"Block after Info Column",,,,No,,,,,,,"Use config",,"agilent_autosampler=Vialsampler,agilent_bench_stack_configuration=Stack,agilent_detector=RID,agilent_optional_secondary_detector=ELSD,agilent_solvent_fluid_management=Solvent,gift_wrapping_available=Yes",123.0000,0.0000,1,0,0,1,1,1,10000,1,1,1.0000,1,1,1,1,1.0000,1,0,0,0,0,1,,,,,,,,,,,,,,,,,,,,,,,,,,,,,,,,,,
"1260-Level Sensing-None-DAD HS-Multisampler-Flex",,Agilent_LC,simple,"Default Category/Products",base,"1260 Infinity III Prime LC System-Level Sensing-None-DAD HS-Multisampler-Flex","<p data-v-64dfe0b9=""""><strong>Featured documents</strong></p>
<div class=""documents-list d-flex flex-column flex-md-row"" data-v-64dfe0b9="""">
<div class=""document-item rounded d-flex flex-column"" tabindex=""0"" data-v-64dfe0b9=""""><a class=""d-flex"" tabindex=""-1"" href=""https://www.agilent.com/cs/library/brochures/br-infinitylab-analytical-hplc-systems-5994-7151EN-agilent.pdf"" target=""_blank"" rel=""noopener"" data-v-64dfe0b9=""""><span data-v-64dfe0b9="""">Brochure</span></a>
<h4 data-v-64dfe0b9="""">Agilent InfinityLab LC Solutions: HPLC Made for Tomorrow</h4>
</div>
<div class=""document-item rounded d-flex flex-column"" tabindex=""0"" data-v-64dfe0b9=""""><a class=""d-flex"" tabindex=""-1"" href=""https://www.agilent.com/cs/library/applications/application-pesticide-analysis-1260-infinity-II-prime-lc-ultivo-lc-ms-ms-5994-1889en-agilent.pdf"" target=""_blank"" rel=""noopener"" data-v-64dfe0b9=""""><span data-v-64dfe0b9="""">Application note</span></a>
<h4 data-v-64dfe0b9="""">Pesticide Analysis with Agilent 1260 Infinity II Prime LC Ultivo Triple Quad LC/MS</h4>
</div>
</div>","<p class=""product-description"" data-v-64dfe0b9="""">The 1260 Infinity III Prime LC System is an analytical high-performance liquid chromatography (HPLC) system, offering the flexibility of both an HPLC and a UHPLC for columns with sub-2 μm particles. It can operate at high pressures and handle flow rates up to 5 mL/min. This HPLC/UHPLC system gives you the utmost confidence in your HPLC results and can be a front end for your LC/MS system.</p>
<p class=""product-ul"" data-v-64dfe0b9=""""> </p>
<ul class=""product-features list-styled flex-column"" data-v-64dfe0b9="""">
<li data-v-64dfe0b9="""">Automates your daily HPLC tasks, ensuring reliable HPLC results</li>
<li data-v-64dfe0b9="""">Delivers gradient formation/mixing performance equivalent to a binary-like system</li>
<li data-v-64dfe0b9="""">Provides excellent retention time reproducibility, accuracy, and precision</li>
<li data-v-64dfe0b9="""">Offers seamless method transfer with Intelligent System Emulation Technology</li>
<li data-v-64dfe0b9="""">Mediates solvent effects with Feed Injection using a Hybrid Multisampler</li>
</ul>
<p> </p>",790.000000,1,"Taxable Goods","Not Visible Individually",7000.000000,,,,1260-infinity-iii-prime-lc-system-level-sensing-none-dad-hs-multisampler-flex,"1260 Infinity III Prime LC System","1260 Infinity III Prime LC System","1260 Infinity III Prime LC System Featured documents

Brochure
Agilent InfinityLab LC Solutions: HPLC Made for Tomorrow

Application note
Pesticide Analysis with Agilent 1260 Infinity II Prime LC Ultivo Triple Quad LC/MS

",,,,,,,,,8/16/26,8/16/26,,,"Block after Info Column",,,,No,,,,,,,"Use config",,"agilent_autosampler=Multisampler,agilent_bench_stack_configuration=Flex,agilent_detector=DAD HS,agilent_optional_secondary_detector=None,agilent_solvent_fluid_management=Level Sensing,gift_wrapping_available=Yes",123.0000,0.0000,1,0,0,1,1,1,10000,1,1,1.0000,1,1,1,1,1.0000,1,0,0,0,0,1,,,,,,,,,,,,,,,,,,,,,,,,,,,,,,,,,,
"1260-Level Sensing-None-DAD HS-Multisampler-Benchtop",,Agilent_LC,simple,"Default Category/Products",base,"1260 Infinity III Prime LC System-Level Sensing-None-DAD HS-Multisampler-Benchtop","<p data-v-64dfe0b9=""""><strong>Featured documents</strong></p>
<div class=""documents-list d-flex flex-column flex-md-row"" data-v-64dfe0b9="""">
<div class=""document-item rounded d-flex flex-column"" tabindex=""0"" data-v-64dfe0b9=""""><a class=""d-flex"" tabindex=""-1"" href=""https://www.agilent.com/cs/library/brochures/br-infinitylab-analytical-hplc-systems-5994-7151EN-agilent.pdf"" target=""_blank"" rel=""noopener"" data-v-64dfe0b9=""""><span data-v-64dfe0b9="""">Brochure</span></a>
<h4 data-v-64dfe0b9="""">Agilent InfinityLab LC Solutions: HPLC Made for Tomorrow</h4>
</div>
<div class=""document-item rounded d-flex flex-column"" tabindex=""0"" data-v-64dfe0b9=""""><a class=""d-flex"" tabindex=""-1"" href=""https://www.agilent.com/cs/library/applications/application-pesticide-analysis-1260-infinity-II-prime-lc-ultivo-lc-ms-ms-5994-1889en-agilent.pdf"" target=""_blank"" rel=""noopener"" data-v-64dfe0b9=""""><span data-v-64dfe0b9="""">Application note</span></a>
<h4 data-v-64dfe0b9="""">Pesticide Analysis with Agilent 1260 Infinity II Prime LC Ultivo Triple Quad LC/MS</h4>
</div>
</div>","<p class=""product-description"" data-v-64dfe0b9="""">The 1260 Infinity III Prime LC System is an analytical high-performance liquid chromatography (HPLC) system, offering the flexibility of both an HPLC and a UHPLC for columns with sub-2 μm particles. It can operate at high pressures and handle flow rates up to 5 mL/min. This HPLC/UHPLC system gives you the utmost confidence in your HPLC results and can be a front end for your LC/MS system.</p>
<p class=""product-ul"" data-v-64dfe0b9=""""> </p>
<ul class=""product-features list-styled flex-column"" data-v-64dfe0b9="""">
<li data-v-64dfe0b9="""">Automates your daily HPLC tasks, ensuring reliable HPLC results</li>
<li data-v-64dfe0b9="""">Delivers gradient formation/mixing performance equivalent to a binary-like system</li>
<li data-v-64dfe0b9="""">Provides excellent retention time reproducibility, accuracy, and precision</li>
<li data-v-64dfe0b9="""">Offers seamless method transfer with Intelligent System Emulation Technology</li>
<li data-v-64dfe0b9="""">Mediates solvent effects with Feed Injection using a Hybrid Multisampler</li>
</ul>
<p> </p>",790.000000,1,"Taxable Goods","Not Visible Individually",7000.000000,,,,1260-infinity-iii-prime-lc-system-level-sensing-none-dad-hs-multisampler-benchtop,"1260 Infinity III Prime LC System","1260 Infinity III Prime LC System","1260 Infinity III Prime LC System Featured documents

Brochure
Agilent InfinityLab LC Solutions: HPLC Made for Tomorrow

Application note
Pesticide Analysis with Agilent 1260 Infinity II Prime LC Ultivo Triple Quad LC/MS

",,,,,,,,,8/16/26,8/16/26,,,"Block after Info Column",,,,No,,,,,,,"Use config",,"agilent_autosampler=Multisampler,agilent_bench_stack_configuration=Benchtop,agilent_detector=DAD HS,agilent_optional_secondary_detector=None,agilent_solvent_fluid_management=Level Sensing,gift_wrapping_available=Yes",123.0000,0.0000,1,0,0,1,1,1,10000,1,1,1.0000,1,1,1,1,1.0000,1,0,0,0,0,1,,,,,,,,,,,,,,,,,,,,,,,,,,,,,,,,,,
"1260-Level Sensing-None-DAD HS-Multisampler-Stack",,Agilent_LC,simple,"Default Category/Products",base,"1260 Infinity III Prime LC System-Level Sensing-None-DAD HS-Multisampler-Stack","<p data-v-64dfe0b9=""""><strong>Featured documents</strong></p>
<div class=""documents-list d-flex flex-column flex-md-row"" data-v-64dfe0b9="""">
<div class=""document-item rounded d-flex flex-column"" tabindex=""0"" data-v-64dfe0b9=""""><a class=""d-flex"" tabindex=""-1"" href=""https://www.agilent.com/cs/library/brochures/br-infinitylab-analytical-hplc-systems-5994-7151EN-agilent.pdf"" target=""_blank"" rel=""noopener"" data-v-64dfe0b9=""""><span data-v-64dfe0b9="""">Brochure</span></a>
<h4 data-v-64dfe0b9="""">Agilent InfinityLab LC Solutions: HPLC Made for Tomorrow</h4>
</div>
<div class=""document-item rounded d-flex flex-column"" tabindex=""0"" data-v-64dfe0b9=""""><a class=""d-flex"" tabindex=""-1"" href=""https://www.agilent.com/cs/library/applications/application-pesticide-analysis-1260-infinity-II-prime-lc-ultivo-lc-ms-ms-5994-1889en-agilent.pdf"" target=""_blank"" rel=""noopener"" data-v-64dfe0b9=""""><span data-v-64dfe0b9="""">Application note</span></a>
<h4 data-v-64dfe0b9="""">Pesticide Analysis with Agilent 1260 Infinity II Prime LC Ultivo Triple Quad LC/MS</h4>
</div>
</div>","<p class=""product-description"" data-v-64dfe0b9="""">The 1260 Infinity III Prime LC System is an analytical high-performance liquid chromatography (HPLC) system, offering the flexibility of both an HPLC and a UHPLC for columns with sub-2 μm particles. It can operate at high pressures and handle flow rates up to 5 mL/min. This HPLC/UHPLC system gives you the utmost confidence in your HPLC results and can be a front end for your LC/MS system.</p>
<p class=""product-ul"" data-v-64dfe0b9=""""> </p>
<ul class=""product-features list-styled flex-column"" data-v-64dfe0b9="""">
<li data-v-64dfe0b9="""">Automates your daily HPLC tasks, ensuring reliable HPLC results</li>
<li data-v-64dfe0b9="""">Delivers gradient formation/mixing performance equivalent to a binary-like system</li>
<li data-v-64dfe0b9="""">Provides excellent retention time reproducibility, accuracy, and precision</li>
<li data-v-64dfe0b9="""">Offers seamless method transfer with Intelligent System Emulation Technology</li>
<li data-v-64dfe0b9="""">Mediates solvent effects with Feed Injection using a Hybrid Multisampler</li>
</ul>
<p> </p>",790.000000,1,"Taxable Goods","Not Visible Individually",7000.000000,,,,1260-infinity-iii-prime-lc-system-level-sensing-none-dad-hs-multisampler-stack,"1260 Infinity III Prime LC System","1260 Infinity III Prime LC System","1260 Infinity III Prime LC System Featured documents

Brochure
Agilent InfinityLab LC Solutions: HPLC Made for Tomorrow

Application note
Pesticide Analysis with Agilent 1260 Infinity II Prime LC Ultivo Triple Quad LC/MS

",,,,,,,,,8/16/26,8/16/26,,,"Block after Info Column",,,,No,,,,,,,"Use config",,"agilent_autosampler=Multisampler,agilent_bench_stack_configuration=Stack,agilent_detector=DAD HS,agilent_optional_secondary_detector=None,agilent_solvent_fluid_management=Level Sensing,gift_wrapping_available=Yes",123.0000,0.0000,1,0,0,1,1,1,10000,1,1,1.0000,1,1,1,1,1.0000,1,0,0,0,0,1,,,,,,,,,,,,,,,,,,,,,,,,,,,,,,,,,,
"1260-Level Sensing-None-DAD HS-Hybrid Multisampler-Flex",,Agilent_LC,simple,"Default Category/Products",base,"1260 Infinity III Prime LC System-Level Sensing-None-DAD HS-Hybrid Multisampler-Flex","<p data-v-64dfe0b9=""""><strong>Featured documents</strong></p>
<div class=""documents-list d-flex flex-column flex-md-row"" data-v-64dfe0b9="""">
<div class=""document-item rounded d-flex flex-column"" tabindex=""0"" data-v-64dfe0b9=""""><a class=""d-flex"" tabindex=""-1"" href=""https://www.agilent.com/cs/library/brochures/br-infinitylab-analytical-hplc-systems-5994-7151EN-agilent.pdf"" target=""_blank"" rel=""noopener"" data-v-64dfe0b9=""""><span data-v-64dfe0b9="""">Brochure</span></a>
<h4 data-v-64dfe0b9="""">Agilent InfinityLab LC Solutions: HPLC Made for Tomorrow</h4>
</div>
<div class=""document-item rounded d-flex flex-column"" tabindex=""0"" data-v-64dfe0b9=""""><a class=""d-flex"" tabindex=""-1"" href=""https://www.agilent.com/cs/library/applications/application-pesticide-analysis-1260-infinity-II-prime-lc-ultivo-lc-ms-ms-5994-1889en-agilent.pdf"" target=""_blank"" rel=""noopener"" data-v-64dfe0b9=""""><span data-v-64dfe0b9="""">Application note</span></a>
<h4 data-v-64dfe0b9="""">Pesticide Analysis with Agilent 1260 Infinity II Prime LC Ultivo Triple Quad LC/MS</h4>
</div>
</div>","<p class=""product-description"" data-v-64dfe0b9="""">The 1260 Infinity III Prime LC System is an analytical high-performance liquid chromatography (HPLC) system, offering the flexibility of both an HPLC and a UHPLC for columns with sub-2 μm particles. It can operate at high pressures and handle flow rates up to 5 mL/min. This HPLC/UHPLC system gives you the utmost confidence in your HPLC results and can be a front end for your LC/MS system.</p>
<p class=""product-ul"" data-v-64dfe0b9=""""> </p>
<ul class=""product-features list-styled flex-column"" data-v-64dfe0b9="""">
<li data-v-64dfe0b9="""">Automates your daily HPLC tasks, ensuring reliable HPLC results</li>
<li data-v-64dfe0b9="""">Delivers gradient formation/mixing performance equivalent to a binary-like system</li>
<li data-v-64dfe0b9="""">Provides excellent retention time reproducibility, accuracy, and precision</li>
<li data-v-64dfe0b9="""">Offers seamless method transfer with Intelligent System Emulation Technology</li>
<li data-v-64dfe0b9="""">Mediates solvent effects with Feed Injection using a Hybrid Multisampler</li>
</ul>
<p> </p>",790.000000,1,"Taxable Goods","Not Visible Individually",7000.000000,,,,1260-infinity-iii-prime-lc-system-level-sensing-none-dad-hs-hybrid-multisampler-flex,"1260 Infinity III Prime LC System","1260 Infinity III Prime LC System","1260 Infinity III Prime LC System Featured documents

Brochure
Agilent InfinityLab LC Solutions: HPLC Made for Tomorrow

Application note
Pesticide Analysis with Agilent 1260 Infinity II Prime LC Ultivo Triple Quad LC/MS

",,,,,,,,,8/16/26,8/16/26,,,"Block after Info Column",,,,No,,,,,,,"Use config",,"agilent_autosampler=Hybrid Multisampler,agilent_bench_stack_configuration=Flex,agilent_detector=DAD HS,agilent_optional_secondary_detector=None,agilent_solvent_fluid_management=Level Sensing,gift_wrapping_available=Yes",123.0000,0.0000,1,0,0,1,1,1,10000,1,1,1.0000,1,1,1,1,1.0000,1,0,0,0,0,1,,,,,,,,,,,,,,,,,,,,,,,,,,,,,,,,,,
"1260-Level Sensing-None-DAD HS-Hybrid Multisampler-Benchtop",,Agilent_LC,simple,"Default Category/Products",base,"1260 Infinity III Prime LC System-Level Sensing-None-DAD HS-Hybrid Multisampler-Benchtop","<p data-v-64dfe0b9=""""><strong>Featured documents</strong></p>
<div class=""documents-list d-flex flex-column flex-md-row"" data-v-64dfe0b9="""">
<div class=""document-item rounded d-flex flex-column"" tabindex=""0"" data-v-64dfe0b9=""""><a class=""d-flex"" tabindex=""-1"" href=""https://www.agilent.com/cs/library/brochures/br-infinitylab-analytical-hplc-systems-5994-7151EN-agilent.pdf"" target=""_blank"" rel=""noopener"" data-v-64dfe0b9=""""><span data-v-64dfe0b9="""">Brochure</span></a>
<h4 data-v-64dfe0b9="""">Agilent InfinityLab LC Solutions: HPLC Made for Tomorrow</h4>
</div>
<div class=""document-item rounded d-flex flex-column"" tabindex=""0"" data-v-64dfe0b9=""""><a class=""d-flex"" tabindex=""-1"" href=""https://www.agilent.com/cs/library/applications/application-pesticide-analysis-1260-infinity-II-prime-lc-ultivo-lc-ms-ms-5994-1889en-agilent.pdf"" target=""_blank"" rel=""noopener"" data-v-64dfe0b9=""""><span data-v-64dfe0b9="""">Application note</span></a>
<h4 data-v-64dfe0b9="""">Pesticide Analysis with Agilent 1260 Infinity II Prime LC Ultivo Triple Quad LC/MS</h4>
</div>
</div>","<p class=""product-description"" data-v-64dfe0b9="""">The 1260 Infinity III Prime LC System is an analytical high-performance liquid chromatography (HPLC) system, offering the flexibility of both an HPLC and a UHPLC for columns with sub-2 μm particles. It can operate at high pressures and handle flow rates up to 5 mL/min. This HPLC/UHPLC system gives you the utmost confidence in your HPLC results and can be a front end for your LC/MS system.</p>
<p class=""product-ul"" data-v-64dfe0b9=""""> </p>
<ul class=""product-features list-styled flex-column"" data-v-64dfe0b9="""">
<li data-v-64dfe0b9="""">Automates your daily HPLC tasks, ensuring reliable HPLC results</li>
<li data-v-64dfe0b9="""">Delivers gradient formation/mixing performance equivalent to a binary-like system</li>
<li data-v-64dfe0b9="""">Provides excellent retention time reproducibility, accuracy, and precision</li>
<li data-v-64dfe0b9="""">Offers seamless method transfer with Intelligent System Emulation Technology</li>
<li data-v-64dfe0b9="""">Mediates solvent effects with Feed Injection using a Hybrid Multisampler</li>
</ul>
<p> </p>",790.000000,1,"Taxable Goods","Not Visible Individually",7000.000000,,,,1260-infinity-iii-prime-lc-system-level-sensing-none-dad-hs-hybrid-multisampler-benchtop,"1260 Infinity III Prime LC System","1260 Infinity III Prime LC System","1260 Infinity III Prime LC System Featured documents

Brochure
Agilent InfinityLab LC Solutions: HPLC Made for Tomorrow

Application note
Pesticide Analysis with Agilent 1260 Infinity II Prime LC Ultivo Triple Quad LC/MS

",,,,,,,,,8/16/26,8/16/26,,,"Block after Info Column",,,,No,,,,,,,"Use config",,"agilent_autosampler=Hybrid Multisampler,agilent_bench_stack_configuration=Benchtop,agilent_detector=DAD HS,agilent_optional_secondary_detector=None,agilent_solvent_fluid_management=Level Sensing,gift_wrapping_available=Yes",123.0000,0.0000,1,0,0,1,1,1,10000,1,1,1.0000,1,1,1,1,1.0000,1,0,0,0,0,1,,,,,,,,,,,,,,,,,,,,,,,,,,,,,,,,,,
"1260-Level Sensing-None-DAD HS-Hybrid Multisampler-Stack",,Agilent_LC,simple,"Default Category/Products",base,"1260 Infinity III Prime LC System-Level Sensing-None-DAD HS-Hybrid Multisampler-Stack","<p data-v-64dfe0b9=""""><strong>Featured documents</strong></p>
<div class=""documents-list d-flex flex-column flex-md-row"" data-v-64dfe0b9="""">
<div class=""document-item rounded d-flex flex-column"" tabindex=""0"" data-v-64dfe0b9=""""><a class=""d-flex"" tabindex=""-1"" href=""https://www.agilent.com/cs/library/brochures/br-infinitylab-analytical-hplc-systems-5994-7151EN-agilent.pdf"" target=""_blank"" rel=""noopener"" data-v-64dfe0b9=""""><span data-v-64dfe0b9="""">Brochure</span></a>
<h4 data-v-64dfe0b9="""">Agilent InfinityLab LC Solutions: HPLC Made for Tomorrow</h4>
</div>
<div class=""document-item rounded d-flex flex-column"" tabindex=""0"" data-v-64dfe0b9=""""><a class=""d-flex"" tabindex=""-1"" href=""https://www.agilent.com/cs/library/applications/application-pesticide-analysis-1260-infinity-II-prime-lc-ultivo-lc-ms-ms-5994-1889en-agilent.pdf"" target=""_blank"" rel=""noopener"" data-v-64dfe0b9=""""><span data-v-64dfe0b9="""">Application note</span></a>
<h4 data-v-64dfe0b9="""">Pesticide Analysis with Agilent 1260 Infinity II Prime LC Ultivo Triple Quad LC/MS</h4>
</div>
</div>","<p class=""product-description"" data-v-64dfe0b9="""">The 1260 Infinity III Prime LC System is an analytical high-performance liquid chromatography (HPLC) system, offering the flexibility of both an HPLC and a UHPLC for columns with sub-2 μm particles. It can operate at high pressures and handle flow rates up to 5 mL/min. This HPLC/UHPLC system gives you the utmost confidence in your HPLC results and can be a front end for your LC/MS system.</p>
<p class=""product-ul"" data-v-64dfe0b9=""""> </p>
<ul class=""product-features list-styled flex-column"" data-v-64dfe0b9="""">
<li data-v-64dfe0b9="""">Automates your daily HPLC tasks, ensuring reliable HPLC results</li>
<li data-v-64dfe0b9="""">Delivers gradient formation/mixing performance equivalent to a binary-like system</li>
<li data-v-64dfe0b9="""">Provides excellent retention time reproducibility, accuracy, and precision</li>
<li data-v-64dfe0b9="""">Offers seamless method transfer with Intelligent System Emulation Technology</li>
<li data-v-64dfe0b9="""">Mediates solvent effects with Feed Injection using a Hybrid Multisampler</li>
</ul>
<p> </p>",790.000000,1,"Taxable Goods","Not Visible Individually",7000.000000,,,,1260-infinity-iii-prime-lc-system-level-sensing-none-dad-hs-hybrid-multisampler-stack,"1260 Infinity III Prime LC System","1260 Infinity III Prime LC System","1260 Infinity III Prime LC System Featured documents

Brochure
Agilent InfinityLab LC Solutions: HPLC Made for Tomorrow

Application note
Pesticide Analysis with Agilent 1260 Infinity II Prime LC Ultivo Triple Quad LC/MS

",,,,,,,,,8/16/26,8/16/26,,,"Block after Info Column",,,,No,,,,,,,"Use config",,"agilent_autosampler=Hybrid Multisampler,agilent_bench_stack_configuration=Stack,agilent_detector=DAD HS,agilent_optional_secondary_detector=None,agilent_solvent_fluid_management=Level Sensing,gift_wrapping_available=Yes",123.0000,0.0000,1,0,0,1,1,1,10000,1,1,1.0000,1,1,1,1,1.0000,1,0,0,0,0,1,,,,,,,,,,,,,,,,,,,,,,,,,,,,,,,,,,
"1260-Level Sensing-None-DAD HS-Vialsampler-Flex",,Agilent_LC,simple,"Default Category/Products",base,"1260 Infinity III Prime LC System-Level Sensing-None-DAD HS-Vialsampler-Flex","<p data-v-64dfe0b9=""""><strong>Featured documents</strong></p>
<div class=""documents-list d-flex flex-column flex-md-row"" data-v-64dfe0b9="""">
<div class=""document-item rounded d-flex flex-column"" tabindex=""0"" data-v-64dfe0b9=""""><a class=""d-flex"" tabindex=""-1"" href=""https://www.agilent.com/cs/library/brochures/br-infinitylab-analytical-hplc-systems-5994-7151EN-agilent.pdf"" target=""_blank"" rel=""noopener"" data-v-64dfe0b9=""""><span data-v-64dfe0b9="""">Brochure</span></a>
<h4 data-v-64dfe0b9="""">Agilent InfinityLab LC Solutions: HPLC Made for Tomorrow</h4>
</div>
<div class=""document-item rounded d-flex flex-column"" tabindex=""0"" data-v-64dfe0b9=""""><a class=""d-flex"" tabindex=""-1"" href=""https://www.agilent.com/cs/library/applications/application-pesticide-analysis-1260-infinity-II-prime-lc-ultivo-lc-ms-ms-5994-1889en-agilent.pdf"" target=""_blank"" rel=""noopener"" data-v-64dfe0b9=""""><span data-v-64dfe0b9="""">Application note</span></a>
<h4 data-v-64dfe0b9="""">Pesticide Analysis with Agilent 1260 Infinity II Prime LC Ultivo Triple Quad LC/MS</h4>
</div>
</div>","<p class=""product-description"" data-v-64dfe0b9="""">The 1260 Infinity III Prime LC System is an analytical high-performance liquid chromatography (HPLC) system, offering the flexibility of both an HPLC and a UHPLC for columns with sub-2 μm particles. It can operate at high pressures and handle flow rates up to 5 mL/min. This HPLC/UHPLC system gives you the utmost confidence in your HPLC results and can be a front end for your LC/MS system.</p>
<p class=""product-ul"" data-v-64dfe0b9=""""> </p>
<ul class=""product-features list-styled flex-column"" data-v-64dfe0b9="""">
<li data-v-64dfe0b9="""">Automates your daily HPLC tasks, ensuring reliable HPLC results</li>
<li data-v-64dfe0b9="""">Delivers gradient formation/mixing performance equivalent to a binary-like system</li>
<li data-v-64dfe0b9="""">Provides excellent retention time reproducibility, accuracy, and precision</li>
<li data-v-64dfe0b9="""">Offers seamless method transfer with Intelligent System Emulation Technology</li>
<li data-v-64dfe0b9="""">Mediates solvent effects with Feed Injection using a Hybrid Multisampler</li>
</ul>
<p> </p>",790.000000,1,"Taxable Goods","Not Visible Individually",7000.000000,,,,1260-infinity-iii-prime-lc-system-level-sensing-none-dad-hs-vialsampler-flex,"1260 Infinity III Prime LC System","1260 Infinity III Prime LC System","1260 Infinity III Prime LC System Featured documents

Brochure
Agilent InfinityLab LC Solutions: HPLC Made for Tomorrow

Application note
Pesticide Analysis with Agilent 1260 Infinity II Prime LC Ultivo Triple Quad LC/MS

",,,,,,,,,8/16/26,8/16/26,,,"Block after Info Column",,,,No,,,,,,,"Use config",,"agilent_autosampler=Vialsampler,agilent_bench_stack_configuration=Flex,agilent_detector=DAD HS,agilent_optional_secondary_detector=None,agilent_solvent_fluid_management=Level Sensing,gift_wrapping_available=Yes",123.0000,0.0000,1,0,0,1,1,1,10000,1,1,1.0000,1,1,1,1,1.0000,1,0,0,0,0,1,,,,,,,,,,,,,,,,,,,,,,,,,,,,,,,,,,
"1260-Level Sensing-None-DAD HS-Vialsampler-Benchtop",,Agilent_LC,simple,"Default Category/Products",base,"1260 Infinity III Prime LC System-Level Sensing-None-DAD HS-Vialsampler-Benchtop","<p data-v-64dfe0b9=""""><strong>Featured documents</strong></p>
<div class=""documents-list d-flex flex-column flex-md-row"" data-v-64dfe0b9="""">
<div class=""document-item rounded d-flex flex-column"" tabindex=""0"" data-v-64dfe0b9=""""><a class=""d-flex"" tabindex=""-1"" href=""https://www.agilent.com/cs/library/brochures/br-infinitylab-analytical-hplc-systems-5994-7151EN-agilent.pdf"" target=""_blank"" rel=""noopener"" data-v-64dfe0b9=""""><span data-v-64dfe0b9="""">Brochure</span></a>
<h4 data-v-64dfe0b9="""">Agilent InfinityLab LC Solutions: HPLC Made for Tomorrow</h4>
</div>
<div class=""document-item rounded d-flex flex-column"" tabindex=""0"" data-v-64dfe0b9=""""><a class=""d-flex"" tabindex=""-1"" href=""https://www.agilent.com/cs/library/applications/application-pesticide-analysis-1260-infinity-II-prime-lc-ultivo-lc-ms-ms-5994-1889en-agilent.pdf"" target=""_blank"" rel=""noopener"" data-v-64dfe0b9=""""><span data-v-64dfe0b9="""">Application note</span></a>
<h4 data-v-64dfe0b9="""">Pesticide Analysis with Agilent 1260 Infinity II Prime LC Ultivo Triple Quad LC/MS</h4>
</div>
</div>","<p class=""product-description"" data-v-64dfe0b9="""">The 1260 Infinity III Prime LC System is an analytical high-performance liquid chromatography (HPLC) system, offering the flexibility of both an HPLC and a UHPLC for columns with sub-2 μm particles. It can operate at high pressures and handle flow rates up to 5 mL/min. This HPLC/UHPLC system gives you the utmost confidence in your HPLC results and can be a front end for your LC/MS system.</p>
<p class=""product-ul"" data-v-64dfe0b9=""""> </p>
<ul class=""product-features list-styled flex-column"" data-v-64dfe0b9="""">
<li data-v-64dfe0b9="""">Automates your daily HPLC tasks, ensuring reliable HPLC results</li>
<li data-v-64dfe0b9="""">Delivers gradient formation/mixing performance equivalent to a binary-like system</li>
<li data-v-64dfe0b9="""">Provides excellent retention time reproducibility, accuracy, and precision</li>
<li data-v-64dfe0b9="""">Offers seamless method transfer with Intelligent System Emulation Technology</li>
<li data-v-64dfe0b9="""">Mediates solvent effects with Feed Injection using a Hybrid Multisampler</li>
</ul>
<p> </p>",790.000000,1,"Taxable Goods","Not Visible Individually",7000.000000,,,,1260-infinity-iii-prime-lc-system-level-sensing-none-dad-hs-vialsampler-benchtop,"1260 Infinity III Prime LC System","1260 Infinity III Prime LC System","1260 Infinity III Prime LC System Featured documents

Brochure
Agilent InfinityLab LC Solutions: HPLC Made for Tomorrow

Application note
Pesticide Analysis with Agilent 1260 Infinity II Prime LC Ultivo Triple Quad LC/MS

",,,,,,,,,8/16/26,8/16/26,,,"Block after Info Column",,,,No,,,,,,,"Use config",,"agilent_autosampler=Vialsampler,agilent_bench_stack_configuration=Benchtop,agilent_detector=DAD HS,agilent_optional_secondary_detector=None,agilent_solvent_fluid_management=Level Sensing,gift_wrapping_available=Yes",123.0000,0.0000,1,0,0,1,1,1,10000,1,1,1.0000,1,1,1,1,1.0000,1,0,0,0,0,1,,,,,,,,,,,,,,,,,,,,,,,,,,,,,,,,,,
"1260-Level Sensing-None-DAD HS-Vialsampler-Stack",,Agilent_LC,simple,"Default Category/Products",base,"1260 Infinity III Prime LC System-Level Sensing-None-DAD HS-Vialsampler-Stack","<p data-v-64dfe0b9=""""><strong>Featured documents</strong></p>
<div class=""documents-list d-flex flex-column flex-md-row"" data-v-64dfe0b9="""">
<div class=""document-item rounded d-flex flex-column"" tabindex=""0"" data-v-64dfe0b9=""""><a class=""d-flex"" tabindex=""-1"" href=""https://www.agilent.com/cs/library/brochures/br-infinitylab-analytical-hplc-systems-5994-7151EN-agilent.pdf"" target=""_blank"" rel=""noopener"" data-v-64dfe0b9=""""><span data-v-64dfe0b9="""">Brochure</span></a>
<h4 data-v-64dfe0b9="""">Agilent InfinityLab LC Solutions: HPLC Made for Tomorrow</h4>
</div>
<div class=""document-item rounded d-flex flex-column"" tabindex=""0"" data-v-64dfe0b9=""""><a class=""d-flex"" tabindex=""-1"" href=""https://www.agilent.com/cs/library/applications/application-pesticide-analysis-1260-infinity-II-prime-lc-ultivo-lc-ms-ms-5994-1889en-agilent.pdf"" target=""_blank"" rel=""noopener"" data-v-64dfe0b9=""""><span data-v-64dfe0b9="""">Application note</span></a>
<h4 data-v-64dfe0b9="""">Pesticide Analysis with Agilent 1260 Infinity II Prime LC Ultivo Triple Quad LC/MS</h4>
</div>
</div>","<p class=""product-description"" data-v-64dfe0b9="""">The 1260 Infinity III Prime LC System is an analytical high-performance liquid chromatography (HPLC) system, offering the flexibility of both an HPLC and a UHPLC for columns with sub-2 μm particles. It can operate at high pressures and handle flow rates up to 5 mL/min. This HPLC/UHPLC system gives you the utmost confidence in your HPLC results and can be a front end for your LC/MS system.</p>
<p class=""product-ul"" data-v-64dfe0b9=""""> </p>
<ul class=""product-features list-styled flex-column"" data-v-64dfe0b9="""">
<li data-v-64dfe0b9="""">Automates your daily HPLC tasks, ensuring reliable HPLC results</li>
<li data-v-64dfe0b9="""">Delivers gradient formation/mixing performance equivalent to a binary-like system</li>
<li data-v-64dfe0b9="""">Provides excellent retention time reproducibility, accuracy, and precision</li>
<li data-v-64dfe0b9="""">Offers seamless method transfer with Intelligent System Emulation Technology</li>
<li data-v-64dfe0b9="""">Mediates solvent effects with Feed Injection using a Hybrid Multisampler</li>
</ul>
<p> </p>",790.000000,1,"Taxable Goods","Not Visible Individually",7000.000000,,,,1260-infinity-iii-prime-lc-system-level-sensing-none-dad-hs-vialsampler-stack,"1260 Infinity III Prime LC System","1260 Infinity III Prime LC System","1260 Infinity III Prime LC System Featured documents

Brochure
Agilent InfinityLab LC Solutions: HPLC Made for Tomorrow

Application note
Pesticide Analysis with Agilent 1260 Infinity II Prime LC Ultivo Triple Quad LC/MS

",,,,,,,,,8/16/26,8/16/26,,,"Block after Info Column",,,,No,,,,,,,"Use config",,"agilent_autosampler=Vialsampler,agilent_bench_stack_configuration=Stack,agilent_detector=DAD HS,agilent_optional_secondary_detector=None,agilent_solvent_fluid_management=Level Sensing,gift_wrapping_available=Yes",123.0000,0.0000,1,0,0,1,1,1,10000,1,1,1.0000,1,1,1,1,1.0000,1,0,0,0,0,1,,,,,,,,,,,,,,,,,,,,,,,,,,,,,,,,,,
"1260-Level Sensing-None-DAD WR-Multisampler-Flex",,Agilent_LC,simple,"Default Category/Products",base,"1260 Infinity III Prime LC System-Level Sensing-None-DAD WR-Multisampler-Flex","<p data-v-64dfe0b9=""""><strong>Featured documents</strong></p>
<div class=""documents-list d-flex flex-column flex-md-row"" data-v-64dfe0b9="""">
<div class=""document-item rounded d-flex flex-column"" tabindex=""0"" data-v-64dfe0b9=""""><a class=""d-flex"" tabindex=""-1"" href=""https://www.agilent.com/cs/library/brochures/br-infinitylab-analytical-hplc-systems-5994-7151EN-agilent.pdf"" target=""_blank"" rel=""noopener"" data-v-64dfe0b9=""""><span data-v-64dfe0b9="""">Brochure</span></a>
<h4 data-v-64dfe0b9="""">Agilent InfinityLab LC Solutions: HPLC Made for Tomorrow</h4>
</div>
<div class=""document-item rounded d-flex flex-column"" tabindex=""0"" data-v-64dfe0b9=""""><a class=""d-flex"" tabindex=""-1"" href=""https://www.agilent.com/cs/library/applications/application-pesticide-analysis-1260-infinity-II-prime-lc-ultivo-lc-ms-ms-5994-1889en-agilent.pdf"" target=""_blank"" rel=""noopener"" data-v-64dfe0b9=""""><span data-v-64dfe0b9="""">Application note</span></a>
<h4 data-v-64dfe0b9="""">Pesticide Analysis with Agilent 1260 Infinity II Prime LC Ultivo Triple Quad LC/MS</h4>
</div>
</div>","<p class=""product-description"" data-v-64dfe0b9="""">The 1260 Infinity III Prime LC System is an analytical high-performance liquid chromatography (HPLC) system, offering the flexibility of both an HPLC and a UHPLC for columns with sub-2 μm particles. It can operate at high pressures and handle flow rates up to 5 mL/min. This HPLC/UHPLC system gives you the utmost confidence in your HPLC results and can be a front end for your LC/MS system.</p>
<p class=""product-ul"" data-v-64dfe0b9=""""> </p>
<ul class=""product-features list-styled flex-column"" data-v-64dfe0b9="""">
<li data-v-64dfe0b9="""">Automates your daily HPLC tasks, ensuring reliable HPLC results</li>
<li data-v-64dfe0b9="""">Delivers gradient formation/mixing performance equivalent to a binary-like system</li>
<li data-v-64dfe0b9="""">Provides excellent retention time reproducibility, accuracy, and precision</li>
<li data-v-64dfe0b9="""">Offers seamless method transfer with Intelligent System Emulation Technology</li>
<li data-v-64dfe0b9="""">Mediates solvent effects with Feed Injection using a Hybrid Multisampler</li>
</ul>
<p> </p>",790.000000,1,"Taxable Goods","Not Visible Individually",7000.000000,,,,1260-infinity-iii-prime-lc-system-level-sensing-none-dad-wr-multisampler-flex,"1260 Infinity III Prime LC System","1260 Infinity III Prime LC System","1260 Infinity III Prime LC System Featured documents

Brochure
Agilent InfinityLab LC Solutions: HPLC Made for Tomorrow

Application note
Pesticide Analysis with Agilent 1260 Infinity II Prime LC Ultivo Triple Quad LC/MS

",,,,,,,,,8/16/26,8/16/26,,,"Block after Info Column",,,,No,,,,,,,"Use config",,"agilent_autosampler=Multisampler,agilent_bench_stack_configuration=Flex,agilent_detector=DAD WR,agilent_optional_secondary_detector=None,agilent_solvent_fluid_management=Level Sensing,gift_wrapping_available=Yes",123.0000,0.0000,1,0,0,1,1,1,10000,1,1,1.0000,1,1,1,1,1.0000,1,0,0,0,0,1,,,,,,,,,,,,,,,,,,,,,,,,,,,,,,,,,,
"1260-Level Sensing-None-DAD WR-Multisampler-Benchtop",,Agilent_LC,simple,"Default Category/Products",base,"1260 Infinity III Prime LC System-Level Sensing-None-DAD WR-Multisampler-Benchtop","<p data-v-64dfe0b9=""""><strong>Featured documents</strong></p>
<div class=""documents-list d-flex flex-column flex-md-row"" data-v-64dfe0b9="""">
<div class=""document-item rounded d-flex flex-column"" tabindex=""0"" data-v-64dfe0b9=""""><a class=""d-flex"" tabindex=""-1"" href=""https://www.agilent.com/cs/library/brochures/br-infinitylab-analytical-hplc-systems-5994-7151EN-agilent.pdf"" target=""_blank"" rel=""noopener"" data-v-64dfe0b9=""""><span data-v-64dfe0b9="""">Brochure</span></a>
<h4 data-v-64dfe0b9="""">Agilent InfinityLab LC Solutions: HPLC Made for Tomorrow</h4>
</div>
<div class=""document-item rounded d-flex flex-column"" tabindex=""0"" data-v-64dfe0b9=""""><a class=""d-flex"" tabindex=""-1"" href=""https://www.agilent.com/cs/library/applications/application-pesticide-analysis-1260-infinity-II-prime-lc-ultivo-lc-ms-ms-5994-1889en-agilent.pdf"" target=""_blank"" rel=""noopener"" data-v-64dfe0b9=""""><span data-v-64dfe0b9="""">Application note</span></a>
<h4 data-v-64dfe0b9="""">Pesticide Analysis with Agilent 1260 Infinity II Prime LC Ultivo Triple Quad LC/MS</h4>
</div>
</div>","<p class=""product-description"" data-v-64dfe0b9="""">The 1260 Infinity III Prime LC System is an analytical high-performance liquid chromatography (HPLC) system, offering the flexibility of both an HPLC and a UHPLC for columns with sub-2 μm particles. It can operate at high pressures and handle flow rates up to 5 mL/min. This HPLC/UHPLC system gives you the utmost confidence in your HPLC results and can be a front end for your LC/MS system.</p>
<p class=""product-ul"" data-v-64dfe0b9=""""> </p>
<ul class=""product-features list-styled flex-column"" data-v-64dfe0b9="""">
<li data-v-64dfe0b9="""">Automates your daily HPLC tasks, ensuring reliable HPLC results</li>
<li data-v-64dfe0b9="""">Delivers gradient formation/mixing performance equivalent to a binary-like system</li>
<li data-v-64dfe0b9="""">Provides excellent retention time reproducibility, accuracy, and precision</li>
<li data-v-64dfe0b9="""">Offers seamless method transfer with Intelligent System Emulation Technology</li>
<li data-v-64dfe0b9="""">Mediates solvent effects with Feed Injection using a Hybrid Multisampler</li>
</ul>
<p> </p>",790.000000,1,"Taxable Goods","Not Visible Individually",7000.000000,,,,1260-infinity-iii-prime-lc-system-level-sensing-none-dad-wr-multisampler-benchtop,"1260 Infinity III Prime LC System","1260 Infinity III Prime LC System","1260 Infinity III Prime LC System Featured documents

Brochure
Agilent InfinityLab LC Solutions: HPLC Made for Tomorrow

Application note
Pesticide Analysis with Agilent 1260 Infinity II Prime LC Ultivo Triple Quad LC/MS

",,,,,,,,,8/16/26,8/16/26,,,"Block after Info Column",,,,No,,,,,,,"Use config",,"agilent_autosampler=Multisampler,agilent_bench_stack_configuration=Benchtop,agilent_detector=DAD WR,agilent_optional_secondary_detector=None,agilent_solvent_fluid_management=Level Sensing,gift_wrapping_available=Yes",123.0000,0.0000,1,0,0,1,1,1,10000,1,1,1.0000,1,1,1,1,1.0000,1,0,0,0,0,1,,,,,,,,,,,,,,,,,,,,,,,,,,,,,,,,,,
"1260-Level Sensing-None-DAD WR-Multisampler-Stack",,Agilent_LC,simple,"Default Category/Products",base,"1260 Infinity III Prime LC System-Level Sensing-None-DAD WR-Multisampler-Stack","<p data-v-64dfe0b9=""""><strong>Featured documents</strong></p>
<div class=""documents-list d-flex flex-column flex-md-row"" data-v-64dfe0b9="""">
<div class=""document-item rounded d-flex flex-column"" tabindex=""0"" data-v-64dfe0b9=""""><a class=""d-flex"" tabindex=""-1"" href=""https://www.agilent.com/cs/library/brochures/br-infinitylab-analytical-hplc-systems-5994-7151EN-agilent.pdf"" target=""_blank"" rel=""noopener"" data-v-64dfe0b9=""""><span data-v-64dfe0b9="""">Brochure</span></a>
<h4 data-v-64dfe0b9="""">Agilent InfinityLab LC Solutions: HPLC Made for Tomorrow</h4>
</div>
<div class=""document-item rounded d-flex flex-column"" tabindex=""0"" data-v-64dfe0b9=""""><a class=""d-flex"" tabindex=""-1"" href=""https://www.agilent.com/cs/library/applications/application-pesticide-analysis-1260-infinity-II-prime-lc-ultivo-lc-ms-ms-5994-1889en-agilent.pdf"" target=""_blank"" rel=""noopener"" data-v-64dfe0b9=""""><span data-v-64dfe0b9="""">Application note</span></a>
<h4 data-v-64dfe0b9="""">Pesticide Analysis with Agilent 1260 Infinity II Prime LC Ultivo Triple Quad LC/MS</h4>
</div>
</div>","<p class=""product-description"" data-v-64dfe0b9="""">The 1260 Infinity III Prime LC System is an analytical high-performance liquid chromatography (HPLC) system, offering the flexibility of both an HPLC and a UHPLC for columns with sub-2 μm particles. It can operate at high pressures and handle flow rates up to 5 mL/min. This HPLC/UHPLC system gives you the utmost confidence in your HPLC results and can be a front end for your LC/MS system.</p>
<p class=""product-ul"" data-v-64dfe0b9=""""> </p>
<ul class=""product-features list-styled flex-column"" data-v-64dfe0b9="""">
<li data-v-64dfe0b9="""">Automates your daily HPLC tasks, ensuring reliable HPLC results</li>
<li data-v-64dfe0b9="""">Delivers gradient formation/mixing performance equivalent to a binary-like system</li>
<li data-v-64dfe0b9="""">Provides excellent retention time reproducibility, accuracy, and precision</li>
<li data-v-64dfe0b9="""">Offers seamless method transfer with Intelligent System Emulation Technology</li>
<li data-v-64dfe0b9="""">Mediates solvent effects with Feed Injection using a Hybrid Multisampler</li>
</ul>
<p> </p>",790.000000,1,"Taxable Goods","Not Visible Individually",7000.000000,,,,1260-infinity-iii-prime-lc-system-level-sensing-none-dad-wr-multisampler-stack,"1260 Infinity III Prime LC System","1260 Infinity III Prime LC System","1260 Infinity III Prime LC System Featured documents

Brochure
Agilent InfinityLab LC Solutions: HPLC Made for Tomorrow

Application note
Pesticide Analysis with Agilent 1260 Infinity II Prime LC Ultivo Triple Quad LC/MS

",,,,,,,,,8/16/26,8/16/26,,,"Block after Info Column",,,,No,,,,,,,"Use config",,"agilent_autosampler=Multisampler,agilent_bench_stack_configuration=Stack,agilent_detector=DAD WR,agilent_optional_secondary_detector=None,agilent_solvent_fluid_management=Level Sensing,gift_wrapping_available=Yes",123.0000,0.0000,1,0,0,1,1,1,10000,1,1,1.0000,1,1,1,1,1.0000,1,0,0,0,0,1,,,,,,,,,,,,,,,,,,,,,,,,,,,,,,,,,,
"1260-Level Sensing-None-DAD WR-Hybrid Multisampler-Flex",,Agilent_LC,simple,"Default Category/Products",base,"1260 Infinity III Prime LC System-Level Sensing-None-DAD WR-Hybrid Multisampler-Flex","<p data-v-64dfe0b9=""""><strong>Featured documents</strong></p>
<div class=""documents-list d-flex flex-column flex-md-row"" data-v-64dfe0b9="""">
<div class=""document-item rounded d-flex flex-column"" tabindex=""0"" data-v-64dfe0b9=""""><a class=""d-flex"" tabindex=""-1"" href=""https://www.agilent.com/cs/library/brochures/br-infinitylab-analytical-hplc-systems-5994-7151EN-agilent.pdf"" target=""_blank"" rel=""noopener"" data-v-64dfe0b9=""""><span data-v-64dfe0b9="""">Brochure</span></a>
<h4 data-v-64dfe0b9="""">Agilent InfinityLab LC Solutions: HPLC Made for Tomorrow</h4>
</div>
<div class=""document-item rounded d-flex flex-column"" tabindex=""0"" data-v-64dfe0b9=""""><a class=""d-flex"" tabindex=""-1"" href=""https://www.agilent.com/cs/library/applications/application-pesticide-analysis-1260-infinity-II-prime-lc-ultivo-lc-ms-ms-5994-1889en-agilent.pdf"" target=""_blank"" rel=""noopener"" data-v-64dfe0b9=""""><span data-v-64dfe0b9="""">Application note</span></a>
<h4 data-v-64dfe0b9="""">Pesticide Analysis with Agilent 1260 Infinity II Prime LC Ultivo Triple Quad LC/MS</h4>
</div>
</div>","<p class=""product-description"" data-v-64dfe0b9="""">The 1260 Infinity III Prime LC System is an analytical high-performance liquid chromatography (HPLC) system, offering the flexibility of both an HPLC and a UHPLC for columns with sub-2 μm particles. It can operate at high pressures and handle flow rates up to 5 mL/min. This HPLC/UHPLC system gives you the utmost confidence in your HPLC results and can be a front end for your LC/MS system.</p>
<p class=""product-ul"" data-v-64dfe0b9=""""> </p>
<ul class=""product-features list-styled flex-column"" data-v-64dfe0b9="""">
<li data-v-64dfe0b9="""">Automates your daily HPLC tasks, ensuring reliable HPLC results</li>
<li data-v-64dfe0b9="""">Delivers gradient formation/mixing performance equivalent to a binary-like system</li>
<li data-v-64dfe0b9="""">Provides excellent retention time reproducibility, accuracy, and precision</li>
<li data-v-64dfe0b9="""">Offers seamless method transfer with Intelligent System Emulation Technology</li>
<li data-v-64dfe0b9="""">Mediates solvent effects with Feed Injection using a Hybrid Multisampler</li>
</ul>
<p> </p>",790.000000,1,"Taxable Goods","Not Visible Individually",7000.000000,,,,1260-infinity-iii-prime-lc-system-level-sensing-none-dad-wr-hybrid-multisampler-flex,"1260 Infinity III Prime LC System","1260 Infinity III Prime LC System","1260 Infinity III Prime LC System Featured documents

Brochure
Agilent InfinityLab LC Solutions: HPLC Made for Tomorrow

Application note
Pesticide Analysis with Agilent 1260 Infinity II Prime LC Ultivo Triple Quad LC/MS

",,,,,,,,,8/16/26,8/16/26,,,"Block after Info Column",,,,No,,,,,,,"Use config",,"agilent_autosampler=Hybrid Multisampler,agilent_bench_stack_configuration=Flex,agilent_detector=DAD WR,agilent_optional_secondary_detector=None,agilent_solvent_fluid_management=Level Sensing,gift_wrapping_available=Yes",123.0000,0.0000,1,0,0,1,1,1,10000,1,1,1.0000,1,1,1,1,1.0000,1,0,0,0,0,1,,,,,,,,,,,,,,,,,,,,,,,,,,,,,,,,,,
"1260-Level Sensing-None-DAD WR-Hybrid Multisampler-Benchtop",,Agilent_LC,simple,"Default Category/Products",base,"1260 Infinity III Prime LC System-Level Sensing-None-DAD WR-Hybrid Multisampler-Benchtop","<p data-v-64dfe0b9=""""><strong>Featured documents</strong></p>
<div class=""documents-list d-flex flex-column flex-md-row"" data-v-64dfe0b9="""">
<div class=""document-item rounded d-flex flex-column"" tabindex=""0"" data-v-64dfe0b9=""""><a class=""d-flex"" tabindex=""-1"" href=""https://www.agilent.com/cs/library/brochures/br-infinitylab-analytical-hplc-systems-5994-7151EN-agilent.pdf"" target=""_blank"" rel=""noopener"" data-v-64dfe0b9=""""><span data-v-64dfe0b9="""">Brochure</span></a>
<h4 data-v-64dfe0b9="""">Agilent InfinityLab LC Solutions: HPLC Made for Tomorrow</h4>
</div>
<div class=""document-item rounded d-flex flex-column"" tabindex=""0"" data-v-64dfe0b9=""""><a class=""d-flex"" tabindex=""-1"" href=""https://www.agilent.com/cs/library/applications/application-pesticide-analysis-1260-infinity-II-prime-lc-ultivo-lc-ms-ms-5994-1889en-agilent.pdf"" target=""_blank"" rel=""noopener"" data-v-64dfe0b9=""""><span data-v-64dfe0b9="""">Application note</span></a>
<h4 data-v-64dfe0b9="""">Pesticide Analysis with Agilent 1260 Infinity II Prime LC Ultivo Triple Quad LC/MS</h4>
</div>
</div>","<p class=""product-description"" data-v-64dfe0b9="""">The 1260 Infinity III Prime LC System is an analytical high-performance liquid chromatography (HPLC) system, offering the flexibility of both an HPLC and a UHPLC for columns with sub-2 μm particles. It can operate at high pressures and handle flow rates up to 5 mL/min. This HPLC/UHPLC system gives you the utmost confidence in your HPLC results and can be a front end for your LC/MS system.</p>
<p class=""product-ul"" data-v-64dfe0b9=""""> </p>
<ul class=""product-features list-styled flex-column"" data-v-64dfe0b9="""">
<li data-v-64dfe0b9="""">Automates your daily HPLC tasks, ensuring reliable HPLC results</li>
<li data-v-64dfe0b9="""">Delivers gradient formation/mixing performance equivalent to a binary-like system</li>
<li data-v-64dfe0b9="""">Provides excellent retention time reproducibility, accuracy, and precision</li>
<li data-v-64dfe0b9="""">Offers seamless method transfer with Intelligent System Emulation Technology</li>
<li data-v-64dfe0b9="""">Mediates solvent effects with Feed Injection using a Hybrid Multisampler</li>
</ul>
<p> </p>",790.000000,1,"Taxable Goods","Not Visible Individually",7000.000000,,,,1260-infinity-iii-prime-lc-system-level-sensing-none-dad-wr-hybrid-multisampler-benchtop,"1260 Infinity III Prime LC System","1260 Infinity III Prime LC System","1260 Infinity III Prime LC System Featured documents

Brochure
Agilent InfinityLab LC Solutions: HPLC Made for Tomorrow

Application note
Pesticide Analysis with Agilent 1260 Infinity II Prime LC Ultivo Triple Quad LC/MS

",,,,,,,,,8/16/26,8/16/26,,,"Block after Info Column",,,,No,,,,,,,"Use config",,"agilent_autosampler=Hybrid Multisampler,agilent_bench_stack_configuration=Benchtop,agilent_detector=DAD WR,agilent_optional_secondary_detector=None,agilent_solvent_fluid_management=Level Sensing,gift_wrapping_available=Yes",123.0000,0.0000,1,0,0,1,1,1,10000,1,1,1.0000,1,1,1,1,1.0000,1,0,0,0,0,1,,,,,,,,,,,,,,,,,,,,,,,,,,,,,,,,,,
"1260-Level Sensing-None-DAD WR-Hybrid Multisampler-Stack",,Agilent_LC,simple,"Default Category/Products",base,"1260 Infinity III Prime LC System-Level Sensing-None-DAD WR-Hybrid Multisampler-Stack","<p data-v-64dfe0b9=""""><strong>Featured documents</strong></p>
<div class=""documents-list d-flex flex-column flex-md-row"" data-v-64dfe0b9="""">
<div class=""document-item rounded d-flex flex-column"" tabindex=""0"" data-v-64dfe0b9=""""><a class=""d-flex"" tabindex=""-1"" href=""https://www.agilent.com/cs/library/brochures/br-infinitylab-analytical-hplc-systems-5994-7151EN-agilent.pdf"" target=""_blank"" rel=""noopener"" data-v-64dfe0b9=""""><span data-v-64dfe0b9="""">Brochure</span></a>
<h4 data-v-64dfe0b9="""">Agilent InfinityLab LC Solutions: HPLC Made for Tomorrow</h4>
</div>
<div class=""document-item rounded d-flex flex-column"" tabindex=""0"" data-v-64dfe0b9=""""><a class=""d-flex"" tabindex=""-1"" href=""https://www.agilent.com/cs/library/applications/application-pesticide-analysis-1260-infinity-II-prime-lc-ultivo-lc-ms-ms-5994-1889en-agilent.pdf"" target=""_blank"" rel=""noopener"" data-v-64dfe0b9=""""><span data-v-64dfe0b9="""">Application note</span></a>
<h4 data-v-64dfe0b9="""">Pesticide Analysis with Agilent 1260 Infinity II Prime LC Ultivo Triple Quad LC/MS</h4>
</div>
</div>","<p class=""product-description"" data-v-64dfe0b9="""">The 1260 Infinity III Prime LC System is an analytical high-performance liquid chromatography (HPLC) system, offering the flexibility of both an HPLC and a UHPLC for columns with sub-2 μm particles. It can operate at high pressures and handle flow rates up to 5 mL/min. This HPLC/UHPLC system gives you the utmost confidence in your HPLC results and can be a front end for your LC/MS system.</p>
<p class=""product-ul"" data-v-64dfe0b9=""""> </p>
<ul class=""product-features list-styled flex-column"" data-v-64dfe0b9="""">
<li data-v-64dfe0b9="""">Automates your daily HPLC tasks, ensuring reliable HPLC results</li>
<li data-v-64dfe0b9="""">Delivers gradient formation/mixing performance equivalent to a binary-like system</li>
<li data-v-64dfe0b9="""">Provides excellent retention time reproducibility, accuracy, and precision</li>
<li data-v-64dfe0b9="""">Offers seamless method transfer with Intelligent System Emulation Technology</li>
<li data-v-64dfe0b9="""">Mediates solvent effects with Feed Injection using a Hybrid Multisampler</li>
</ul>
<p> </p>",790.000000,1,"Taxable Goods","Not Visible Individually",7000.000000,,,,1260-infinity-iii-prime-lc-system-level-sensing-none-dad-wr-hybrid-multisampler-stack,"1260 Infinity III Prime LC System","1260 Infinity III Prime LC System","1260 Infinity III Prime LC System Featured documents

Brochure
Agilent InfinityLab LC Solutions: HPLC Made for Tomorrow

Application note
Pesticide Analysis with Agilent 1260 Infinity II Prime LC Ultivo Triple Quad LC/MS

",,,,,,,,,8/16/26,8/16/26,,,"Block after Info Column",,,,No,,,,,,,"Use config",,"agilent_autosampler=Hybrid Multisampler,agilent_bench_stack_configuration=Stack,agilent_detector=DAD WR,agilent_optional_secondary_detector=None,agilent_solvent_fluid_management=Level Sensing,gift_wrapping_available=Yes",123.0000,0.0000,1,0,0,1,1,1,10000,1,1,1.0000,1,1,1,1,1.0000,1,0,0,0,0,1,,,,,,,,,,,,,,,,,,,,,,,,,,,,,,,,,,
"1260-Level Sensing-None-DAD WR-Vialsampler-Flex",,Agilent_LC,simple,"Default Category/Products",base,"1260 Infinity III Prime LC System-Level Sensing-None-DAD WR-Vialsampler-Flex","<p data-v-64dfe0b9=""""><strong>Featured documents</strong></p>
<div class=""documents-list d-flex flex-column flex-md-row"" data-v-64dfe0b9="""">
<div class=""document-item rounded d-flex flex-column"" tabindex=""0"" data-v-64dfe0b9=""""><a class=""d-flex"" tabindex=""-1"" href=""https://www.agilent.com/cs/library/brochures/br-infinitylab-analytical-hplc-systems-5994-7151EN-agilent.pdf"" target=""_blank"" rel=""noopener"" data-v-64dfe0b9=""""><span data-v-64dfe0b9="""">Brochure</span></a>
<h4 data-v-64dfe0b9="""">Agilent InfinityLab LC Solutions: HPLC Made for Tomorrow</h4>
</div>
<div class=""document-item rounded d-flex flex-column"" tabindex=""0"" data-v-64dfe0b9=""""><a class=""d-flex"" tabindex=""-1"" href=""https://www.agilent.com/cs/library/applications/application-pesticide-analysis-1260-infinity-II-prime-lc-ultivo-lc-ms-ms-5994-1889en-agilent.pdf"" target=""_blank"" rel=""noopener"" data-v-64dfe0b9=""""><span data-v-64dfe0b9="""">Application note</span></a>
<h4 data-v-64dfe0b9="""">Pesticide Analysis with Agilent 1260 Infinity II Prime LC Ultivo Triple Quad LC/MS</h4>
</div>
</div>","<p class=""product-description"" data-v-64dfe0b9="""">The 1260 Infinity III Prime LC System is an analytical high-performance liquid chromatography (HPLC) system, offering the flexibility of both an HPLC and a UHPLC for columns with sub-2 μm particles. It can operate at high pressures and handle flow rates up to 5 mL/min. This HPLC/UHPLC system gives you the utmost confidence in your HPLC results and can be a front end for your LC/MS system.</p>
<p class=""product-ul"" data-v-64dfe0b9=""""> </p>
<ul class=""product-features list-styled flex-column"" data-v-64dfe0b9="""">
<li data-v-64dfe0b9="""">Automates your daily HPLC tasks, ensuring reliable HPLC results</li>
<li data-v-64dfe0b9="""">Delivers gradient formation/mixing performance equivalent to a binary-like system</li>
<li data-v-64dfe0b9="""">Provides excellent retention time reproducibility, accuracy, and precision</li>
<li data-v-64dfe0b9="""">Offers seamless method transfer with Intelligent System Emulation Technology</li>
<li data-v-64dfe0b9="""">Mediates solvent effects with Feed Injection using a Hybrid Multisampler</li>
</ul>
<p> </p>",790.000000,1,"Taxable Goods","Not Visible Individually",7000.000000,,,,1260-infinity-iii-prime-lc-system-level-sensing-none-dad-wr-vialsampler-flex,"1260 Infinity III Prime LC System","1260 Infinity III Prime LC System","1260 Infinity III Prime LC System Featured documents

Brochure
Agilent InfinityLab LC Solutions: HPLC Made for Tomorrow

Application note
Pesticide Analysis with Agilent 1260 Infinity II Prime LC Ultivo Triple Quad LC/MS

",,,,,,,,,8/16/26,8/16/26,,,"Block after Info Column",,,,No,,,,,,,"Use config",,"agilent_autosampler=Vialsampler,agilent_bench_stack_configuration=Flex,agilent_detector=DAD WR,agilent_optional_secondary_detector=None,agilent_solvent_fluid_management=Level Sensing,gift_wrapping_available=Yes",123.0000,0.0000,1,0,0,1,1,1,10000,1,1,1.0000,1,1,1,1,1.0000,1,0,0,0,0,1,,,,,,,,,,,,,,,,,,,,,,,,,,,,,,,,,,
"1260-Level Sensing-None-DAD WR-Vialsampler-Benchtop",,Agilent_LC,simple,"Default Category/Products",base,"1260 Infinity III Prime LC System-Level Sensing-None-DAD WR-Vialsampler-Benchtop","<p data-v-64dfe0b9=""""><strong>Featured documents</strong></p>
<div class=""documents-list d-flex flex-column flex-md-row"" data-v-64dfe0b9="""">
<div class=""document-item rounded d-flex flex-column"" tabindex=""0"" data-v-64dfe0b9=""""><a class=""d-flex"" tabindex=""-1"" href=""https://www.agilent.com/cs/library/brochures/br-infinitylab-analytical-hplc-systems-5994-7151EN-agilent.pdf"" target=""_blank"" rel=""noopener"" data-v-64dfe0b9=""""><span data-v-64dfe0b9="""">Brochure</span></a>
<h4 data-v-64dfe0b9="""">Agilent InfinityLab LC Solutions: HPLC Made for Tomorrow</h4>
</div>
<div class=""document-item rounded d-flex flex-column"" tabindex=""0"" data-v-64dfe0b9=""""><a class=""d-flex"" tabindex=""-1"" href=""https://www.agilent.com/cs/library/applications/application-pesticide-analysis-1260-infinity-II-prime-lc-ultivo-lc-ms-ms-5994-1889en-agilent.pdf"" target=""_blank"" rel=""noopener"" data-v-64dfe0b9=""""><span data-v-64dfe0b9="""">Application note</span></a>
<h4 data-v-64dfe0b9="""">Pesticide Analysis with Agilent 1260 Infinity II Prime LC Ultivo Triple Quad LC/MS</h4>
</div>
</div>","<p class=""product-description"" data-v-64dfe0b9="""">The 1260 Infinity III Prime LC System is an analytical high-performance liquid chromatography (HPLC) system, offering the flexibility of both an HPLC and a UHPLC for columns with sub-2 μm particles. It can operate at high pressures and handle flow rates up to 5 mL/min. This HPLC/UHPLC system gives you the utmost confidence in your HPLC results and can be a front end for your LC/MS system.</p>
<p class=""product-ul"" data-v-64dfe0b9=""""> </p>
<ul class=""product-features list-styled flex-column"" data-v-64dfe0b9="""">
<li data-v-64dfe0b9="""">Automates your daily HPLC tasks, ensuring reliable HPLC results</li>
<li data-v-64dfe0b9="""">Delivers gradient formation/mixing performance equivalent to a binary-like system</li>
<li data-v-64dfe0b9="""">Provides excellent retention time reproducibility, accuracy, and precision</li>
<li data-v-64dfe0b9="""">Offers seamless method transfer with Intelligent System Emulation Technology</li>
<li data-v-64dfe0b9="""">Mediates solvent effects with Feed Injection using a Hybrid Multisampler</li>
</ul>
<p> </p>",790.000000,1,"Taxable Goods","Not Visible Individually",7000.000000,,,,1260-infinity-iii-prime-lc-system-level-sensing-none-dad-wr-vialsampler-benchtop,"1260 Infinity III Prime LC System","1260 Infinity III Prime LC System","1260 Infinity III Prime LC System Featured documents

Brochure
Agilent InfinityLab LC Solutions: HPLC Made for Tomorrow

Application note
Pesticide Analysis with Agilent 1260 Infinity II Prime LC Ultivo Triple Quad LC/MS

",,,,,,,,,8/16/26,8/16/26,,,"Block after Info Column",,,,No,,,,,,,"Use config",,"agilent_autosampler=Vialsampler,agilent_bench_stack_configuration=Benchtop,agilent_detector=DAD WR,agilent_optional_secondary_detector=None,agilent_solvent_fluid_management=Level Sensing,gift_wrapping_available=Yes",123.0000,0.0000,1,0,0,1,1,1,10000,1,1,1.0000,1,1,1,1,1.0000,1,0,0,0,0,1,,,,,,,,,,,,,,,,,,,,,,,,,,,,,,,,,,
"1260-Level Sensing-None-DAD WR-Vialsampler-Stack",,Agilent_LC,simple,"Default Category/Products",base,"1260 Infinity III Prime LC System-Level Sensing-None-DAD WR-Vialsampler-Stack","<p data-v-64dfe0b9=""""><strong>Featured documents</strong></p>
<div class=""documents-list d-flex flex-column flex-md-row"" data-v-64dfe0b9="""">
<div class=""document-item rounded d-flex flex-column"" tabindex=""0"" data-v-64dfe0b9=""""><a class=""d-flex"" tabindex=""-1"" href=""https://www.agilent.com/cs/library/brochures/br-infinitylab-analytical-hplc-systems-5994-7151EN-agilent.pdf"" target=""_blank"" rel=""noopener"" data-v-64dfe0b9=""""><span data-v-64dfe0b9="""">Brochure</span></a>
<h4 data-v-64dfe0b9="""">Agilent InfinityLab LC Solutions: HPLC Made for Tomorrow</h4>
</div>
<div class=""document-item rounded d-flex flex-column"" tabindex=""0"" data-v-64dfe0b9=""""><a class=""d-flex"" tabindex=""-1"" href=""https://www.agilent.com/cs/library/applications/application-pesticide-analysis-1260-infinity-II-prime-lc-ultivo-lc-ms-ms-5994-1889en-agilent.pdf"" target=""_blank"" rel=""noopener"" data-v-64dfe0b9=""""><span data-v-64dfe0b9="""">Application note</span></a>
<h4 data-v-64dfe0b9="""">Pesticide Analysis with Agilent 1260 Infinity II Prime LC Ultivo Triple Quad LC/MS</h4>
</div>
</div>","<p class=""product-description"" data-v-64dfe0b9="""">The 1260 Infinity III Prime LC System is an analytical high-performance liquid chromatography (HPLC) system, offering the flexibility of both an HPLC and a UHPLC for columns with sub-2 μm particles. It can operate at high pressures and handle flow rates up to 5 mL/min. This HPLC/UHPLC system gives you the utmost confidence in your HPLC results and can be a front end for your LC/MS system.</p>
<p class=""product-ul"" data-v-64dfe0b9=""""> </p>
<ul class=""product-features list-styled flex-column"" data-v-64dfe0b9="""">
<li data-v-64dfe0b9="""">Automates your daily HPLC tasks, ensuring reliable HPLC results</li>
<li data-v-64dfe0b9="""">Delivers gradient formation/mixing performance equivalent to a binary-like system</li>
<li data-v-64dfe0b9="""">Provides excellent retention time reproducibility, accuracy, and precision</li>
<li data-v-64dfe0b9="""">Offers seamless method transfer with Intelligent System Emulation Technology</li>
<li data-v-64dfe0b9="""">Mediates solvent effects with Feed Injection using a Hybrid Multisampler</li>
</ul>
<p> </p>",790.000000,1,"Taxable Goods","Not Visible Individually",7000.000000,,,,1260-infinity-iii-prime-lc-system-level-sensing-none-dad-wr-vialsampler-stack,"1260 Infinity III Prime LC System","1260 Infinity III Prime LC System","1260 Infinity III Prime LC System Featured documents

Brochure
Agilent InfinityLab LC Solutions: HPLC Made for Tomorrow

Application note
Pesticide Analysis with Agilent 1260 Infinity II Prime LC Ultivo Triple Quad LC/MS

",,,,,,,,,8/16/26,8/16/26,,,"Block after Info Column",,,,No,,,,,,,"Use config",,"agilent_autosampler=Vialsampler,agilent_bench_stack_configuration=Stack,agilent_detector=DAD WR,agilent_optional_secondary_detector=None,agilent_solvent_fluid_management=Level Sensing,gift_wrapping_available=Yes",123.0000,0.0000,1,0,0,1,1,1,10000,1,1,1.0000,1,1,1,1,1.0000,1,0,0,0,0,1,,,,,,,,,,,,,,,,,,,,,,,,,,,,,,,,,,
"1260-Level Sensing-None-VWD-Multisampler-Flex",,Agilent_LC,simple,"Default Category/Products",base,"1260 Infinity III Prime LC System-Level Sensing-None-VWD-Multisampler-Flex","<p data-v-64dfe0b9=""""><strong>Featured documents</strong></p>
<div class=""documents-list d-flex flex-column flex-md-row"" data-v-64dfe0b9="""">
<div class=""document-item rounded d-flex flex-column"" tabindex=""0"" data-v-64dfe0b9=""""><a class=""d-flex"" tabindex=""-1"" href=""https://www.agilent.com/cs/library/brochures/br-infinitylab-analytical-hplc-systems-5994-7151EN-agilent.pdf"" target=""_blank"" rel=""noopener"" data-v-64dfe0b9=""""><span data-v-64dfe0b9="""">Brochure</span></a>
<h4 data-v-64dfe0b9="""">Agilent InfinityLab LC Solutions: HPLC Made for Tomorrow</h4>
</div>
<div class=""document-item rounded d-flex flex-column"" tabindex=""0"" data-v-64dfe0b9=""""><a class=""d-flex"" tabindex=""-1"" href=""https://www.agilent.com/cs/library/applications/application-pesticide-analysis-1260-infinity-II-prime-lc-ultivo-lc-ms-ms-5994-1889en-agilent.pdf"" target=""_blank"" rel=""noopener"" data-v-64dfe0b9=""""><span data-v-64dfe0b9="""">Application note</span></a>
<h4 data-v-64dfe0b9="""">Pesticide Analysis with Agilent 1260 Infinity II Prime LC Ultivo Triple Quad LC/MS</h4>
</div>
</div>","<p class=""product-description"" data-v-64dfe0b9="""">The 1260 Infinity III Prime LC System is an analytical high-performance liquid chromatography (HPLC) system, offering the flexibility of both an HPLC and a UHPLC for columns with sub-2 μm particles. It can operate at high pressures and handle flow rates up to 5 mL/min. This HPLC/UHPLC system gives you the utmost confidence in your HPLC results and can be a front end for your LC/MS system.</p>
<p class=""product-ul"" data-v-64dfe0b9=""""> </p>
<ul class=""product-features list-styled flex-column"" data-v-64dfe0b9="""">
<li data-v-64dfe0b9="""">Automates your daily HPLC tasks, ensuring reliable HPLC results</li>
<li data-v-64dfe0b9="""">Delivers gradient formation/mixing performance equivalent to a binary-like system</li>
<li data-v-64dfe0b9="""">Provides excellent retention time reproducibility, accuracy, and precision</li>
<li data-v-64dfe0b9="""">Offers seamless method transfer with Intelligent System Emulation Technology</li>
<li data-v-64dfe0b9="""">Mediates solvent effects with Feed Injection using a Hybrid Multisampler</li>
</ul>
<p> </p>",790.000000,1,"Taxable Goods","Not Visible Individually",7000.000000,,,,1260-infinity-iii-prime-lc-system-level-sensing-none-vwd-multisampler-flex,"1260 Infinity III Prime LC System","1260 Infinity III Prime LC System","1260 Infinity III Prime LC System Featured documents

Brochure
Agilent InfinityLab LC Solutions: HPLC Made for Tomorrow

Application note
Pesticide Analysis with Agilent 1260 Infinity II Prime LC Ultivo Triple Quad LC/MS

",,,,,,,,,8/16/26,8/16/26,,,"Block after Info Column",,,,No,,,,,,,"Use config",,"agilent_autosampler=Multisampler,agilent_bench_stack_configuration=Flex,agilent_detector=VWD,agilent_optional_secondary_detector=None,agilent_solvent_fluid_management=Level Sensing,gift_wrapping_available=Yes",123.0000,0.0000,1,0,0,1,1,1,10000,1,1,1.0000,1,1,1,1,1.0000,1,0,0,0,0,1,,,,,,,,,,,,,,,,,,,,,,,,,,,,,,,,,,
"1260-Level Sensing-None-VWD-Multisampler-Benchtop",,Agilent_LC,simple,"Default Category/Products",base,"1260 Infinity III Prime LC System-Level Sensing-None-VWD-Multisampler-Benchtop","<p data-v-64dfe0b9=""""><strong>Featured documents</strong></p>
<div class=""documents-list d-flex flex-column flex-md-row"" data-v-64dfe0b9="""">
<div class=""document-item rounded d-flex flex-column"" tabindex=""0"" data-v-64dfe0b9=""""><a class=""d-flex"" tabindex=""-1"" href=""https://www.agilent.com/cs/library/brochures/br-infinitylab-analytical-hplc-systems-5994-7151EN-agilent.pdf"" target=""_blank"" rel=""noopener"" data-v-64dfe0b9=""""><span data-v-64dfe0b9="""">Brochure</span></a>
<h4 data-v-64dfe0b9="""">Agilent InfinityLab LC Solutions: HPLC Made for Tomorrow</h4>
</div>
<div class=""document-item rounded d-flex flex-column"" tabindex=""0"" data-v-64dfe0b9=""""><a class=""d-flex"" tabindex=""-1"" href=""https://www.agilent.com/cs/library/applications/application-pesticide-analysis-1260-infinity-II-prime-lc-ultivo-lc-ms-ms-5994-1889en-agilent.pdf"" target=""_blank"" rel=""noopener"" data-v-64dfe0b9=""""><span data-v-64dfe0b9="""">Application note</span></a>
<h4 data-v-64dfe0b9="""">Pesticide Analysis with Agilent 1260 Infinity II Prime LC Ultivo Triple Quad LC/MS</h4>
</div>
</div>","<p class=""product-description"" data-v-64dfe0b9="""">The 1260 Infinity III Prime LC System is an analytical high-performance liquid chromatography (HPLC) system, offering the flexibility of both an HPLC and a UHPLC for columns with sub-2 μm particles. It can operate at high pressures and handle flow rates up to 5 mL/min. This HPLC/UHPLC system gives you the utmost confidence in your HPLC results and can be a front end for your LC/MS system.</p>
<p class=""product-ul"" data-v-64dfe0b9=""""> </p>
<ul class=""product-features list-styled flex-column"" data-v-64dfe0b9="""">
<li data-v-64dfe0b9="""">Automates your daily HPLC tasks, ensuring reliable HPLC results</li>
<li data-v-64dfe0b9="""">Delivers gradient formation/mixing performance equivalent to a binary-like system</li>
<li data-v-64dfe0b9="""">Provides excellent retention time reproducibility, accuracy, and precision</li>
<li data-v-64dfe0b9="""">Offers seamless method transfer with Intelligent System Emulation Technology</li>
<li data-v-64dfe0b9="""">Mediates solvent effects with Feed Injection using a Hybrid Multisampler</li>
</ul>
<p> </p>",790.000000,1,"Taxable Goods","Not Visible Individually",7000.000000,,,,1260-infinity-iii-prime-lc-system-level-sensing-none-vwd-multisampler-benchtop,"1260 Infinity III Prime LC System","1260 Infinity III Prime LC System","1260 Infinity III Prime LC System Featured documents

Brochure
Agilent InfinityLab LC Solutions: HPLC Made for Tomorrow

Application note
Pesticide Analysis with Agilent 1260 Infinity II Prime LC Ultivo Triple Quad LC/MS

",,,,,,,,,8/16/26,8/16/26,,,"Block after Info Column",,,,No,,,,,,,"Use config",,"agilent_autosampler=Multisampler,agilent_bench_stack_configuration=Benchtop,agilent_detector=VWD,agilent_optional_secondary_detector=None,agilent_solvent_fluid_management=Level Sensing,gift_wrapping_available=Yes",123.0000,0.0000,1,0,0,1,1,1,10000,1,1,1.0000,1,1,1,1,1.0000,1,0,0,0,0,1,,,,,,,,,,,,,,,,,,,,,,,,,,,,,,,,,,
"1260-Level Sensing-None-VWD-Multisampler-Stack",,Agilent_LC,simple,"Default Category/Products",base,"1260 Infinity III Prime LC System-Level Sensing-None-VWD-Multisampler-Stack","<p data-v-64dfe0b9=""""><strong>Featured documents</strong></p>
<div class=""documents-list d-flex flex-column flex-md-row"" data-v-64dfe0b9="""">
<div class=""document-item rounded d-flex flex-column"" tabindex=""0"" data-v-64dfe0b9=""""><a class=""d-flex"" tabindex=""-1"" href=""https://www.agilent.com/cs/library/brochures/br-infinitylab-analytical-hplc-systems-5994-7151EN-agilent.pdf"" target=""_blank"" rel=""noopener"" data-v-64dfe0b9=""""><span data-v-64dfe0b9="""">Brochure</span></a>
<h4 data-v-64dfe0b9="""">Agilent InfinityLab LC Solutions: HPLC Made for Tomorrow</h4>
</div>
<div class=""document-item rounded d-flex flex-column"" tabindex=""0"" data-v-64dfe0b9=""""><a class=""d-flex"" tabindex=""-1"" href=""https://www.agilent.com/cs/library/applications/application-pesticide-analysis-1260-infinity-II-prime-lc-ultivo-lc-ms-ms-5994-1889en-agilent.pdf"" target=""_blank"" rel=""noopener"" data-v-64dfe0b9=""""><span data-v-64dfe0b9="""">Application note</span></a>
<h4 data-v-64dfe0b9="""">Pesticide Analysis with Agilent 1260 Infinity II Prime LC Ultivo Triple Quad LC/MS</h4>
</div>
</div>","<p class=""product-description"" data-v-64dfe0b9="""">The 1260 Infinity III Prime LC System is an analytical high-performance liquid chromatography (HPLC) system, offering the flexibility of both an HPLC and a UHPLC for columns with sub-2 μm particles. It can operate at high pressures and handle flow rates up to 5 mL/min. This HPLC/UHPLC system gives you the utmost confidence in your HPLC results and can be a front end for your LC/MS system.</p>
<p class=""product-ul"" data-v-64dfe0b9=""""> </p>
<ul class=""product-features list-styled flex-column"" data-v-64dfe0b9="""">
<li data-v-64dfe0b9="""">Automates your daily HPLC tasks, ensuring reliable HPLC results</li>
<li data-v-64dfe0b9="""">Delivers gradient formation/mixing performance equivalent to a binary-like system</li>
<li data-v-64dfe0b9="""">Provides excellent retention time reproducibility, accuracy, and precision</li>
<li data-v-64dfe0b9="""">Offers seamless method transfer with Intelligent System Emulation Technology</li>
<li data-v-64dfe0b9="""">Mediates solvent effects with Feed Injection using a Hybrid Multisampler</li>
</ul>
<p> </p>",790.000000,1,"Taxable Goods","Not Visible Individually",7000.000000,,,,1260-infinity-iii-prime-lc-system-level-sensing-none-vwd-multisampler-stack,"1260 Infinity III Prime LC System","1260 Infinity III Prime LC System","1260 Infinity III Prime LC System Featured documents

Brochure
Agilent InfinityLab LC Solutions: HPLC Made for Tomorrow

Application note
Pesticide Analysis with Agilent 1260 Infinity II Prime LC Ultivo Triple Quad LC/MS

",,,,,,,,,8/16/26,8/16/26,,,"Block after Info Column",,,,No,,,,,,,"Use config",,"agilent_autosampler=Multisampler,agilent_bench_stack_configuration=Stack,agilent_detector=VWD,agilent_optional_secondary_detector=None,agilent_solvent_fluid_management=Level Sensing,gift_wrapping_available=Yes",123.0000,0.0000,1,0,0,1,1,1,10000,1,1,1.0000,1,1,1,1,1.0000,1,0,0,0,0,1,,,,,,,,,,,,,,,,,,,,,,,,,,,,,,,,,,
"1260-Level Sensing-None-VWD-Hybrid Multisampler-Flex",,Agilent_LC,simple,"Default Category/Products",base,"1260 Infinity III Prime LC System-Level Sensing-None-VWD-Hybrid Multisampler-Flex","<p data-v-64dfe0b9=""""><strong>Featured documents</strong></p>
<div class=""documents-list d-flex flex-column flex-md-row"" data-v-64dfe0b9="""">
<div class=""document-item rounded d-flex flex-column"" tabindex=""0"" data-v-64dfe0b9=""""><a class=""d-flex"" tabindex=""-1"" href=""https://www.agilent.com/cs/library/brochures/br-infinitylab-analytical-hplc-systems-5994-7151EN-agilent.pdf"" target=""_blank"" rel=""noopener"" data-v-64dfe0b9=""""><span data-v-64dfe0b9="""">Brochure</span></a>
<h4 data-v-64dfe0b9="""">Agilent InfinityLab LC Solutions: HPLC Made for Tomorrow</h4>
</div>
<div class=""document-item rounded d-flex flex-column"" tabindex=""0"" data-v-64dfe0b9=""""><a class=""d-flex"" tabindex=""-1"" href=""https://www.agilent.com/cs/library/applications/application-pesticide-analysis-1260-infinity-II-prime-lc-ultivo-lc-ms-ms-5994-1889en-agilent.pdf"" target=""_blank"" rel=""noopener"" data-v-64dfe0b9=""""><span data-v-64dfe0b9="""">Application note</span></a>
<h4 data-v-64dfe0b9="""">Pesticide Analysis with Agilent 1260 Infinity II Prime LC Ultivo Triple Quad LC/MS</h4>
</div>
</div>","<p class=""product-description"" data-v-64dfe0b9="""">The 1260 Infinity III Prime LC System is an analytical high-performance liquid chromatography (HPLC) system, offering the flexibility of both an HPLC and a UHPLC for columns with sub-2 μm particles. It can operate at high pressures and handle flow rates up to 5 mL/min. This HPLC/UHPLC system gives you the utmost confidence in your HPLC results and can be a front end for your LC/MS system.</p>
<p class=""product-ul"" data-v-64dfe0b9=""""> </p>
<ul class=""product-features list-styled flex-column"" data-v-64dfe0b9="""">
<li data-v-64dfe0b9="""">Automates your daily HPLC tasks, ensuring reliable HPLC results</li>
<li data-v-64dfe0b9="""">Delivers gradient formation/mixing performance equivalent to a binary-like system</li>
<li data-v-64dfe0b9="""">Provides excellent retention time reproducibility, accuracy, and precision</li>
<li data-v-64dfe0b9="""">Offers seamless method transfer with Intelligent System Emulation Technology</li>
<li data-v-64dfe0b9="""">Mediates solvent effects with Feed Injection using a Hybrid Multisampler</li>
</ul>
<p> </p>",790.000000,1,"Taxable Goods","Not Visible Individually",7000.000000,,,,1260-infinity-iii-prime-lc-system-level-sensing-none-vwd-hybrid-multisampler-flex,"1260 Infinity III Prime LC System","1260 Infinity III Prime LC System","1260 Infinity III Prime LC System Featured documents

Brochure
Agilent InfinityLab LC Solutions: HPLC Made for Tomorrow

Application note
Pesticide Analysis with Agilent 1260 Infinity II Prime LC Ultivo Triple Quad LC/MS

",,,,,,,,,8/16/26,8/16/26,,,"Block after Info Column",,,,No,,,,,,,"Use config",,"agilent_autosampler=Hybrid Multisampler,agilent_bench_stack_configuration=Flex,agilent_detector=VWD,agilent_optional_secondary_detector=None,agilent_solvent_fluid_management=Level Sensing,gift_wrapping_available=Yes",123.0000,0.0000,1,0,0,1,1,1,10000,1,1,1.0000,1,1,1,1,1.0000,1,0,0,0,0,1,,,,,,,,,,,,,,,,,,,,,,,,,,,,,,,,,,
"1260-Level Sensing-None-VWD-Hybrid Multisampler-Benchtop",,Agilent_LC,simple,"Default Category/Products",base,"1260 Infinity III Prime LC System-Level Sensing-None-VWD-Hybrid Multisampler-Benchtop","<p data-v-64dfe0b9=""""><strong>Featured documents</strong></p>
<div class=""documents-list d-flex flex-column flex-md-row"" data-v-64dfe0b9="""">
<div class=""document-item rounded d-flex flex-column"" tabindex=""0"" data-v-64dfe0b9=""""><a class=""d-flex"" tabindex=""-1"" href=""https://www.agilent.com/cs/library/brochures/br-infinitylab-analytical-hplc-systems-5994-7151EN-agilent.pdf"" target=""_blank"" rel=""noopener"" data-v-64dfe0b9=""""><span data-v-64dfe0b9="""">Brochure</span></a>
<h4 data-v-64dfe0b9="""">Agilent InfinityLab LC Solutions: HPLC Made for Tomorrow</h4>
</div>
<div class=""document-item rounded d-flex flex-column"" tabindex=""0"" data-v-64dfe0b9=""""><a class=""d-flex"" tabindex=""-1"" href=""https://www.agilent.com/cs/library/applications/application-pesticide-analysis-1260-infinity-II-prime-lc-ultivo-lc-ms-ms-5994-1889en-agilent.pdf"" target=""_blank"" rel=""noopener"" data-v-64dfe0b9=""""><span data-v-64dfe0b9="""">Application note</span></a>
<h4 data-v-64dfe0b9="""">Pesticide Analysis with Agilent 1260 Infinity II Prime LC Ultivo Triple Quad LC/MS</h4>
</div>
</div>","<p class=""product-description"" data-v-64dfe0b9="""">The 1260 Infinity III Prime LC System is an analytical high-performance liquid chromatography (HPLC) system, offering the flexibility of both an HPLC and a UHPLC for columns with sub-2 μm particles. It can operate at high pressures and handle flow rates up to 5 mL/min. This HPLC/UHPLC system gives you the utmost confidence in your HPLC results and can be a front end for your LC/MS system.</p>
<p class=""product-ul"" data-v-64dfe0b9=""""> </p>
<ul class=""product-features list-styled flex-column"" data-v-64dfe0b9="""">
<li data-v-64dfe0b9="""">Automates your daily HPLC tasks, ensuring reliable HPLC results</li>
<li data-v-64dfe0b9="""">Delivers gradient formation/mixing performance equivalent to a binary-like system</li>
<li data-v-64dfe0b9="""">Provides excellent retention time reproducibility, accuracy, and precision</li>
<li data-v-64dfe0b9="""">Offers seamless method transfer with Intelligent System Emulation Technology</li>
<li data-v-64dfe0b9="""">Mediates solvent effects with Feed Injection using a Hybrid Multisampler</li>
</ul>
<p> </p>",790.000000,1,"Taxable Goods","Not Visible Individually",7000.000000,,,,1260-infinity-iii-prime-lc-system-level-sensing-none-vwd-hybrid-multisampler-benchtop,"1260 Infinity III Prime LC System","1260 Infinity III Prime LC System","1260 Infinity III Prime LC System Featured documents

Brochure
Agilent InfinityLab LC Solutions: HPLC Made for Tomorrow

Application note
Pesticide Analysis with Agilent 1260 Infinity II Prime LC Ultivo Triple Quad LC/MS

",,,,,,,,,8/16/26,8/16/26,,,"Block after Info Column",,,,No,,,,,,,"Use config",,"agilent_autosampler=Hybrid Multisampler,agilent_bench_stack_configuration=Benchtop,agilent_detector=VWD,agilent_optional_secondary_detector=None,agilent_solvent_fluid_management=Level Sensing,gift_wrapping_available=Yes",123.0000,0.0000,1,0,0,1,1,1,10000,1,1,1.0000,1,1,1,1,1.0000,1,0,0,0,0,1,,,,,,,,,,,,,,,,,,,,,,,,,,,,,,,,,,
"1260-Level Sensing-None-VWD-Hybrid Multisampler-Stack",,Agilent_LC,simple,"Default Category/Products",base,"1260 Infinity III Prime LC System-Level Sensing-None-VWD-Hybrid Multisampler-Stack","<p data-v-64dfe0b9=""""><strong>Featured documents</strong></p>
<div class=""documents-list d-flex flex-column flex-md-row"" data-v-64dfe0b9="""">
<div class=""document-item rounded d-flex flex-column"" tabindex=""0"" data-v-64dfe0b9=""""><a class=""d-flex"" tabindex=""-1"" href=""https://www.agilent.com/cs/library/brochures/br-infinitylab-analytical-hplc-systems-5994-7151EN-agilent.pdf"" target=""_blank"" rel=""noopener"" data-v-64dfe0b9=""""><span data-v-64dfe0b9="""">Brochure</span></a>
<h4 data-v-64dfe0b9="""">Agilent InfinityLab LC Solutions: HPLC Made for Tomorrow</h4>
</div>
<div class=""document-item rounded d-flex flex-column"" tabindex=""0"" data-v-64dfe0b9=""""><a class=""d-flex"" tabindex=""-1"" href=""https://www.agilent.com/cs/library/applications/application-pesticide-analysis-1260-infinity-II-prime-lc-ultivo-lc-ms-ms-5994-1889en-agilent.pdf"" target=""_blank"" rel=""noopener"" data-v-64dfe0b9=""""><span data-v-64dfe0b9="""">Application note</span></a>
<h4 data-v-64dfe0b9="""">Pesticide Analysis with Agilent 1260 Infinity II Prime LC Ultivo Triple Quad LC/MS</h4>
</div>
</div>","<p class=""product-description"" data-v-64dfe0b9="""">The 1260 Infinity III Prime LC System is an analytical high-performance liquid chromatography (HPLC) system, offering the flexibility of both an HPLC and a UHPLC for columns with sub-2 μm particles. It can operate at high pressures and handle flow rates up to 5 mL/min. This HPLC/UHPLC system gives you the utmost confidence in your HPLC results and can be a front end for your LC/MS system.</p>
<p class=""product-ul"" data-v-64dfe0b9=""""> </p>
<ul class=""product-features list-styled flex-column"" data-v-64dfe0b9="""">
<li data-v-64dfe0b9="""">Automates your daily HPLC tasks, ensuring reliable HPLC results</li>
<li data-v-64dfe0b9="""">Delivers gradient formation/mixing performance equivalent to a binary-like system</li>
<li data-v-64dfe0b9="""">Provides excellent retention time reproducibility, accuracy, and precision</li>
<li data-v-64dfe0b9="""">Offers seamless method transfer with Intelligent System Emulation Technology</li>
<li data-v-64dfe0b9="""">Mediates solvent effects with Feed Injection using a Hybrid Multisampler</li>
</ul>
<p> </p>",790.000000,1,"Taxable Goods","Not Visible Individually",7000.000000,,,,1260-infinity-iii-prime-lc-system-level-sensing-none-vwd-hybrid-multisampler-stack,"1260 Infinity III Prime LC System","1260 Infinity III Prime LC System","1260 Infinity III Prime LC System Featured documents

Brochure
Agilent InfinityLab LC Solutions: HPLC Made for Tomorrow

Application note
Pesticide Analysis with Agilent 1260 Infinity II Prime LC Ultivo Triple Quad LC/MS

",,,,,,,,,8/16/26,8/16/26,,,"Block after Info Column",,,,No,,,,,,,"Use config",,"agilent_autosampler=Hybrid Multisampler,agilent_bench_stack_configuration=Stack,agilent_detector=VWD,agilent_optional_secondary_detector=None,agilent_solvent_fluid_management=Level Sensing,gift_wrapping_available=Yes",123.0000,0.0000,1,0,0,1,1,1,10000,1,1,1.0000,1,1,1,1,1.0000,1,0,0,0,0,1,,,,,,,,,,,,,,,,,,,,,,,,,,,,,,,,,,
"1260-Level Sensing-None-VWD-Vialsampler-Flex",,Agilent_LC,simple,"Default Category/Products",base,"1260 Infinity III Prime LC System-Level Sensing-None-VWD-Vialsampler-Flex","<p data-v-64dfe0b9=""""><strong>Featured documents</strong></p>
<div class=""documents-list d-flex flex-column flex-md-row"" data-v-64dfe0b9="""">
<div class=""document-item rounded d-flex flex-column"" tabindex=""0"" data-v-64dfe0b9=""""><a class=""d-flex"" tabindex=""-1"" href=""https://www.agilent.com/cs/library/brochures/br-infinitylab-analytical-hplc-systems-5994-7151EN-agilent.pdf"" target=""_blank"" rel=""noopener"" data-v-64dfe0b9=""""><span data-v-64dfe0b9="""">Brochure</span></a>
<h4 data-v-64dfe0b9="""">Agilent InfinityLab LC Solutions: HPLC Made for Tomorrow</h4>
</div>
<div class=""document-item rounded d-flex flex-column"" tabindex=""0"" data-v-64dfe0b9=""""><a class=""d-flex"" tabindex=""-1"" href=""https://www.agilent.com/cs/library/applications/application-pesticide-analysis-1260-infinity-II-prime-lc-ultivo-lc-ms-ms-5994-1889en-agilent.pdf"" target=""_blank"" rel=""noopener"" data-v-64dfe0b9=""""><span data-v-64dfe0b9="""">Application note</span></a>
<h4 data-v-64dfe0b9="""">Pesticide Analysis with Agilent 1260 Infinity II Prime LC Ultivo Triple Quad LC/MS</h4>
</div>
</div>","<p class=""product-description"" data-v-64dfe0b9="""">The 1260 Infinity III Prime LC System is an analytical high-performance liquid chromatography (HPLC) system, offering the flexibility of both an HPLC and a UHPLC for columns with sub-2 μm particles. It can operate at high pressures and handle flow rates up to 5 mL/min. This HPLC/UHPLC system gives you the utmost confidence in your HPLC results and can be a front end for your LC/MS system.</p>
<p class=""product-ul"" data-v-64dfe0b9=""""> </p>
<ul class=""product-features list-styled flex-column"" data-v-64dfe0b9="""">
<li data-v-64dfe0b9="""">Automates your daily HPLC tasks, ensuring reliable HPLC results</li>
<li data-v-64dfe0b9="""">Delivers gradient formation/mixing performance equivalent to a binary-like system</li>
<li data-v-64dfe0b9="""">Provides excellent retention time reproducibility, accuracy, and precision</li>
<li data-v-64dfe0b9="""">Offers seamless method transfer with Intelligent System Emulation Technology</li>
<li data-v-64dfe0b9="""">Mediates solvent effects with Feed Injection using a Hybrid Multisampler</li>
</ul>
<p> </p>",790.000000,1,"Taxable Goods","Not Visible Individually",7000.000000,,,,1260-infinity-iii-prime-lc-system-level-sensing-none-vwd-vialsampler-flex,"1260 Infinity III Prime LC System","1260 Infinity III Prime LC System","1260 Infinity III Prime LC System Featured documents

Brochure
Agilent InfinityLab LC Solutions: HPLC Made for Tomorrow

Application note
Pesticide Analysis with Agilent 1260 Infinity II Prime LC Ultivo Triple Quad LC/MS

",,,,,,,,,8/16/26,8/16/26,,,"Block after Info Column",,,,No,,,,,,,"Use config",,"agilent_autosampler=Vialsampler,agilent_bench_stack_configuration=Flex,agilent_detector=VWD,agilent_optional_secondary_detector=None,agilent_solvent_fluid_management=Level Sensing,gift_wrapping_available=Yes",123.0000,0.0000,1,0,0,1,1,1,10000,1,1,1.0000,1,1,1,1,1.0000,1,0,0,0,0,1,,,,,,,,,,,,,,,,,,,,,,,,,,,,,,,,,,
"1260-Level Sensing-None-VWD-Vialsampler-Benchtop",,Agilent_LC,simple,"Default Category/Products",base,"1260 Infinity III Prime LC System-Level Sensing-None-VWD-Vialsampler-Benchtop","<p data-v-64dfe0b9=""""><strong>Featured documents</strong></p>
<div class=""documents-list d-flex flex-column flex-md-row"" data-v-64dfe0b9="""">
<div class=""document-item rounded d-flex flex-column"" tabindex=""0"" data-v-64dfe0b9=""""><a class=""d-flex"" tabindex=""-1"" href=""https://www.agilent.com/cs/library/brochures/br-infinitylab-analytical-hplc-systems-5994-7151EN-agilent.pdf"" target=""_blank"" rel=""noopener"" data-v-64dfe0b9=""""><span data-v-64dfe0b9="""">Brochure</span></a>
<h4 data-v-64dfe0b9="""">Agilent InfinityLab LC Solutions: HPLC Made for Tomorrow</h4>
</div>
<div class=""document-item rounded d-flex flex-column"" tabindex=""0"" data-v-64dfe0b9=""""><a class=""d-flex"" tabindex=""-1"" href=""https://www.agilent.com/cs/library/applications/application-pesticide-analysis-1260-infinity-II-prime-lc-ultivo-lc-ms-ms-5994-1889en-agilent.pdf"" target=""_blank"" rel=""noopener"" data-v-64dfe0b9=""""><span data-v-64dfe0b9="""">Application note</span></a>
<h4 data-v-64dfe0b9="""">Pesticide Analysis with Agilent 1260 Infinity II Prime LC Ultivo Triple Quad LC/MS</h4>
</div>
</div>","<p class=""product-description"" data-v-64dfe0b9="""">The 1260 Infinity III Prime LC System is an analytical high-performance liquid chromatography (HPLC) system, offering the flexibility of both an HPLC and a UHPLC for columns with sub-2 μm particles. It can operate at high pressures and handle flow rates up to 5 mL/min. This HPLC/UHPLC system gives you the utmost confidence in your HPLC results and can be a front end for your LC/MS system.</p>
<p class=""product-ul"" data-v-64dfe0b9=""""> </p>
<ul class=""product-features list-styled flex-column"" data-v-64dfe0b9="""">
<li data-v-64dfe0b9="""">Automates your daily HPLC tasks, ensuring reliable HPLC results</li>
<li data-v-64dfe0b9="""">Delivers gradient formation/mixing performance equivalent to a binary-like system</li>
<li data-v-64dfe0b9="""">Provides excellent retention time reproducibility, accuracy, and precision</li>
<li data-v-64dfe0b9="""">Offers seamless method transfer with Intelligent System Emulation Technology</li>
<li data-v-64dfe0b9="""">Mediates solvent effects with Feed Injection using a Hybrid Multisampler</li>
</ul>
<p> </p>",790.000000,1,"Taxable Goods","Not Visible Individually",7000.000000,,,,1260-infinity-iii-prime-lc-system-level-sensing-none-vwd-vialsampler-benchtop,"1260 Infinity III Prime LC System","1260 Infinity III Prime LC System","1260 Infinity III Prime LC System Featured documents

Brochure
Agilent InfinityLab LC Solutions: HPLC Made for Tomorrow

Application note
Pesticide Analysis with Agilent 1260 Infinity II Prime LC Ultivo Triple Quad LC/MS

",,,,,,,,,8/16/26,8/16/26,,,"Block after Info Column",,,,No,,,,,,,"Use config",,"agilent_autosampler=Vialsampler,agilent_bench_stack_configuration=Benchtop,agilent_detector=VWD,agilent_optional_secondary_detector=None,agilent_solvent_fluid_management=Level Sensing,gift_wrapping_available=Yes",123.0000,0.0000,1,0,0,1,1,1,10000,1,1,1.0000,1,1,1,1,1.0000,1,0,0,0,0,1,,,,,,,,,,,,,,,,,,,,,,,,,,,,,,,,,,
"1260-Level Sensing-None-VWD-Vialsampler-Stack",,Agilent_LC,simple,"Default Category/Products",base,"1260 Infinity III Prime LC System-Level Sensing-None-VWD-Vialsampler-Stack","<p data-v-64dfe0b9=""""><strong>Featured documents</strong></p>
<div class=""documents-list d-flex flex-column flex-md-row"" data-v-64dfe0b9="""">
<div class=""document-item rounded d-flex flex-column"" tabindex=""0"" data-v-64dfe0b9=""""><a class=""d-flex"" tabindex=""-1"" href=""https://www.agilent.com/cs/library/brochures/br-infinitylab-analytical-hplc-systems-5994-7151EN-agilent.pdf"" target=""_blank"" rel=""noopener"" data-v-64dfe0b9=""""><span data-v-64dfe0b9="""">Brochure</span></a>
<h4 data-v-64dfe0b9="""">Agilent InfinityLab LC Solutions: HPLC Made for Tomorrow</h4>
</div>
<div class=""document-item rounded d-flex flex-column"" tabindex=""0"" data-v-64dfe0b9=""""><a class=""d-flex"" tabindex=""-1"" href=""https://www.agilent.com/cs/library/applications/application-pesticide-analysis-1260-infinity-II-prime-lc-ultivo-lc-ms-ms-5994-1889en-agilent.pdf"" target=""_blank"" rel=""noopener"" data-v-64dfe0b9=""""><span data-v-64dfe0b9="""">Application note</span></a>
<h4 data-v-64dfe0b9="""">Pesticide Analysis with Agilent 1260 Infinity II Prime LC Ultivo Triple Quad LC/MS</h4>
</div>
</div>","<p class=""product-description"" data-v-64dfe0b9="""">The 1260 Infinity III Prime LC System is an analytical high-performance liquid chromatography (HPLC) system, offering the flexibility of both an HPLC and a UHPLC for columns with sub-2 μm particles. It can operate at high pressures and handle flow rates up to 5 mL/min. This HPLC/UHPLC system gives you the utmost confidence in your HPLC results and can be a front end for your LC/MS system.</p>
<p class=""product-ul"" data-v-64dfe0b9=""""> </p>
<ul class=""product-features list-styled flex-column"" data-v-64dfe0b9="""">
<li data-v-64dfe0b9="""">Automates your daily HPLC tasks, ensuring reliable HPLC results</li>
<li data-v-64dfe0b9="""">Delivers gradient formation/mixing performance equivalent to a binary-like system</li>
<li data-v-64dfe0b9="""">Provides excellent retention time reproducibility, accuracy, and precision</li>
<li data-v-64dfe0b9="""">Offers seamless method transfer with Intelligent System Emulation Technology</li>
<li data-v-64dfe0b9="""">Mediates solvent effects with Feed Injection using a Hybrid Multisampler</li>
</ul>
<p> </p>",790.000000,1,"Taxable Goods","Not Visible Individually",7000.000000,,,,1260-infinity-iii-prime-lc-system-level-sensing-none-vwd-vialsampler-stack,"1260 Infinity III Prime LC System","1260 Infinity III Prime LC System","1260 Infinity III Prime LC System Featured documents

Brochure
Agilent InfinityLab LC Solutions: HPLC Made for Tomorrow

Application note
Pesticide Analysis with Agilent 1260 Infinity II Prime LC Ultivo Triple Quad LC/MS

",,,,,,,,,8/16/26,8/16/26,,,"Block after Info Column",,,,No,,,,,,,"Use config",,"agilent_autosampler=Vialsampler,agilent_bench_stack_configuration=Stack,agilent_detector=VWD,agilent_optional_secondary_detector=None,agilent_solvent_fluid_management=Level Sensing,gift_wrapping_available=Yes",123.0000,0.0000,1,0,0,1,1,1,10000,1,1,1.0000,1,1,1,1,1.0000,1,0,0,0,0,1,,,,,,,,,,,,,,,,,,,,,,,,,,,,,,,,,,
"1260-Level Sensing-None-FLD-Multisampler-Flex",,Agilent_LC,simple,"Default Category/Products",base,"1260 Infinity III Prime LC System-Level Sensing-None-FLD-Multisampler-Flex","<p data-v-64dfe0b9=""""><strong>Featured documents</strong></p>
<div class=""documents-list d-flex flex-column flex-md-row"" data-v-64dfe0b9="""">
<div class=""document-item rounded d-flex flex-column"" tabindex=""0"" data-v-64dfe0b9=""""><a class=""d-flex"" tabindex=""-1"" href=""https://www.agilent.com/cs/library/brochures/br-infinitylab-analytical-hplc-systems-5994-7151EN-agilent.pdf"" target=""_blank"" rel=""noopener"" data-v-64dfe0b9=""""><span data-v-64dfe0b9="""">Brochure</span></a>
<h4 data-v-64dfe0b9="""">Agilent InfinityLab LC Solutions: HPLC Made for Tomorrow</h4>
</div>
<div class=""document-item rounded d-flex flex-column"" tabindex=""0"" data-v-64dfe0b9=""""><a class=""d-flex"" tabindex=""-1"" href=""https://www.agilent.com/cs/library/applications/application-pesticide-analysis-1260-infinity-II-prime-lc-ultivo-lc-ms-ms-5994-1889en-agilent.pdf"" target=""_blank"" rel=""noopener"" data-v-64dfe0b9=""""><span data-v-64dfe0b9="""">Application note</span></a>
<h4 data-v-64dfe0b9="""">Pesticide Analysis with Agilent 1260 Infinity II Prime LC Ultivo Triple Quad LC/MS</h4>
</div>
</div>","<p class=""product-description"" data-v-64dfe0b9="""">The 1260 Infinity III Prime LC System is an analytical high-performance liquid chromatography (HPLC) system, offering the flexibility of both an HPLC and a UHPLC for columns with sub-2 μm particles. It can operate at high pressures and handle flow rates up to 5 mL/min. This HPLC/UHPLC system gives you the utmost confidence in your HPLC results and can be a front end for your LC/MS system.</p>
<p class=""product-ul"" data-v-64dfe0b9=""""> </p>
<ul class=""product-features list-styled flex-column"" data-v-64dfe0b9="""">
<li data-v-64dfe0b9="""">Automates your daily HPLC tasks, ensuring reliable HPLC results</li>
<li data-v-64dfe0b9="""">Delivers gradient formation/mixing performance equivalent to a binary-like system</li>
<li data-v-64dfe0b9="""">Provides excellent retention time reproducibility, accuracy, and precision</li>
<li data-v-64dfe0b9="""">Offers seamless method transfer with Intelligent System Emulation Technology</li>
<li data-v-64dfe0b9="""">Mediates solvent effects with Feed Injection using a Hybrid Multisampler</li>
</ul>
<p> </p>",790.000000,1,"Taxable Goods","Not Visible Individually",7000.000000,,,,1260-infinity-iii-prime-lc-system-level-sensing-none-fld-multisampler-flex,"1260 Infinity III Prime LC System","1260 Infinity III Prime LC System","1260 Infinity III Prime LC System Featured documents

Brochure
Agilent InfinityLab LC Solutions: HPLC Made for Tomorrow

Application note
Pesticide Analysis with Agilent 1260 Infinity II Prime LC Ultivo Triple Quad LC/MS

",,,,,,,,,8/16/26,8/16/26,,,"Block after Info Column",,,,No,,,,,,,"Use config",,"agilent_autosampler=Multisampler,agilent_bench_stack_configuration=Flex,agilent_detector=FLD,agilent_optional_secondary_detector=None,agilent_solvent_fluid_management=Level Sensing,gift_wrapping_available=Yes",123.0000,0.0000,1,0,0,1,1,1,10000,1,1,1.0000,1,1,1,1,1.0000,1,0,0,0,0,1,,,,,,,,,,,,,,,,,,,,,,,,,,,,,,,,,,
"1260-Level Sensing-None-FLD-Multisampler-Benchtop",,Agilent_LC,simple,"Default Category/Products",base,"1260 Infinity III Prime LC System-Level Sensing-None-FLD-Multisampler-Benchtop","<p data-v-64dfe0b9=""""><strong>Featured documents</strong></p>
<div class=""documents-list d-flex flex-column flex-md-row"" data-v-64dfe0b9="""">
<div class=""document-item rounded d-flex flex-column"" tabindex=""0"" data-v-64dfe0b9=""""><a class=""d-flex"" tabindex=""-1"" href=""https://www.agilent.com/cs/library/brochures/br-infinitylab-analytical-hplc-systems-5994-7151EN-agilent.pdf"" target=""_blank"" rel=""noopener"" data-v-64dfe0b9=""""><span data-v-64dfe0b9="""">Brochure</span></a>
<h4 data-v-64dfe0b9="""">Agilent InfinityLab LC Solutions: HPLC Made for Tomorrow</h4>
</div>
<div class=""document-item rounded d-flex flex-column"" tabindex=""0"" data-v-64dfe0b9=""""><a class=""d-flex"" tabindex=""-1"" href=""https://www.agilent.com/cs/library/applications/application-pesticide-analysis-1260-infinity-II-prime-lc-ultivo-lc-ms-ms-5994-1889en-agilent.pdf"" target=""_blank"" rel=""noopener"" data-v-64dfe0b9=""""><span data-v-64dfe0b9="""">Application note</span></a>
<h4 data-v-64dfe0b9="""">Pesticide Analysis with Agilent 1260 Infinity II Prime LC Ultivo Triple Quad LC/MS</h4>
</div>
</div>","<p class=""product-description"" data-v-64dfe0b9="""">The 1260 Infinity III Prime LC System is an analytical high-performance liquid chromatography (HPLC) system, offering the flexibility of both an HPLC and a UHPLC for columns with sub-2 μm particles. It can operate at high pressures and handle flow rates up to 5 mL/min. This HPLC/UHPLC system gives you the utmost confidence in your HPLC results and can be a front end for your LC/MS system.</p>
<p class=""product-ul"" data-v-64dfe0b9=""""> </p>
<ul class=""product-features list-styled flex-column"" data-v-64dfe0b9="""">
<li data-v-64dfe0b9="""">Automates your daily HPLC tasks, ensuring reliable HPLC results</li>
<li data-v-64dfe0b9="""">Delivers gradient formation/mixing performance equivalent to a binary-like system</li>
<li data-v-64dfe0b9="""">Provides excellent retention time reproducibility, accuracy, and precision</li>
<li data-v-64dfe0b9="""">Offers seamless method transfer with Intelligent System Emulation Technology</li>
<li data-v-64dfe0b9="""">Mediates solvent effects with Feed Injection using a Hybrid Multisampler</li>
</ul>
<p> </p>",790.000000,1,"Taxable Goods","Not Visible Individually",7000.000000,,,,1260-infinity-iii-prime-lc-system-level-sensing-none-fld-multisampler-benchtop,"1260 Infinity III Prime LC System","1260 Infinity III Prime LC System","1260 Infinity III Prime LC System Featured documents

Brochure
Agilent InfinityLab LC Solutions: HPLC Made for Tomorrow

Application note
Pesticide Analysis with Agilent 1260 Infinity II Prime LC Ultivo Triple Quad LC/MS

",,,,,,,,,8/16/26,8/16/26,,,"Block after Info Column",,,,No,,,,,,,"Use config",,"agilent_autosampler=Multisampler,agilent_bench_stack_configuration=Benchtop,agilent_detector=FLD,agilent_optional_secondary_detector=None,agilent_solvent_fluid_management=Level Sensing,gift_wrapping_available=Yes",123.0000,0.0000,1,0,0,1,1,1,10000,1,1,1.0000,1,1,1,1,1.0000,1,0,0,0,0,1,,,,,,,,,,,,,,,,,,,,,,,,,,,,,,,,,,
"1260-Level Sensing-None-FLD-Multisampler-Stack",,Agilent_LC,simple,"Default Category/Products",base,"1260 Infinity III Prime LC System-Level Sensing-None-FLD-Multisampler-Stack","<p data-v-64dfe0b9=""""><strong>Featured documents</strong></p>
<div class=""documents-list d-flex flex-column flex-md-row"" data-v-64dfe0b9="""">
<div class=""document-item rounded d-flex flex-column"" tabindex=""0"" data-v-64dfe0b9=""""><a class=""d-flex"" tabindex=""-1"" href=""https://www.agilent.com/cs/library/brochures/br-infinitylab-analytical-hplc-systems-5994-7151EN-agilent.pdf"" target=""_blank"" rel=""noopener"" data-v-64dfe0b9=""""><span data-v-64dfe0b9="""">Brochure</span></a>
<h4 data-v-64dfe0b9="""">Agilent InfinityLab LC Solutions: HPLC Made for Tomorrow</h4>
</div>
<div class=""document-item rounded d-flex flex-column"" tabindex=""0"" data-v-64dfe0b9=""""><a class=""d-flex"" tabindex=""-1"" href=""https://www.agilent.com/cs/library/applications/application-pesticide-analysis-1260-infinity-II-prime-lc-ultivo-lc-ms-ms-5994-1889en-agilent.pdf"" target=""_blank"" rel=""noopener"" data-v-64dfe0b9=""""><span data-v-64dfe0b9="""">Application note</span></a>
<h4 data-v-64dfe0b9="""">Pesticide Analysis with Agilent 1260 Infinity II Prime LC Ultivo Triple Quad LC/MS</h4>
</div>
</div>","<p class=""product-description"" data-v-64dfe0b9="""">The 1260 Infinity III Prime LC System is an analytical high-performance liquid chromatography (HPLC) system, offering the flexibility of both an HPLC and a UHPLC for columns with sub-2 μm particles. It can operate at high pressures and handle flow rates up to 5 mL/min. This HPLC/UHPLC system gives you the utmost confidence in your HPLC results and can be a front end for your LC/MS system.</p>
<p class=""product-ul"" data-v-64dfe0b9=""""> </p>
<ul class=""product-features list-styled flex-column"" data-v-64dfe0b9="""">
<li data-v-64dfe0b9="""">Automates your daily HPLC tasks, ensuring reliable HPLC results</li>
<li data-v-64dfe0b9="""">Delivers gradient formation/mixing performance equivalent to a binary-like system</li>
<li data-v-64dfe0b9="""">Provides excellent retention time reproducibility, accuracy, and precision</li>
<li data-v-64dfe0b9="""">Offers seamless method transfer with Intelligent System Emulation Technology</li>
<li data-v-64dfe0b9="""">Mediates solvent effects with Feed Injection using a Hybrid Multisampler</li>
</ul>
<p> </p>",790.000000,1,"Taxable Goods","Not Visible Individually",7000.000000,,,,1260-infinity-iii-prime-lc-system-level-sensing-none-fld-multisampler-stack,"1260 Infinity III Prime LC System","1260 Infinity III Prime LC System","1260 Infinity III Prime LC System Featured documents

Brochure
Agilent InfinityLab LC Solutions: HPLC Made for Tomorrow

Application note
Pesticide Analysis with Agilent 1260 Infinity II Prime LC Ultivo Triple Quad LC/MS

",,,,,,,,,8/16/26,8/16/26,,,"Block after Info Column",,,,No,,,,,,,"Use config",,"agilent_autosampler=Multisampler,agilent_bench_stack_configuration=Stack,agilent_detector=FLD,agilent_optional_secondary_detector=None,agilent_solvent_fluid_management=Level Sensing,gift_wrapping_available=Yes",123.0000,0.0000,1,0,0,1,1,1,10000,1,1,1.0000,1,1,1,1,1.0000,1,0,0,0,0,1,,,,,,,,,,,,,,,,,,,,,,,,,,,,,,,,,,
"1260-Level Sensing-None-FLD-Hybrid Multisampler-Flex",,Agilent_LC,simple,"Default Category/Products",base,"1260 Infinity III Prime LC System-Level Sensing-None-FLD-Hybrid Multisampler-Flex","<p data-v-64dfe0b9=""""><strong>Featured documents</strong></p>
<div class=""documents-list d-flex flex-column flex-md-row"" data-v-64dfe0b9="""">
<div class=""document-item rounded d-flex flex-column"" tabindex=""0"" data-v-64dfe0b9=""""><a class=""d-flex"" tabindex=""-1"" href=""https://www.agilent.com/cs/library/brochures/br-infinitylab-analytical-hplc-systems-5994-7151EN-agilent.pdf"" target=""_blank"" rel=""noopener"" data-v-64dfe0b9=""""><span data-v-64dfe0b9="""">Brochure</span></a>
<h4 data-v-64dfe0b9="""">Agilent InfinityLab LC Solutions: HPLC Made for Tomorrow</h4>
</div>
<div class=""document-item rounded d-flex flex-column"" tabindex=""0"" data-v-64dfe0b9=""""><a class=""d-flex"" tabindex=""-1"" href=""https://www.agilent.com/cs/library/applications/application-pesticide-analysis-1260-infinity-II-prime-lc-ultivo-lc-ms-ms-5994-1889en-agilent.pdf"" target=""_blank"" rel=""noopener"" data-v-64dfe0b9=""""><span data-v-64dfe0b9="""">Application note</span></a>
<h4 data-v-64dfe0b9="""">Pesticide Analysis with Agilent 1260 Infinity II Prime LC Ultivo Triple Quad LC/MS</h4>
</div>
</div>","<p class=""product-description"" data-v-64dfe0b9="""">The 1260 Infinity III Prime LC System is an analytical high-performance liquid chromatography (HPLC) system, offering the flexibility of both an HPLC and a UHPLC for columns with sub-2 μm particles. It can operate at high pressures and handle flow rates up to 5 mL/min. This HPLC/UHPLC system gives you the utmost confidence in your HPLC results and can be a front end for your LC/MS system.</p>
<p class=""product-ul"" data-v-64dfe0b9=""""> </p>
<ul class=""product-features list-styled flex-column"" data-v-64dfe0b9="""">
<li data-v-64dfe0b9="""">Automates your daily HPLC tasks, ensuring reliable HPLC results</li>
<li data-v-64dfe0b9="""">Delivers gradient formation/mixing performance equivalent to a binary-like system</li>
<li data-v-64dfe0b9="""">Provides excellent retention time reproducibility, accuracy, and precision</li>
<li data-v-64dfe0b9="""">Offers seamless method transfer with Intelligent System Emulation Technology</li>
<li data-v-64dfe0b9="""">Mediates solvent effects with Feed Injection using a Hybrid Multisampler</li>
</ul>
<p> </p>",790.000000,1,"Taxable Goods","Not Visible Individually",7000.000000,,,,1260-infinity-iii-prime-lc-system-level-sensing-none-fld-hybrid-multisampler-flex,"1260 Infinity III Prime LC System","1260 Infinity III Prime LC System","1260 Infinity III Prime LC System Featured documents

Brochure
Agilent InfinityLab LC Solutions: HPLC Made for Tomorrow

Application note
Pesticide Analysis with Agilent 1260 Infinity II Prime LC Ultivo Triple Quad LC/MS

",,,,,,,,,8/16/26,8/16/26,,,"Block after Info Column",,,,No,,,,,,,"Use config",,"agilent_autosampler=Hybrid Multisampler,agilent_bench_stack_configuration=Flex,agilent_detector=FLD,agilent_optional_secondary_detector=None,agilent_solvent_fluid_management=Level Sensing,gift_wrapping_available=Yes",123.0000,0.0000,1,0,0,1,1,1,10000,1,1,1.0000,1,1,1,1,1.0000,1,0,0,0,0,1,,,,,,,,,,,,,,,,,,,,,,,,,,,,,,,,,,
"1260-Level Sensing-None-FLD-Hybrid Multisampler-Benchtop",,Agilent_LC,simple,"Default Category/Products",base,"1260 Infinity III Prime LC System-Level Sensing-None-FLD-Hybrid Multisampler-Benchtop","<p data-v-64dfe0b9=""""><strong>Featured documents</strong></p>
<div class=""documents-list d-flex flex-column flex-md-row"" data-v-64dfe0b9="""">
<div class=""document-item rounded d-flex flex-column"" tabindex=""0"" data-v-64dfe0b9=""""><a class=""d-flex"" tabindex=""-1"" href=""https://www.agilent.com/cs/library/brochures/br-infinitylab-analytical-hplc-systems-5994-7151EN-agilent.pdf"" target=""_blank"" rel=""noopener"" data-v-64dfe0b9=""""><span data-v-64dfe0b9="""">Brochure</span></a>
<h4 data-v-64dfe0b9="""">Agilent InfinityLab LC Solutions: HPLC Made for Tomorrow</h4>
</div>
<div class=""document-item rounded d-flex flex-column"" tabindex=""0"" data-v-64dfe0b9=""""><a class=""d-flex"" tabindex=""-1"" href=""https://www.agilent.com/cs/library/applications/application-pesticide-analysis-1260-infinity-II-prime-lc-ultivo-lc-ms-ms-5994-1889en-agilent.pdf"" target=""_blank"" rel=""noopener"" data-v-64dfe0b9=""""><span data-v-64dfe0b9="""">Application note</span></a>
<h4 data-v-64dfe0b9="""">Pesticide Analysis with Agilent 1260 Infinity II Prime LC Ultivo Triple Quad LC/MS</h4>
</div>
</div>","<p class=""product-description"" data-v-64dfe0b9="""">The 1260 Infinity III Prime LC System is an analytical high-performance liquid chromatography (HPLC) system, offering the flexibility of both an HPLC and a UHPLC for columns with sub-2 μm particles. It can operate at high pressures and handle flow rates up to 5 mL/min. This HPLC/UHPLC system gives you the utmost confidence in your HPLC results and can be a front end for your LC/MS system.</p>
<p class=""product-ul"" data-v-64dfe0b9=""""> </p>
<ul class=""product-features list-styled flex-column"" data-v-64dfe0b9="""">
<li data-v-64dfe0b9="""">Automates your daily HPLC tasks, ensuring reliable HPLC results</li>
<li data-v-64dfe0b9="""">Delivers gradient formation/mixing performance equivalent to a binary-like system</li>
<li data-v-64dfe0b9="""">Provides excellent retention time reproducibility, accuracy, and precision</li>
<li data-v-64dfe0b9="""">Offers seamless method transfer with Intelligent System Emulation Technology</li>
<li data-v-64dfe0b9="""">Mediates solvent effects with Feed Injection using a Hybrid Multisampler</li>
</ul>
<p> </p>",790.000000,1,"Taxable Goods","Not Visible Individually",7000.000000,,,,1260-infinity-iii-prime-lc-system-level-sensing-none-fld-hybrid-multisampler-benchtop,"1260 Infinity III Prime LC System","1260 Infinity III Prime LC System","1260 Infinity III Prime LC System Featured documents

Brochure
Agilent InfinityLab LC Solutions: HPLC Made for Tomorrow

Application note
Pesticide Analysis with Agilent 1260 Infinity II Prime LC Ultivo Triple Quad LC/MS

",,,,,,,,,8/16/26,8/16/26,,,"Block after Info Column",,,,No,,,,,,,"Use config",,"agilent_autosampler=Hybrid Multisampler,agilent_bench_stack_configuration=Benchtop,agilent_detector=FLD,agilent_optional_secondary_detector=None,agilent_solvent_fluid_management=Level Sensing,gift_wrapping_available=Yes",123.0000,0.0000,1,0,0,1,1,1,10000,1,1,1.0000,1,1,1,1,1.0000,1,0,0,0,0,1,,,,,,,,,,,,,,,,,,,,,,,,,,,,,,,,,,
"1260-Level Sensing-None-FLD-Hybrid Multisampler-Stack",,Agilent_LC,simple,"Default Category/Products",base,"1260 Infinity III Prime LC System-Level Sensing-None-FLD-Hybrid Multisampler-Stack","<p data-v-64dfe0b9=""""><strong>Featured documents</strong></p>
<div class=""documents-list d-flex flex-column flex-md-row"" data-v-64dfe0b9="""">
<div class=""document-item rounded d-flex flex-column"" tabindex=""0"" data-v-64dfe0b9=""""><a class=""d-flex"" tabindex=""-1"" href=""https://www.agilent.com/cs/library/brochures/br-infinitylab-analytical-hplc-systems-5994-7151EN-agilent.pdf"" target=""_blank"" rel=""noopener"" data-v-64dfe0b9=""""><span data-v-64dfe0b9="""">Brochure</span></a>
<h4 data-v-64dfe0b9="""">Agilent InfinityLab LC Solutions: HPLC Made for Tomorrow</h4>
</div>
<div class=""document-item rounded d-flex flex-column"" tabindex=""0"" data-v-64dfe0b9=""""><a class=""d-flex"" tabindex=""-1"" href=""https://www.agilent.com/cs/library/applications/application-pesticide-analysis-1260-infinity-II-prime-lc-ultivo-lc-ms-ms-5994-1889en-agilent.pdf"" target=""_blank"" rel=""noopener"" data-v-64dfe0b9=""""><span data-v-64dfe0b9="""">Application note</span></a>
<h4 data-v-64dfe0b9="""">Pesticide Analysis with Agilent 1260 Infinity II Prime LC Ultivo Triple Quad LC/MS</h4>
</div>
</div>","<p class=""product-description"" data-v-64dfe0b9="""">The 1260 Infinity III Prime LC System is an analytical high-performance liquid chromatography (HPLC) system, offering the flexibility of both an HPLC and a UHPLC for columns with sub-2 μm particles. It can operate at high pressures and handle flow rates up to 5 mL/min. This HPLC/UHPLC system gives you the utmost confidence in your HPLC results and can be a front end for your LC/MS system.</p>
<p class=""product-ul"" data-v-64dfe0b9=""""> </p>
<ul class=""product-features list-styled flex-column"" data-v-64dfe0b9="""">
<li data-v-64dfe0b9="""">Automates your daily HPLC tasks, ensuring reliable HPLC results</li>
<li data-v-64dfe0b9="""">Delivers gradient formation/mixing performance equivalent to a binary-like system</li>
<li data-v-64dfe0b9="""">Provides excellent retention time reproducibility, accuracy, and precision</li>
<li data-v-64dfe0b9="""">Offers seamless method transfer with Intelligent System Emulation Technology</li>
<li data-v-64dfe0b9="""">Mediates solvent effects with Feed Injection using a Hybrid Multisampler</li>
</ul>
<p> </p>",790.000000,1,"Taxable Goods","Not Visible Individually",7000.000000,,,,1260-infinity-iii-prime-lc-system-level-sensing-none-fld-hybrid-multisampler-stack,"1260 Infinity III Prime LC System","1260 Infinity III Prime LC System","1260 Infinity III Prime LC System Featured documents

Brochure
Agilent InfinityLab LC Solutions: HPLC Made for Tomorrow

Application note
Pesticide Analysis with Agilent 1260 Infinity II Prime LC Ultivo Triple Quad LC/MS

",,,,,,,,,8/16/26,8/16/26,,,"Block after Info Column",,,,No,,,,,,,"Use config",,"agilent_autosampler=Hybrid Multisampler,agilent_bench_stack_configuration=Stack,agilent_detector=FLD,agilent_optional_secondary_detector=None,agilent_solvent_fluid_management=Level Sensing,gift_wrapping_available=Yes",123.0000,0.0000,1,0,0,1,1,1,10000,1,1,1.0000,1,1,1,1,1.0000,1,0,0,0,0,1,,,,,,,,,,,,,,,,,,,,,,,,,,,,,,,,,,
"1260-Level Sensing-None-FLD-Vialsampler-Flex",,Agilent_LC,simple,"Default Category/Products",base,"1260 Infinity III Prime LC System-Level Sensing-None-FLD-Vialsampler-Flex","<p data-v-64dfe0b9=""""><strong>Featured documents</strong></p>
<div class=""documents-list d-flex flex-column flex-md-row"" data-v-64dfe0b9="""">
<div class=""document-item rounded d-flex flex-column"" tabindex=""0"" data-v-64dfe0b9=""""><a class=""d-flex"" tabindex=""-1"" href=""https://www.agilent.com/cs/library/brochures/br-infinitylab-analytical-hplc-systems-5994-7151EN-agilent.pdf"" target=""_blank"" rel=""noopener"" data-v-64dfe0b9=""""><span data-v-64dfe0b9="""">Brochure</span></a>
<h4 data-v-64dfe0b9="""">Agilent InfinityLab LC Solutions: HPLC Made for Tomorrow</h4>
</div>
<div class=""document-item rounded d-flex flex-column"" tabindex=""0"" data-v-64dfe0b9=""""><a class=""d-flex"" tabindex=""-1"" href=""https://www.agilent.com/cs/library/applications/application-pesticide-analysis-1260-infinity-II-prime-lc-ultivo-lc-ms-ms-5994-1889en-agilent.pdf"" target=""_blank"" rel=""noopener"" data-v-64dfe0b9=""""><span data-v-64dfe0b9="""">Application note</span></a>
<h4 data-v-64dfe0b9="""">Pesticide Analysis with Agilent 1260 Infinity II Prime LC Ultivo Triple Quad LC/MS</h4>
</div>
</div>","<p class=""product-description"" data-v-64dfe0b9="""">The 1260 Infinity III Prime LC System is an analytical high-performance liquid chromatography (HPLC) system, offering the flexibility of both an HPLC and a UHPLC for columns with sub-2 μm particles. It can operate at high pressures and handle flow rates up to 5 mL/min. This HPLC/UHPLC system gives you the utmost confidence in your HPLC results and can be a front end for your LC/MS system.</p>
<p class=""product-ul"" data-v-64dfe0b9=""""> </p>
<ul class=""product-features list-styled flex-column"" data-v-64dfe0b9="""">
<li data-v-64dfe0b9="""">Automates your daily HPLC tasks, ensuring reliable HPLC results</li>
<li data-v-64dfe0b9="""">Delivers gradient formation/mixing performance equivalent to a binary-like system</li>
<li data-v-64dfe0b9="""">Provides excellent retention time reproducibility, accuracy, and precision</li>
<li data-v-64dfe0b9="""">Offers seamless method transfer with Intelligent System Emulation Technology</li>
<li data-v-64dfe0b9="""">Mediates solvent effects with Feed Injection using a Hybrid Multisampler</li>
</ul>
<p> </p>",790.000000,1,"Taxable Goods","Not Visible Individually",7000.000000,,,,1260-infinity-iii-prime-lc-system-level-sensing-none-fld-vialsampler-flex,"1260 Infinity III Prime LC System","1260 Infinity III Prime LC System","1260 Infinity III Prime LC System Featured documents

Brochure
Agilent InfinityLab LC Solutions: HPLC Made for Tomorrow

Application note
Pesticide Analysis with Agilent 1260 Infinity II Prime LC Ultivo Triple Quad LC/MS

",,,,,,,,,8/16/26,8/16/26,,,"Block after Info Column",,,,No,,,,,,,"Use config",,"agilent_autosampler=Vialsampler,agilent_bench_stack_configuration=Flex,agilent_detector=FLD,agilent_optional_secondary_detector=None,agilent_solvent_fluid_management=Level Sensing,gift_wrapping_available=Yes",123.0000,0.0000,1,0,0,1,1,1,10000,1,1,1.0000,1,1,1,1,1.0000,1,0,0,0,0,1,,,,,,,,,,,,,,,,,,,,,,,,,,,,,,,,,,
"1260-Level Sensing-None-FLD-Vialsampler-Benchtop",,Agilent_LC,simple,"Default Category/Products",base,"1260 Infinity III Prime LC System-Level Sensing-None-FLD-Vialsampler-Benchtop","<p data-v-64dfe0b9=""""><strong>Featured documents</strong></p>
<div class=""documents-list d-flex flex-column flex-md-row"" data-v-64dfe0b9="""">
<div class=""document-item rounded d-flex flex-column"" tabindex=""0"" data-v-64dfe0b9=""""><a class=""d-flex"" tabindex=""-1"" href=""https://www.agilent.com/cs/library/brochures/br-infinitylab-analytical-hplc-systems-5994-7151EN-agilent.pdf"" target=""_blank"" rel=""noopener"" data-v-64dfe0b9=""""><span data-v-64dfe0b9="""">Brochure</span></a>
<h4 data-v-64dfe0b9="""">Agilent InfinityLab LC Solutions: HPLC Made for Tomorrow</h4>
</div>
<div class=""document-item rounded d-flex flex-column"" tabindex=""0"" data-v-64dfe0b9=""""><a class=""d-flex"" tabindex=""-1"" href=""https://www.agilent.com/cs/library/applications/application-pesticide-analysis-1260-infinity-II-prime-lc-ultivo-lc-ms-ms-5994-1889en-agilent.pdf"" target=""_blank"" rel=""noopener"" data-v-64dfe0b9=""""><span data-v-64dfe0b9="""">Application note</span></a>
<h4 data-v-64dfe0b9="""">Pesticide Analysis with Agilent 1260 Infinity II Prime LC Ultivo Triple Quad LC/MS</h4>
</div>
</div>","<p class=""product-description"" data-v-64dfe0b9="""">The 1260 Infinity III Prime LC System is an analytical high-performance liquid chromatography (HPLC) system, offering the flexibility of both an HPLC and a UHPLC for columns with sub-2 μm particles. It can operate at high pressures and handle flow rates up to 5 mL/min. This HPLC/UHPLC system gives you the utmost confidence in your HPLC results and can be a front end for your LC/MS system.</p>
<p class=""product-ul"" data-v-64dfe0b9=""""> </p>
<ul class=""product-features list-styled flex-column"" data-v-64dfe0b9="""">
<li data-v-64dfe0b9="""">Automates your daily HPLC tasks, ensuring reliable HPLC results</li>
<li data-v-64dfe0b9="""">Delivers gradient formation/mixing performance equivalent to a binary-like system</li>
<li data-v-64dfe0b9="""">Provides excellent retention time reproducibility, accuracy, and precision</li>
<li data-v-64dfe0b9="""">Offers seamless method transfer with Intelligent System Emulation Technology</li>
<li data-v-64dfe0b9="""">Mediates solvent effects with Feed Injection using a Hybrid Multisampler</li>
</ul>
<p> </p>",790.000000,1,"Taxable Goods","Not Visible Individually",7000.000000,,,,1260-infinity-iii-prime-lc-system-level-sensing-none-fld-vialsampler-benchtop,"1260 Infinity III Prime LC System","1260 Infinity III Prime LC System","1260 Infinity III Prime LC System Featured documents

Brochure
Agilent InfinityLab LC Solutions: HPLC Made for Tomorrow

Application note
Pesticide Analysis with Agilent 1260 Infinity II Prime LC Ultivo Triple Quad LC/MS

",,,,,,,,,8/16/26,8/16/26,,,"Block after Info Column",,,,No,,,,,,,"Use config",,"agilent_autosampler=Vialsampler,agilent_bench_stack_configuration=Benchtop,agilent_detector=FLD,agilent_optional_secondary_detector=None,agilent_solvent_fluid_management=Level Sensing,gift_wrapping_available=Yes",123.0000,0.0000,1,0,0,1,1,1,10000,1,1,1.0000,1,1,1,1,1.0000,1,0,0,0,0,1,,,,,,,,,,,,,,,,,,,,,,,,,,,,,,,,,,
"1260-Level Sensing-None-FLD-Vialsampler-Stack",,Agilent_LC,simple,"Default Category/Products",base,"1260 Infinity III Prime LC System-Level Sensing-None-FLD-Vialsampler-Stack","<p data-v-64dfe0b9=""""><strong>Featured documents</strong></p>
<div class=""documents-list d-flex flex-column flex-md-row"" data-v-64dfe0b9="""">
<div class=""document-item rounded d-flex flex-column"" tabindex=""0"" data-v-64dfe0b9=""""><a class=""d-flex"" tabindex=""-1"" href=""https://www.agilent.com/cs/library/brochures/br-infinitylab-analytical-hplc-systems-5994-7151EN-agilent.pdf"" target=""_blank"" rel=""noopener"" data-v-64dfe0b9=""""><span data-v-64dfe0b9="""">Brochure</span></a>
<h4 data-v-64dfe0b9="""">Agilent InfinityLab LC Solutions: HPLC Made for Tomorrow</h4>
</div>
<div class=""document-item rounded d-flex flex-column"" tabindex=""0"" data-v-64dfe0b9=""""><a class=""d-flex"" tabindex=""-1"" href=""https://www.agilent.com/cs/library/applications/application-pesticide-analysis-1260-infinity-II-prime-lc-ultivo-lc-ms-ms-5994-1889en-agilent.pdf"" target=""_blank"" rel=""noopener"" data-v-64dfe0b9=""""><span data-v-64dfe0b9="""">Application note</span></a>
<h4 data-v-64dfe0b9="""">Pesticide Analysis with Agilent 1260 Infinity II Prime LC Ultivo Triple Quad LC/MS</h4>
</div>
</div>","<p class=""product-description"" data-v-64dfe0b9="""">The 1260 Infinity III Prime LC System is an analytical high-performance liquid chromatography (HPLC) system, offering the flexibility of both an HPLC and a UHPLC for columns with sub-2 μm particles. It can operate at high pressures and handle flow rates up to 5 mL/min. This HPLC/UHPLC system gives you the utmost confidence in your HPLC results and can be a front end for your LC/MS system.</p>
<p class=""product-ul"" data-v-64dfe0b9=""""> </p>
<ul class=""product-features list-styled flex-column"" data-v-64dfe0b9="""">
<li data-v-64dfe0b9="""">Automates your daily HPLC tasks, ensuring reliable HPLC results</li>
<li data-v-64dfe0b9="""">Delivers gradient formation/mixing performance equivalent to a binary-like system</li>
<li data-v-64dfe0b9="""">Provides excellent retention time reproducibility, accuracy, and precision</li>
<li data-v-64dfe0b9="""">Offers seamless method transfer with Intelligent System Emulation Technology</li>
<li data-v-64dfe0b9="""">Mediates solvent effects with Feed Injection using a Hybrid Multisampler</li>
</ul>
<p> </p>",790.000000,1,"Taxable Goods","Not Visible Individually",7000.000000,,,,1260-infinity-iii-prime-lc-system-level-sensing-none-fld-vialsampler-stack,"1260 Infinity III Prime LC System","1260 Infinity III Prime LC System","1260 Infinity III Prime LC System Featured documents

Brochure
Agilent InfinityLab LC Solutions: HPLC Made for Tomorrow

Application note
Pesticide Analysis with Agilent 1260 Infinity II Prime LC Ultivo Triple Quad LC/MS

",,,,,,,,,8/16/26,8/16/26,,,"Block after Info Column",,,,No,,,,,,,"Use config",,"agilent_autosampler=Vialsampler,agilent_bench_stack_configuration=Stack,agilent_detector=FLD,agilent_optional_secondary_detector=None,agilent_solvent_fluid_management=Level Sensing,gift_wrapping_available=Yes",123.0000,0.0000,1,0,0,1,1,1,10000,1,1,1.0000,1,1,1,1,1.0000,1,0,0,0,0,1,,,,,,,,,,,,,,,,,,,,,,,,,,,,,,,,,,
"1260-Level Sensing-None-RID-Multisampler-Flex",,Agilent_LC,simple,"Default Category/Products",base,"1260 Infinity III Prime LC System-Level Sensing-None-RID-Multisampler-Flex","<p data-v-64dfe0b9=""""><strong>Featured documents</strong></p>
<div class=""documents-list d-flex flex-column flex-md-row"" data-v-64dfe0b9="""">
<div class=""document-item rounded d-flex flex-column"" tabindex=""0"" data-v-64dfe0b9=""""><a class=""d-flex"" tabindex=""-1"" href=""https://www.agilent.com/cs/library/brochures/br-infinitylab-analytical-hplc-systems-5994-7151EN-agilent.pdf"" target=""_blank"" rel=""noopener"" data-v-64dfe0b9=""""><span data-v-64dfe0b9="""">Brochure</span></a>
<h4 data-v-64dfe0b9="""">Agilent InfinityLab LC Solutions: HPLC Made for Tomorrow</h4>
</div>
<div class=""document-item rounded d-flex flex-column"" tabindex=""0"" data-v-64dfe0b9=""""><a class=""d-flex"" tabindex=""-1"" href=""https://www.agilent.com/cs/library/applications/application-pesticide-analysis-1260-infinity-II-prime-lc-ultivo-lc-ms-ms-5994-1889en-agilent.pdf"" target=""_blank"" rel=""noopener"" data-v-64dfe0b9=""""><span data-v-64dfe0b9="""">Application note</span></a>
<h4 data-v-64dfe0b9="""">Pesticide Analysis with Agilent 1260 Infinity II Prime LC Ultivo Triple Quad LC/MS</h4>
</div>
</div>","<p class=""product-description"" data-v-64dfe0b9="""">The 1260 Infinity III Prime LC System is an analytical high-performance liquid chromatography (HPLC) system, offering the flexibility of both an HPLC and a UHPLC for columns with sub-2 μm particles. It can operate at high pressures and handle flow rates up to 5 mL/min. This HPLC/UHPLC system gives you the utmost confidence in your HPLC results and can be a front end for your LC/MS system.</p>
<p class=""product-ul"" data-v-64dfe0b9=""""> </p>
<ul class=""product-features list-styled flex-column"" data-v-64dfe0b9="""">
<li data-v-64dfe0b9="""">Automates your daily HPLC tasks, ensuring reliable HPLC results</li>
<li data-v-64dfe0b9="""">Delivers gradient formation/mixing performance equivalent to a binary-like system</li>
<li data-v-64dfe0b9="""">Provides excellent retention time reproducibility, accuracy, and precision</li>
<li data-v-64dfe0b9="""">Offers seamless method transfer with Intelligent System Emulation Technology</li>
<li data-v-64dfe0b9="""">Mediates solvent effects with Feed Injection using a Hybrid Multisampler</li>
</ul>
<p> </p>",790.000000,1,"Taxable Goods","Not Visible Individually",7000.000000,,,,1260-infinity-iii-prime-lc-system-level-sensing-none-rid-multisampler-flex,"1260 Infinity III Prime LC System","1260 Infinity III Prime LC System","1260 Infinity III Prime LC System Featured documents

Brochure
Agilent InfinityLab LC Solutions: HPLC Made for Tomorrow

Application note
Pesticide Analysis with Agilent 1260 Infinity II Prime LC Ultivo Triple Quad LC/MS

",,,,,,,,,8/16/26,8/16/26,,,"Block after Info Column",,,,No,,,,,,,"Use config",,"agilent_autosampler=Multisampler,agilent_bench_stack_configuration=Flex,agilent_detector=RID,agilent_optional_secondary_detector=None,agilent_solvent_fluid_management=Level Sensing,gift_wrapping_available=Yes",123.0000,0.0000,1,0,0,1,1,1,10000,1,1,1.0000,1,1,1,1,1.0000,1,0,0,0,0,1,,,,,,,,,,,,,,,,,,,,,,,,,,,,,,,,,,
"1260-Level Sensing-None-RID-Multisampler-Benchtop",,Agilent_LC,simple,"Default Category/Products",base,"1260 Infinity III Prime LC System-Level Sensing-None-RID-Multisampler-Benchtop","<p data-v-64dfe0b9=""""><strong>Featured documents</strong></p>
<div class=""documents-list d-flex flex-column flex-md-row"" data-v-64dfe0b9="""">
<div class=""document-item rounded d-flex flex-column"" tabindex=""0"" data-v-64dfe0b9=""""><a class=""d-flex"" tabindex=""-1"" href=""https://www.agilent.com/cs/library/brochures/br-infinitylab-analytical-hplc-systems-5994-7151EN-agilent.pdf"" target=""_blank"" rel=""noopener"" data-v-64dfe0b9=""""><span data-v-64dfe0b9="""">Brochure</span></a>
<h4 data-v-64dfe0b9="""">Agilent InfinityLab LC Solutions: HPLC Made for Tomorrow</h4>
</div>
<div class=""document-item rounded d-flex flex-column"" tabindex=""0"" data-v-64dfe0b9=""""><a class=""d-flex"" tabindex=""-1"" href=""https://www.agilent.com/cs/library/applications/application-pesticide-analysis-1260-infinity-II-prime-lc-ultivo-lc-ms-ms-5994-1889en-agilent.pdf"" target=""_blank"" rel=""noopener"" data-v-64dfe0b9=""""><span data-v-64dfe0b9="""">Application note</span></a>
<h4 data-v-64dfe0b9="""">Pesticide Analysis with Agilent 1260 Infinity II Prime LC Ultivo Triple Quad LC/MS</h4>
</div>
</div>","<p class=""product-description"" data-v-64dfe0b9="""">The 1260 Infinity III Prime LC System is an analytical high-performance liquid chromatography (HPLC) system, offering the flexibility of both an HPLC and a UHPLC for columns with sub-2 μm particles. It can operate at high pressures and handle flow rates up to 5 mL/min. This HPLC/UHPLC system gives you the utmost confidence in your HPLC results and can be a front end for your LC/MS system.</p>
<p class=""product-ul"" data-v-64dfe0b9=""""> </p>
<ul class=""product-features list-styled flex-column"" data-v-64dfe0b9="""">
<li data-v-64dfe0b9="""">Automates your daily HPLC tasks, ensuring reliable HPLC results</li>
<li data-v-64dfe0b9="""">Delivers gradient formation/mixing performance equivalent to a binary-like system</li>
<li data-v-64dfe0b9="""">Provides excellent retention time reproducibility, accuracy, and precision</li>
<li data-v-64dfe0b9="""">Offers seamless method transfer with Intelligent System Emulation Technology</li>
<li data-v-64dfe0b9="""">Mediates solvent effects with Feed Injection using a Hybrid Multisampler</li>
</ul>
<p> </p>",790.000000,1,"Taxable Goods","Not Visible Individually",7000.000000,,,,1260-infinity-iii-prime-lc-system-level-sensing-none-rid-multisampler-benchtop,"1260 Infinity III Prime LC System","1260 Infinity III Prime LC System","1260 Infinity III Prime LC System Featured documents

Brochure
Agilent InfinityLab LC Solutions: HPLC Made for Tomorrow

Application note
Pesticide Analysis with Agilent 1260 Infinity II Prime LC Ultivo Triple Quad LC/MS

",,,,,,,,,8/16/26,8/16/26,,,"Block after Info Column",,,,No,,,,,,,"Use config",,"agilent_autosampler=Multisampler,agilent_bench_stack_configuration=Benchtop,agilent_detector=RID,agilent_optional_secondary_detector=None,agilent_solvent_fluid_management=Level Sensing,gift_wrapping_available=Yes",123.0000,0.0000,1,0,0,1,1,1,10000,1,1,1.0000,1,1,1,1,1.0000,1,0,0,0,0,1,,,,,,,,,,,,,,,,,,,,,,,,,,,,,,,,,,
"1260-Level Sensing-None-RID-Multisampler-Stack",,Agilent_LC,simple,"Default Category/Products",base,"1260 Infinity III Prime LC System-Level Sensing-None-RID-Multisampler-Stack","<p data-v-64dfe0b9=""""><strong>Featured documents</strong></p>
<div class=""documents-list d-flex flex-column flex-md-row"" data-v-64dfe0b9="""">
<div class=""document-item rounded d-flex flex-column"" tabindex=""0"" data-v-64dfe0b9=""""><a class=""d-flex"" tabindex=""-1"" href=""https://www.agilent.com/cs/library/brochures/br-infinitylab-analytical-hplc-systems-5994-7151EN-agilent.pdf"" target=""_blank"" rel=""noopener"" data-v-64dfe0b9=""""><span data-v-64dfe0b9="""">Brochure</span></a>
<h4 data-v-64dfe0b9="""">Agilent InfinityLab LC Solutions: HPLC Made for Tomorrow</h4>
</div>
<div class=""document-item rounded d-flex flex-column"" tabindex=""0"" data-v-64dfe0b9=""""><a class=""d-flex"" tabindex=""-1"" href=""https://www.agilent.com/cs/library/applications/application-pesticide-analysis-1260-infinity-II-prime-lc-ultivo-lc-ms-ms-5994-1889en-agilent.pdf"" target=""_blank"" rel=""noopener"" data-v-64dfe0b9=""""><span data-v-64dfe0b9="""">Application note</span></a>
<h4 data-v-64dfe0b9="""">Pesticide Analysis with Agilent 1260 Infinity II Prime LC Ultivo Triple Quad LC/MS</h4>
</div>
</div>","<p class=""product-description"" data-v-64dfe0b9="""">The 1260 Infinity III Prime LC System is an analytical high-performance liquid chromatography (HPLC) system, offering the flexibility of both an HPLC and a UHPLC for columns with sub-2 μm particles. It can operate at high pressures and handle flow rates up to 5 mL/min. This HPLC/UHPLC system gives you the utmost confidence in your HPLC results and can be a front end for your LC/MS system.</p>
<p class=""product-ul"" data-v-64dfe0b9=""""> </p>
<ul class=""product-features list-styled flex-column"" data-v-64dfe0b9="""">
<li data-v-64dfe0b9="""">Automates your daily HPLC tasks, ensuring reliable HPLC results</li>
<li data-v-64dfe0b9="""">Delivers gradient formation/mixing performance equivalent to a binary-like system</li>
<li data-v-64dfe0b9="""">Provides excellent retention time reproducibility, accuracy, and precision</li>
<li data-v-64dfe0b9="""">Offers seamless method transfer with Intelligent System Emulation Technology</li>
<li data-v-64dfe0b9="""">Mediates solvent effects with Feed Injection using a Hybrid Multisampler</li>
</ul>
<p> </p>",790.000000,1,"Taxable Goods","Not Visible Individually",7000.000000,,,,1260-infinity-iii-prime-lc-system-level-sensing-none-rid-multisampler-stack,"1260 Infinity III Prime LC System","1260 Infinity III Prime LC System","1260 Infinity III Prime LC System Featured documents

Brochure
Agilent InfinityLab LC Solutions: HPLC Made for Tomorrow

Application note
Pesticide Analysis with Agilent 1260 Infinity II Prime LC Ultivo Triple Quad LC/MS

",,,,,,,,,8/16/26,8/16/26,,,"Block after Info Column",,,,No,,,,,,,"Use config",,"agilent_autosampler=Multisampler,agilent_bench_stack_configuration=Stack,agilent_detector=RID,agilent_optional_secondary_detector=None,agilent_solvent_fluid_management=Level Sensing,gift_wrapping_available=Yes",123.0000,0.0000,1,0,0,1,1,1,10000,1,1,1.0000,1,1,1,1,1.0000,1,0,0,0,0,1,,,,,,,,,,,,,,,,,,,,,,,,,,,,,,,,,,
"1260-Level Sensing-None-RID-Hybrid Multisampler-Flex",,Agilent_LC,simple,"Default Category/Products",base,"1260 Infinity III Prime LC System-Level Sensing-None-RID-Hybrid Multisampler-Flex","<p data-v-64dfe0b9=""""><strong>Featured documents</strong></p>
<div class=""documents-list d-flex flex-column flex-md-row"" data-v-64dfe0b9="""">
<div class=""document-item rounded d-flex flex-column"" tabindex=""0"" data-v-64dfe0b9=""""><a class=""d-flex"" tabindex=""-1"" href=""https://www.agilent.com/cs/library/brochures/br-infinitylab-analytical-hplc-systems-5994-7151EN-agilent.pdf"" target=""_blank"" rel=""noopener"" data-v-64dfe0b9=""""><span data-v-64dfe0b9="""">Brochure</span></a>
<h4 data-v-64dfe0b9="""">Agilent InfinityLab LC Solutions: HPLC Made for Tomorrow</h4>
</div>
<div class=""document-item rounded d-flex flex-column"" tabindex=""0"" data-v-64dfe0b9=""""><a class=""d-flex"" tabindex=""-1"" href=""https://www.agilent.com/cs/library/applications/application-pesticide-analysis-1260-infinity-II-prime-lc-ultivo-lc-ms-ms-5994-1889en-agilent.pdf"" target=""_blank"" rel=""noopener"" data-v-64dfe0b9=""""><span data-v-64dfe0b9="""">Application note</span></a>
<h4 data-v-64dfe0b9="""">Pesticide Analysis with Agilent 1260 Infinity II Prime LC Ultivo Triple Quad LC/MS</h4>
</div>
</div>","<p class=""product-description"" data-v-64dfe0b9="""">The 1260 Infinity III Prime LC System is an analytical high-performance liquid chromatography (HPLC) system, offering the flexibility of both an HPLC and a UHPLC for columns with sub-2 μm particles. It can operate at high pressures and handle flow rates up to 5 mL/min. This HPLC/UHPLC system gives you the utmost confidence in your HPLC results and can be a front end for your LC/MS system.</p>
<p class=""product-ul"" data-v-64dfe0b9=""""> </p>
<ul class=""product-features list-styled flex-column"" data-v-64dfe0b9="""">
<li data-v-64dfe0b9="""">Automates your daily HPLC tasks, ensuring reliable HPLC results</li>
<li data-v-64dfe0b9="""">Delivers gradient formation/mixing performance equivalent to a binary-like system</li>
<li data-v-64dfe0b9="""">Provides excellent retention time reproducibility, accuracy, and precision</li>
<li data-v-64dfe0b9="""">Offers seamless method transfer with Intelligent System Emulation Technology</li>
<li data-v-64dfe0b9="""">Mediates solvent effects with Feed Injection using a Hybrid Multisampler</li>
</ul>
<p> </p>",790.000000,1,"Taxable Goods","Not Visible Individually",7000.000000,,,,1260-infinity-iii-prime-lc-system-level-sensing-none-rid-hybrid-multisampler-flex,"1260 Infinity III Prime LC System","1260 Infinity III Prime LC System","1260 Infinity III Prime LC System Featured documents

Brochure
Agilent InfinityLab LC Solutions: HPLC Made for Tomorrow

Application note
Pesticide Analysis with Agilent 1260 Infinity II Prime LC Ultivo Triple Quad LC/MS

",,,,,,,,,8/16/26,8/16/26,,,"Block after Info Column",,,,No,,,,,,,"Use config",,"agilent_autosampler=Hybrid Multisampler,agilent_bench_stack_configuration=Flex,agilent_detector=RID,agilent_optional_secondary_detector=None,agilent_solvent_fluid_management=Level Sensing,gift_wrapping_available=Yes",123.0000,0.0000,1,0,0,1,1,1,10000,1,1,1.0000,1,1,1,1,1.0000,1,0,0,0,0,1,,,,,,,,,,,,,,,,,,,,,,,,,,,,,,,,,,
"1260-Level Sensing-None-RID-Hybrid Multisampler-Benchtop",,Agilent_LC,simple,"Default Category/Products",base,"1260 Infinity III Prime LC System-Level Sensing-None-RID-Hybrid Multisampler-Benchtop","<p data-v-64dfe0b9=""""><strong>Featured documents</strong></p>
<div class=""documents-list d-flex flex-column flex-md-row"" data-v-64dfe0b9="""">
<div class=""document-item rounded d-flex flex-column"" tabindex=""0"" data-v-64dfe0b9=""""><a class=""d-flex"" tabindex=""-1"" href=""https://www.agilent.com/cs/library/brochures/br-infinitylab-analytical-hplc-systems-5994-7151EN-agilent.pdf"" target=""_blank"" rel=""noopener"" data-v-64dfe0b9=""""><span data-v-64dfe0b9="""">Brochure</span></a>
<h4 data-v-64dfe0b9="""">Agilent InfinityLab LC Solutions: HPLC Made for Tomorrow</h4>
</div>
<div class=""document-item rounded d-flex flex-column"" tabindex=""0"" data-v-64dfe0b9=""""><a class=""d-flex"" tabindex=""-1"" href=""https://www.agilent.com/cs/library/applications/application-pesticide-analysis-1260-infinity-II-prime-lc-ultivo-lc-ms-ms-5994-1889en-agilent.pdf"" target=""_blank"" rel=""noopener"" data-v-64dfe0b9=""""><span data-v-64dfe0b9="""">Application note</span></a>
<h4 data-v-64dfe0b9="""">Pesticide Analysis with Agilent 1260 Infinity II Prime LC Ultivo Triple Quad LC/MS</h4>
</div>
</div>","<p class=""product-description"" data-v-64dfe0b9="""">The 1260 Infinity III Prime LC System is an analytical high-performance liquid chromatography (HPLC) system, offering the flexibility of both an HPLC and a UHPLC for columns with sub-2 μm particles. It can operate at high pressures and handle flow rates up to 5 mL/min. This HPLC/UHPLC system gives you the utmost confidence in your HPLC results and can be a front end for your LC/MS system.</p>
<p class=""product-ul"" data-v-64dfe0b9=""""> </p>
<ul class=""product-features list-styled flex-column"" data-v-64dfe0b9="""">
<li data-v-64dfe0b9="""">Automates your daily HPLC tasks, ensuring reliable HPLC results</li>
<li data-v-64dfe0b9="""">Delivers gradient formation/mixing performance equivalent to a binary-like system</li>
<li data-v-64dfe0b9="""">Provides excellent retention time reproducibility, accuracy, and precision</li>
<li data-v-64dfe0b9="""">Offers seamless method transfer with Intelligent System Emulation Technology</li>
<li data-v-64dfe0b9="""">Mediates solvent effects with Feed Injection using a Hybrid Multisampler</li>
</ul>
<p> </p>",790.000000,1,"Taxable Goods","Not Visible Individually",7000.000000,,,,1260-infinity-iii-prime-lc-system-level-sensing-none-rid-hybrid-multisampler-benchtop,"1260 Infinity III Prime LC System","1260 Infinity III Prime LC System","1260 Infinity III Prime LC System Featured documents

Brochure
Agilent InfinityLab LC Solutions: HPLC Made for Tomorrow

Application note
Pesticide Analysis with Agilent 1260 Infinity II Prime LC Ultivo Triple Quad LC/MS

",,,,,,,,,8/16/26,8/16/26,,,"Block after Info Column",,,,No,,,,,,,"Use config",,"agilent_autosampler=Hybrid Multisampler,agilent_bench_stack_configuration=Benchtop,agilent_detector=RID,agilent_optional_secondary_detector=None,agilent_solvent_fluid_management=Level Sensing,gift_wrapping_available=Yes",123.0000,0.0000,1,0,0,1,1,1,10000,1,1,1.0000,1,1,1,1,1.0000,1,0,0,0,0,1,,,,,,,,,,,,,,,,,,,,,,,,,,,,,,,,,,
"1260-Level Sensing-None-RID-Hybrid Multisampler-Stack",,Agilent_LC,simple,"Default Category/Products",base,"1260 Infinity III Prime LC System-Level Sensing-None-RID-Hybrid Multisampler-Stack","<p data-v-64dfe0b9=""""><strong>Featured documents</strong></p>
<div class=""documents-list d-flex flex-column flex-md-row"" data-v-64dfe0b9="""">
<div class=""document-item rounded d-flex flex-column"" tabindex=""0"" data-v-64dfe0b9=""""><a class=""d-flex"" tabindex=""-1"" href=""https://www.agilent.com/cs/library/brochures/br-infinitylab-analytical-hplc-systems-5994-7151EN-agilent.pdf"" target=""_blank"" rel=""noopener"" data-v-64dfe0b9=""""><span data-v-64dfe0b9="""">Brochure</span></a>
<h4 data-v-64dfe0b9="""">Agilent InfinityLab LC Solutions: HPLC Made for Tomorrow</h4>
</div>
<div class=""document-item rounded d-flex flex-column"" tabindex=""0"" data-v-64dfe0b9=""""><a class=""d-flex"" tabindex=""-1"" href=""https://www.agilent.com/cs/library/applications/application-pesticide-analysis-1260-infinity-II-prime-lc-ultivo-lc-ms-ms-5994-1889en-agilent.pdf"" target=""_blank"" rel=""noopener"" data-v-64dfe0b9=""""><span data-v-64dfe0b9="""">Application note</span></a>
<h4 data-v-64dfe0b9="""">Pesticide Analysis with Agilent 1260 Infinity II Prime LC Ultivo Triple Quad LC/MS</h4>
</div>
</div>","<p class=""product-description"" data-v-64dfe0b9="""">The 1260 Infinity III Prime LC System is an analytical high-performance liquid chromatography (HPLC) system, offering the flexibility of both an HPLC and a UHPLC for columns with sub-2 μm particles. It can operate at high pressures and handle flow rates up to 5 mL/min. This HPLC/UHPLC system gives you the utmost confidence in your HPLC results and can be a front end for your LC/MS system.</p>
<p class=""product-ul"" data-v-64dfe0b9=""""> </p>
<ul class=""product-features list-styled flex-column"" data-v-64dfe0b9="""">
<li data-v-64dfe0b9="""">Automates your daily HPLC tasks, ensuring reliable HPLC results</li>
<li data-v-64dfe0b9="""">Delivers gradient formation/mixing performance equivalent to a binary-like system</li>
<li data-v-64dfe0b9="""">Provides excellent retention time reproducibility, accuracy, and precision</li>
<li data-v-64dfe0b9="""">Offers seamless method transfer with Intelligent System Emulation Technology</li>
<li data-v-64dfe0b9="""">Mediates solvent effects with Feed Injection using a Hybrid Multisampler</li>
</ul>
<p> </p>",790.000000,1,"Taxable Goods","Not Visible Individually",7000.000000,,,,1260-infinity-iii-prime-lc-system-level-sensing-none-rid-hybrid-multisampler-stack,"1260 Infinity III Prime LC System","1260 Infinity III Prime LC System","1260 Infinity III Prime LC System Featured documents

Brochure
Agilent InfinityLab LC Solutions: HPLC Made for Tomorrow

Application note
Pesticide Analysis with Agilent 1260 Infinity II Prime LC Ultivo Triple Quad LC/MS

",,,,,,,,,8/16/26,8/16/26,,,"Block after Info Column",,,,No,,,,,,,"Use config",,"agilent_autosampler=Hybrid Multisampler,agilent_bench_stack_configuration=Stack,agilent_detector=RID,agilent_optional_secondary_detector=None,agilent_solvent_fluid_management=Level Sensing,gift_wrapping_available=Yes",123.0000,0.0000,1,0,0,1,1,1,10000,1,1,1.0000,1,1,1,1,1.0000,1,0,0,0,0,1,,,,,,,,,,,,,,,,,,,,,,,,,,,,,,,,,,
"1260-Level Sensing-None-RID-Vialsampler-Flex",,Agilent_LC,simple,"Default Category/Products",base,"1260 Infinity III Prime LC System-Level Sensing-None-RID-Vialsampler-Flex","<p data-v-64dfe0b9=""""><strong>Featured documents</strong></p>
<div class=""documents-list d-flex flex-column flex-md-row"" data-v-64dfe0b9="""">
<div class=""document-item rounded d-flex flex-column"" tabindex=""0"" data-v-64dfe0b9=""""><a class=""d-flex"" tabindex=""-1"" href=""https://www.agilent.com/cs/library/brochures/br-infinitylab-analytical-hplc-systems-5994-7151EN-agilent.pdf"" target=""_blank"" rel=""noopener"" data-v-64dfe0b9=""""><span data-v-64dfe0b9="""">Brochure</span></a>
<h4 data-v-64dfe0b9="""">Agilent InfinityLab LC Solutions: HPLC Made for Tomorrow</h4>
</div>
<div class=""document-item rounded d-flex flex-column"" tabindex=""0"" data-v-64dfe0b9=""""><a class=""d-flex"" tabindex=""-1"" href=""https://www.agilent.com/cs/library/applications/application-pesticide-analysis-1260-infinity-II-prime-lc-ultivo-lc-ms-ms-5994-1889en-agilent.pdf"" target=""_blank"" rel=""noopener"" data-v-64dfe0b9=""""><span data-v-64dfe0b9="""">Application note</span></a>
<h4 data-v-64dfe0b9="""">Pesticide Analysis with Agilent 1260 Infinity II Prime LC Ultivo Triple Quad LC/MS</h4>
</div>
</div>","<p class=""product-description"" data-v-64dfe0b9="""">The 1260 Infinity III Prime LC System is an analytical high-performance liquid chromatography (HPLC) system, offering the flexibility of both an HPLC and a UHPLC for columns with sub-2 μm particles. It can operate at high pressures and handle flow rates up to 5 mL/min. This HPLC/UHPLC system gives you the utmost confidence in your HPLC results and can be a front end for your LC/MS system.</p>
<p class=""product-ul"" data-v-64dfe0b9=""""> </p>
<ul class=""product-features list-styled flex-column"" data-v-64dfe0b9="""">
<li data-v-64dfe0b9="""">Automates your daily HPLC tasks, ensuring reliable HPLC results</li>
<li data-v-64dfe0b9="""">Delivers gradient formation/mixing performance equivalent to a binary-like system</li>
<li data-v-64dfe0b9="""">Provides excellent retention time reproducibility, accuracy, and precision</li>
<li data-v-64dfe0b9="""">Offers seamless method transfer with Intelligent System Emulation Technology</li>
<li data-v-64dfe0b9="""">Mediates solvent effects with Feed Injection using a Hybrid Multisampler</li>
</ul>
<p> </p>",790.000000,1,"Taxable Goods","Not Visible Individually",7000.000000,,,,1260-infinity-iii-prime-lc-system-level-sensing-none-rid-vialsampler-flex,"1260 Infinity III Prime LC System","1260 Infinity III Prime LC System","1260 Infinity III Prime LC System Featured documents

Brochure
Agilent InfinityLab LC Solutions: HPLC Made for Tomorrow

Application note
Pesticide Analysis with Agilent 1260 Infinity II Prime LC Ultivo Triple Quad LC/MS

",,,,,,,,,8/16/26,8/16/26,,,"Block after Info Column",,,,No,,,,,,,"Use config",,"agilent_autosampler=Vialsampler,agilent_bench_stack_configuration=Flex,agilent_detector=RID,agilent_optional_secondary_detector=None,agilent_solvent_fluid_management=Level Sensing,gift_wrapping_available=Yes",123.0000,0.0000,1,0,0,1,1,1,10000,1,1,1.0000,1,1,1,1,1.0000,1,0,0,0,0,1,,,,,,,,,,,,,,,,,,,,,,,,,,,,,,,,,,
"1260-Level Sensing-None-RID-Vialsampler-Benchtop",,Agilent_LC,simple,"Default Category/Products",base,"1260 Infinity III Prime LC System-Level Sensing-None-RID-Vialsampler-Benchtop","<p data-v-64dfe0b9=""""><strong>Featured documents</strong></p>
<div class=""documents-list d-flex flex-column flex-md-row"" data-v-64dfe0b9="""">
<div class=""document-item rounded d-flex flex-column"" tabindex=""0"" data-v-64dfe0b9=""""><a class=""d-flex"" tabindex=""-1"" href=""https://www.agilent.com/cs/library/brochures/br-infinitylab-analytical-hplc-systems-5994-7151EN-agilent.pdf"" target=""_blank"" rel=""noopener"" data-v-64dfe0b9=""""><span data-v-64dfe0b9="""">Brochure</span></a>
<h4 data-v-64dfe0b9="""">Agilent InfinityLab LC Solutions: HPLC Made for Tomorrow</h4>
</div>
<div class=""document-item rounded d-flex flex-column"" tabindex=""0"" data-v-64dfe0b9=""""><a class=""d-flex"" tabindex=""-1"" href=""https://www.agilent.com/cs/library/applications/application-pesticide-analysis-1260-infinity-II-prime-lc-ultivo-lc-ms-ms-5994-1889en-agilent.pdf"" target=""_blank"" rel=""noopener"" data-v-64dfe0b9=""""><span data-v-64dfe0b9="""">Application note</span></a>
<h4 data-v-64dfe0b9="""">Pesticide Analysis with Agilent 1260 Infinity II Prime LC Ultivo Triple Quad LC/MS</h4>
</div>
</div>","<p class=""product-description"" data-v-64dfe0b9="""">The 1260 Infinity III Prime LC System is an analytical high-performance liquid chromatography (HPLC) system, offering the flexibility of both an HPLC and a UHPLC for columns with sub-2 μm particles. It can operate at high pressures and handle flow rates up to 5 mL/min. This HPLC/UHPLC system gives you the utmost confidence in your HPLC results and can be a front end for your LC/MS system.</p>
<p class=""product-ul"" data-v-64dfe0b9=""""> </p>
<ul class=""product-features list-styled flex-column"" data-v-64dfe0b9="""">
<li data-v-64dfe0b9="""">Automates your daily HPLC tasks, ensuring reliable HPLC results</li>
<li data-v-64dfe0b9="""">Delivers gradient formation/mixing performance equivalent to a binary-like system</li>
<li data-v-64dfe0b9="""">Provides excellent retention time reproducibility, accuracy, and precision</li>
<li data-v-64dfe0b9="""">Offers seamless method transfer with Intelligent System Emulation Technology</li>
<li data-v-64dfe0b9="""">Mediates solvent effects with Feed Injection using a Hybrid Multisampler</li>
</ul>
<p> </p>",790.000000,1,"Taxable Goods","Not Visible Individually",7000.000000,,,,1260-infinity-iii-prime-lc-system-level-sensing-none-rid-vialsampler-benchtop,"1260 Infinity III Prime LC System","1260 Infinity III Prime LC System","1260 Infinity III Prime LC System Featured documents

Brochure
Agilent InfinityLab LC Solutions: HPLC Made for Tomorrow

Application note
Pesticide Analysis with Agilent 1260 Infinity II Prime LC Ultivo Triple Quad LC/MS

",,,,,,,,,8/16/26,8/16/26,,,"Block after Info Column",,,,No,,,,,,,"Use config",,"agilent_autosampler=Vialsampler,agilent_bench_stack_configuration=Benchtop,agilent_detector=RID,agilent_optional_secondary_detector=None,agilent_solvent_fluid_management=Level Sensing,gift_wrapping_available=Yes",123.0000,0.0000,1,0,0,1,1,1,10000,1,1,1.0000,1,1,1,1,1.0000,1,0,0,0,0,1,,,,,,,,,,,,,,,,,,,,,,,,,,,,,,,,,,
"1260-Level Sensing-None-RID-Vialsampler-Stack",,Agilent_LC,simple,"Default Category/Products",base,"1260 Infinity III Prime LC System-Level Sensing-None-RID-Vialsampler-Stack","<p data-v-64dfe0b9=""""><strong>Featured documents</strong></p>
<div class=""documents-list d-flex flex-column flex-md-row"" data-v-64dfe0b9="""">
<div class=""document-item rounded d-flex flex-column"" tabindex=""0"" data-v-64dfe0b9=""""><a class=""d-flex"" tabindex=""-1"" href=""https://www.agilent.com/cs/library/brochures/br-infinitylab-analytical-hplc-systems-5994-7151EN-agilent.pdf"" target=""_blank"" rel=""noopener"" data-v-64dfe0b9=""""><span data-v-64dfe0b9="""">Brochure</span></a>
<h4 data-v-64dfe0b9="""">Agilent InfinityLab LC Solutions: HPLC Made for Tomorrow</h4>
</div>
<div class=""document-item rounded d-flex flex-column"" tabindex=""0"" data-v-64dfe0b9=""""><a class=""d-flex"" tabindex=""-1"" href=""https://www.agilent.com/cs/library/applications/application-pesticide-analysis-1260-infinity-II-prime-lc-ultivo-lc-ms-ms-5994-1889en-agilent.pdf"" target=""_blank"" rel=""noopener"" data-v-64dfe0b9=""""><span data-v-64dfe0b9="""">Application note</span></a>
<h4 data-v-64dfe0b9="""">Pesticide Analysis with Agilent 1260 Infinity II Prime LC Ultivo Triple Quad LC/MS</h4>
</div>
</div>","<p class=""product-description"" data-v-64dfe0b9="""">The 1260 Infinity III Prime LC System is an analytical high-performance liquid chromatography (HPLC) system, offering the flexibility of both an HPLC and a UHPLC for columns with sub-2 μm particles. It can operate at high pressures and handle flow rates up to 5 mL/min. This HPLC/UHPLC system gives you the utmost confidence in your HPLC results and can be a front end for your LC/MS system.</p>
<p class=""product-ul"" data-v-64dfe0b9=""""> </p>
<ul class=""product-features list-styled flex-column"" data-v-64dfe0b9="""">
<li data-v-64dfe0b9="""">Automates your daily HPLC tasks, ensuring reliable HPLC results</li>
<li data-v-64dfe0b9="""">Delivers gradient formation/mixing performance equivalent to a binary-like system</li>
<li data-v-64dfe0b9="""">Provides excellent retention time reproducibility, accuracy, and precision</li>
<li data-v-64dfe0b9="""">Offers seamless method transfer with Intelligent System Emulation Technology</li>
<li data-v-64dfe0b9="""">Mediates solvent effects with Feed Injection using a Hybrid Multisampler</li>
</ul>
<p> </p>",790.000000,1,"Taxable Goods","Not Visible Individually",7000.000000,,,,1260-infinity-iii-prime-lc-system-level-sensing-none-rid-vialsampler-stack,"1260 Infinity III Prime LC System","1260 Infinity III Prime LC System","1260 Infinity III Prime LC System Featured documents

Brochure
Agilent InfinityLab LC Solutions: HPLC Made for Tomorrow

Application note
Pesticide Analysis with Agilent 1260 Infinity II Prime LC Ultivo Triple Quad LC/MS

",,,,,,,,,8/16/26,8/16/26,,,"Block after Info Column",,,,No,,,,,,,"Use config",,"agilent_autosampler=Vialsampler,agilent_bench_stack_configuration=Stack,agilent_detector=RID,agilent_optional_secondary_detector=None,agilent_solvent_fluid_management=Level Sensing,gift_wrapping_available=Yes",123.0000,0.0000,1,0,0,1,1,1,10000,1,1,1.0000,1,1,1,1,1.0000,1,0,0,0,0,1,,,,,,,,,,,,,,,,,,,,,,,,,,,,,,,,,,
"1260-Level Sensing-ELSD-DAD HS-Multisampler-Flex",,Agilent_LC,simple,"Default Category/Products",base,"1260 Infinity III Prime LC System-Level Sensing-ELSD-DAD HS-Multisampler-Flex","<p data-v-64dfe0b9=""""><strong>Featured documents</strong></p>
<div class=""documents-list d-flex flex-column flex-md-row"" data-v-64dfe0b9="""">
<div class=""document-item rounded d-flex flex-column"" tabindex=""0"" data-v-64dfe0b9=""""><a class=""d-flex"" tabindex=""-1"" href=""https://www.agilent.com/cs/library/brochures/br-infinitylab-analytical-hplc-systems-5994-7151EN-agilent.pdf"" target=""_blank"" rel=""noopener"" data-v-64dfe0b9=""""><span data-v-64dfe0b9="""">Brochure</span></a>
<h4 data-v-64dfe0b9="""">Agilent InfinityLab LC Solutions: HPLC Made for Tomorrow</h4>
</div>
<div class=""document-item rounded d-flex flex-column"" tabindex=""0"" data-v-64dfe0b9=""""><a class=""d-flex"" tabindex=""-1"" href=""https://www.agilent.com/cs/library/applications/application-pesticide-analysis-1260-infinity-II-prime-lc-ultivo-lc-ms-ms-5994-1889en-agilent.pdf"" target=""_blank"" rel=""noopener"" data-v-64dfe0b9=""""><span data-v-64dfe0b9="""">Application note</span></a>
<h4 data-v-64dfe0b9="""">Pesticide Analysis with Agilent 1260 Infinity II Prime LC Ultivo Triple Quad LC/MS</h4>
</div>
</div>","<p class=""product-description"" data-v-64dfe0b9="""">The 1260 Infinity III Prime LC System is an analytical high-performance liquid chromatography (HPLC) system, offering the flexibility of both an HPLC and a UHPLC for columns with sub-2 μm particles. It can operate at high pressures and handle flow rates up to 5 mL/min. This HPLC/UHPLC system gives you the utmost confidence in your HPLC results and can be a front end for your LC/MS system.</p>
<p class=""product-ul"" data-v-64dfe0b9=""""> </p>
<ul class=""product-features list-styled flex-column"" data-v-64dfe0b9="""">
<li data-v-64dfe0b9="""">Automates your daily HPLC tasks, ensuring reliable HPLC results</li>
<li data-v-64dfe0b9="""">Delivers gradient formation/mixing performance equivalent to a binary-like system</li>
<li data-v-64dfe0b9="""">Provides excellent retention time reproducibility, accuracy, and precision</li>
<li data-v-64dfe0b9="""">Offers seamless method transfer with Intelligent System Emulation Technology</li>
<li data-v-64dfe0b9="""">Mediates solvent effects with Feed Injection using a Hybrid Multisampler</li>
</ul>
<p> </p>",790.000000,1,"Taxable Goods","Not Visible Individually",7000.000000,,,,1260-infinity-iii-prime-lc-system-level-sensing-elsd-dad-hs-multisampler-flex,"1260 Infinity III Prime LC System","1260 Infinity III Prime LC System","1260 Infinity III Prime LC System Featured documents

Brochure
Agilent InfinityLab LC Solutions: HPLC Made for Tomorrow

Application note
Pesticide Analysis with Agilent 1260 Infinity II Prime LC Ultivo Triple Quad LC/MS

",,,,,,,,,8/16/26,8/16/26,,,"Block after Info Column",,,,No,,,,,,,"Use config",,"agilent_autosampler=Multisampler,agilent_bench_stack_configuration=Flex,agilent_detector=DAD HS,agilent_optional_secondary_detector=ELSD,agilent_solvent_fluid_management=Level Sensing,gift_wrapping_available=Yes",123.0000,0.0000,1,0,0,1,1,1,10000,1,1,1.0000,1,1,1,1,1.0000,1,0,0,0,0,1,,,,,,,,,,,,,,,,,,,,,,,,,,,,,,,,,,
"1260-Level Sensing-ELSD-DAD HS-Multisampler-Benchtop",,Agilent_LC,simple,"Default Category/Products",base,"1260 Infinity III Prime LC System-Level Sensing-ELSD-DAD HS-Multisampler-Benchtop","<p data-v-64dfe0b9=""""><strong>Featured documents</strong></p>
<div class=""documents-list d-flex flex-column flex-md-row"" data-v-64dfe0b9="""">
<div class=""document-item rounded d-flex flex-column"" tabindex=""0"" data-v-64dfe0b9=""""><a class=""d-flex"" tabindex=""-1"" href=""https://www.agilent.com/cs/library/brochures/br-infinitylab-analytical-hplc-systems-5994-7151EN-agilent.pdf"" target=""_blank"" rel=""noopener"" data-v-64dfe0b9=""""><span data-v-64dfe0b9="""">Brochure</span></a>
<h4 data-v-64dfe0b9="""">Agilent InfinityLab LC Solutions: HPLC Made for Tomorrow</h4>
</div>
<div class=""document-item rounded d-flex flex-column"" tabindex=""0"" data-v-64dfe0b9=""""><a class=""d-flex"" tabindex=""-1"" href=""https://www.agilent.com/cs/library/applications/application-pesticide-analysis-1260-infinity-II-prime-lc-ultivo-lc-ms-ms-5994-1889en-agilent.pdf"" target=""_blank"" rel=""noopener"" data-v-64dfe0b9=""""><span data-v-64dfe0b9="""">Application note</span></a>
<h4 data-v-64dfe0b9="""">Pesticide Analysis with Agilent 1260 Infinity II Prime LC Ultivo Triple Quad LC/MS</h4>
</div>
</div>","<p class=""product-description"" data-v-64dfe0b9="""">The 1260 Infinity III Prime LC System is an analytical high-performance liquid chromatography (HPLC) system, offering the flexibility of both an HPLC and a UHPLC for columns with sub-2 μm particles. It can operate at high pressures and handle flow rates up to 5 mL/min. This HPLC/UHPLC system gives you the utmost confidence in your HPLC results and can be a front end for your LC/MS system.</p>
<p class=""product-ul"" data-v-64dfe0b9=""""> </p>
<ul class=""product-features list-styled flex-column"" data-v-64dfe0b9="""">
<li data-v-64dfe0b9="""">Automates your daily HPLC tasks, ensuring reliable HPLC results</li>
<li data-v-64dfe0b9="""">Delivers gradient formation/mixing performance equivalent to a binary-like system</li>
<li data-v-64dfe0b9="""">Provides excellent retention time reproducibility, accuracy, and precision</li>
<li data-v-64dfe0b9="""">Offers seamless method transfer with Intelligent System Emulation Technology</li>
<li data-v-64dfe0b9="""">Mediates solvent effects with Feed Injection using a Hybrid Multisampler</li>
</ul>
<p> </p>",790.000000,1,"Taxable Goods","Not Visible Individually",7000.000000,,,,1260-infinity-iii-prime-lc-system-level-sensing-elsd-dad-hs-multisampler-benchtop,"1260 Infinity III Prime LC System","1260 Infinity III Prime LC System","1260 Infinity III Prime LC System Featured documents

Brochure
Agilent InfinityLab LC Solutions: HPLC Made for Tomorrow

Application note
Pesticide Analysis with Agilent 1260 Infinity II Prime LC Ultivo Triple Quad LC/MS

",,,,,,,,,8/16/26,8/16/26,,,"Block after Info Column",,,,No,,,,,,,"Use config",,"agilent_autosampler=Multisampler,agilent_bench_stack_configuration=Benchtop,agilent_detector=DAD HS,agilent_optional_secondary_detector=ELSD,agilent_solvent_fluid_management=Level Sensing,gift_wrapping_available=Yes",123.0000,0.0000,1,0,0,1,1,1,10000,1,1,1.0000,1,1,1,1,1.0000,1,0,0,0,0,1,,,,,,,,,,,,,,,,,,,,,,,,,,,,,,,,,,
"1260-Level Sensing-ELSD-DAD HS-Multisampler-Stack",,Agilent_LC,simple,"Default Category/Products",base,"1260 Infinity III Prime LC System-Level Sensing-ELSD-DAD HS-Multisampler-Stack","<p data-v-64dfe0b9=""""><strong>Featured documents</strong></p>
<div class=""documents-list d-flex flex-column flex-md-row"" data-v-64dfe0b9="""">
<div class=""document-item rounded d-flex flex-column"" tabindex=""0"" data-v-64dfe0b9=""""><a class=""d-flex"" tabindex=""-1"" href=""https://www.agilent.com/cs/library/brochures/br-infinitylab-analytical-hplc-systems-5994-7151EN-agilent.pdf"" target=""_blank"" rel=""noopener"" data-v-64dfe0b9=""""><span data-v-64dfe0b9="""">Brochure</span></a>
<h4 data-v-64dfe0b9="""">Agilent InfinityLab LC Solutions: HPLC Made for Tomorrow</h4>
</div>
<div class=""document-item rounded d-flex flex-column"" tabindex=""0"" data-v-64dfe0b9=""""><a class=""d-flex"" tabindex=""-1"" href=""https://www.agilent.com/cs/library/applications/application-pesticide-analysis-1260-infinity-II-prime-lc-ultivo-lc-ms-ms-5994-1889en-agilent.pdf"" target=""_blank"" rel=""noopener"" data-v-64dfe0b9=""""><span data-v-64dfe0b9="""">Application note</span></a>
<h4 data-v-64dfe0b9="""">Pesticide Analysis with Agilent 1260 Infinity II Prime LC Ultivo Triple Quad LC/MS</h4>
</div>
</div>","<p class=""product-description"" data-v-64dfe0b9="""">The 1260 Infinity III Prime LC System is an analytical high-performance liquid chromatography (HPLC) system, offering the flexibility of both an HPLC and a UHPLC for columns with sub-2 μm particles. It can operate at high pressures and handle flow rates up to 5 mL/min. This HPLC/UHPLC system gives you the utmost confidence in your HPLC results and can be a front end for your LC/MS system.</p>
<p class=""product-ul"" data-v-64dfe0b9=""""> </p>
<ul class=""product-features list-styled flex-column"" data-v-64dfe0b9="""">
<li data-v-64dfe0b9="""">Automates your daily HPLC tasks, ensuring reliable HPLC results</li>
<li data-v-64dfe0b9="""">Delivers gradient formation/mixing performance equivalent to a binary-like system</li>
<li data-v-64dfe0b9="""">Provides excellent retention time reproducibility, accuracy, and precision</li>
<li data-v-64dfe0b9="""">Offers seamless method transfer with Intelligent System Emulation Technology</li>
<li data-v-64dfe0b9="""">Mediates solvent effects with Feed Injection using a Hybrid Multisampler</li>
</ul>
<p> </p>",790.000000,1,"Taxable Goods","Not Visible Individually",7000.000000,,,,1260-infinity-iii-prime-lc-system-level-sensing-elsd-dad-hs-multisampler-stack,"1260 Infinity III Prime LC System","1260 Infinity III Prime LC System","1260 Infinity III Prime LC System Featured documents

Brochure
Agilent InfinityLab LC Solutions: HPLC Made for Tomorrow

Application note
Pesticide Analysis with Agilent 1260 Infinity II Prime LC Ultivo Triple Quad LC/MS

",,,,,,,,,8/16/26,8/16/26,,,"Block after Info Column",,,,No,,,,,,,"Use config",,"agilent_autosampler=Multisampler,agilent_bench_stack_configuration=Stack,agilent_detector=DAD HS,agilent_optional_secondary_detector=ELSD,agilent_solvent_fluid_management=Level Sensing,gift_wrapping_available=Yes",123.0000,0.0000,1,0,0,1,1,1,10000,1,1,1.0000,1,1,1,1,1.0000,1,0,0,0,0,1,,,,,,,,,,,,,,,,,,,,,,,,,,,,,,,,,,
"1260-Level Sensing-ELSD-DAD HS-Hybrid Multisampler-Flex",,Agilent_LC,simple,"Default Category/Products",base,"1260 Infinity III Prime LC System-Level Sensing-ELSD-DAD HS-Hybrid Multisampler-Flex","<p data-v-64dfe0b9=""""><strong>Featured documents</strong></p>
<div class=""documents-list d-flex flex-column flex-md-row"" data-v-64dfe0b9="""">
<div class=""document-item rounded d-flex flex-column"" tabindex=""0"" data-v-64dfe0b9=""""><a class=""d-flex"" tabindex=""-1"" href=""https://www.agilent.com/cs/library/brochures/br-infinitylab-analytical-hplc-systems-5994-7151EN-agilent.pdf"" target=""_blank"" rel=""noopener"" data-v-64dfe0b9=""""><span data-v-64dfe0b9="""">Brochure</span></a>
<h4 data-v-64dfe0b9="""">Agilent InfinityLab LC Solutions: HPLC Made for Tomorrow</h4>
</div>
<div class=""document-item rounded d-flex flex-column"" tabindex=""0"" data-v-64dfe0b9=""""><a class=""d-flex"" tabindex=""-1"" href=""https://www.agilent.com/cs/library/applications/application-pesticide-analysis-1260-infinity-II-prime-lc-ultivo-lc-ms-ms-5994-1889en-agilent.pdf"" target=""_blank"" rel=""noopener"" data-v-64dfe0b9=""""><span data-v-64dfe0b9="""">Application note</span></a>
<h4 data-v-64dfe0b9="""">Pesticide Analysis with Agilent 1260 Infinity II Prime LC Ultivo Triple Quad LC/MS</h4>
</div>
</div>","<p class=""product-description"" data-v-64dfe0b9="""">The 1260 Infinity III Prime LC System is an analytical high-performance liquid chromatography (HPLC) system, offering the flexibility of both an HPLC and a UHPLC for columns with sub-2 μm particles. It can operate at high pressures and handle flow rates up to 5 mL/min. This HPLC/UHPLC system gives you the utmost confidence in your HPLC results and can be a front end for your LC/MS system.</p>
<p class=""product-ul"" data-v-64dfe0b9=""""> </p>
<ul class=""product-features list-styled flex-column"" data-v-64dfe0b9="""">
<li data-v-64dfe0b9="""">Automates your daily HPLC tasks, ensuring reliable HPLC results</li>
<li data-v-64dfe0b9="""">Delivers gradient formation/mixing performance equivalent to a binary-like system</li>
<li data-v-64dfe0b9="""">Provides excellent retention time reproducibility, accuracy, and precision</li>
<li data-v-64dfe0b9="""">Offers seamless method transfer with Intelligent System Emulation Technology</li>
<li data-v-64dfe0b9="""">Mediates solvent effects with Feed Injection using a Hybrid Multisampler</li>
</ul>
<p> </p>",790.000000,1,"Taxable Goods","Not Visible Individually",7000.000000,,,,1260-infinity-iii-prime-lc-system-level-sensing-elsd-dad-hs-hybrid-multisampler-flex,"1260 Infinity III Prime LC System","1260 Infinity III Prime LC System","1260 Infinity III Prime LC System Featured documents

Brochure
Agilent InfinityLab LC Solutions: HPLC Made for Tomorrow

Application note
Pesticide Analysis with Agilent 1260 Infinity II Prime LC Ultivo Triple Quad LC/MS

",,,,,,,,,8/16/26,8/16/26,,,"Block after Info Column",,,,No,,,,,,,"Use config",,"agilent_autosampler=Hybrid Multisampler,agilent_bench_stack_configuration=Flex,agilent_detector=DAD HS,agilent_optional_secondary_detector=ELSD,agilent_solvent_fluid_management=Level Sensing,gift_wrapping_available=Yes",123.0000,0.0000,1,0,0,1,1,1,10000,1,1,1.0000,1,1,1,1,1.0000,1,0,0,0,0,1,,,,,,,,,,,,,,,,,,,,,,,,,,,,,,,,,,
"1260-Level Sensing-ELSD-DAD HS-Hybrid Multisampler-Benchtop",,Agilent_LC,simple,"Default Category/Products",base,"1260 Infinity III Prime LC System-Level Sensing-ELSD-DAD HS-Hybrid Multisampler-Benchtop","<p data-v-64dfe0b9=""""><strong>Featured documents</strong></p>
<div class=""documents-list d-flex flex-column flex-md-row"" data-v-64dfe0b9="""">
<div class=""document-item rounded d-flex flex-column"" tabindex=""0"" data-v-64dfe0b9=""""><a class=""d-flex"" tabindex=""-1"" href=""https://www.agilent.com/cs/library/brochures/br-infinitylab-analytical-hplc-systems-5994-7151EN-agilent.pdf"" target=""_blank"" rel=""noopener"" data-v-64dfe0b9=""""><span data-v-64dfe0b9="""">Brochure</span></a>
<h4 data-v-64dfe0b9="""">Agilent InfinityLab LC Solutions: HPLC Made for Tomorrow</h4>
</div>
<div class=""document-item rounded d-flex flex-column"" tabindex=""0"" data-v-64dfe0b9=""""><a class=""d-flex"" tabindex=""-1"" href=""https://www.agilent.com/cs/library/applications/application-pesticide-analysis-1260-infinity-II-prime-lc-ultivo-lc-ms-ms-5994-1889en-agilent.pdf"" target=""_blank"" rel=""noopener"" data-v-64dfe0b9=""""><span data-v-64dfe0b9="""">Application note</span></a>
<h4 data-v-64dfe0b9="""">Pesticide Analysis with Agilent 1260 Infinity II Prime LC Ultivo Triple Quad LC/MS</h4>
</div>
</div>","<p class=""product-description"" data-v-64dfe0b9="""">The 1260 Infinity III Prime LC System is an analytical high-performance liquid chromatography (HPLC) system, offering the flexibility of both an HPLC and a UHPLC for columns with sub-2 μm particles. It can operate at high pressures and handle flow rates up to 5 mL/min. This HPLC/UHPLC system gives you the utmost confidence in your HPLC results and can be a front end for your LC/MS system.</p>
<p class=""product-ul"" data-v-64dfe0b9=""""> </p>
<ul class=""product-features list-styled flex-column"" data-v-64dfe0b9="""">
<li data-v-64dfe0b9="""">Automates your daily HPLC tasks, ensuring reliable HPLC results</li>
<li data-v-64dfe0b9="""">Delivers gradient formation/mixing performance equivalent to a binary-like system</li>
<li data-v-64dfe0b9="""">Provides excellent retention time reproducibility, accuracy, and precision</li>
<li data-v-64dfe0b9="""">Offers seamless method transfer with Intelligent System Emulation Technology</li>
<li data-v-64dfe0b9="""">Mediates solvent effects with Feed Injection using a Hybrid Multisampler</li>
</ul>
<p> </p>",790.000000,1,"Taxable Goods","Not Visible Individually",7000.000000,,,,1260-infinity-iii-prime-lc-system-level-sensing-elsd-dad-hs-hybrid-multisampler-benchtop,"1260 Infinity III Prime LC System","1260 Infinity III Prime LC System","1260 Infinity III Prime LC System Featured documents

Brochure
Agilent InfinityLab LC Solutions: HPLC Made for Tomorrow

Application note
Pesticide Analysis with Agilent 1260 Infinity II Prime LC Ultivo Triple Quad LC/MS

",,,,,,,,,8/16/26,8/16/26,,,"Block after Info Column",,,,No,,,,,,,"Use config",,"agilent_autosampler=Hybrid Multisampler,agilent_bench_stack_configuration=Benchtop,agilent_detector=DAD HS,agilent_optional_secondary_detector=ELSD,agilent_solvent_fluid_management=Level Sensing,gift_wrapping_available=Yes",123.0000,0.0000,1,0,0,1,1,1,10000,1,1,1.0000,1,1,1,1,1.0000,1,0,0,0,0,1,,,,,,,,,,,,,,,,,,,,,,,,,,,,,,,,,,
"1260-Level Sensing-ELSD-DAD HS-Hybrid Multisampler-Stack",,Agilent_LC,simple,"Default Category/Products",base,"1260 Infinity III Prime LC System-Level Sensing-ELSD-DAD HS-Hybrid Multisampler-Stack","<p data-v-64dfe0b9=""""><strong>Featured documents</strong></p>
<div class=""documents-list d-flex flex-column flex-md-row"" data-v-64dfe0b9="""">
<div class=""document-item rounded d-flex flex-column"" tabindex=""0"" data-v-64dfe0b9=""""><a class=""d-flex"" tabindex=""-1"" href=""https://www.agilent.com/cs/library/brochures/br-infinitylab-analytical-hplc-systems-5994-7151EN-agilent.pdf"" target=""_blank"" rel=""noopener"" data-v-64dfe0b9=""""><span data-v-64dfe0b9="""">Brochure</span></a>
<h4 data-v-64dfe0b9="""">Agilent InfinityLab LC Solutions: HPLC Made for Tomorrow</h4>
</div>
<div class=""document-item rounded d-flex flex-column"" tabindex=""0"" data-v-64dfe0b9=""""><a class=""d-flex"" tabindex=""-1"" href=""https://www.agilent.com/cs/library/applications/application-pesticide-analysis-1260-infinity-II-prime-lc-ultivo-lc-ms-ms-5994-1889en-agilent.pdf"" target=""_blank"" rel=""noopener"" data-v-64dfe0b9=""""><span data-v-64dfe0b9="""">Application note</span></a>
<h4 data-v-64dfe0b9="""">Pesticide Analysis with Agilent 1260 Infinity II Prime LC Ultivo Triple Quad LC/MS</h4>
</div>
</div>","<p class=""product-description"" data-v-64dfe0b9="""">The 1260 Infinity III Prime LC System is an analytical high-performance liquid chromatography (HPLC) system, offering the flexibility of both an HPLC and a UHPLC for columns with sub-2 μm particles. It can operate at high pressures and handle flow rates up to 5 mL/min. This HPLC/UHPLC system gives you the utmost confidence in your HPLC results and can be a front end for your LC/MS system.</p>
<p class=""product-ul"" data-v-64dfe0b9=""""> </p>
<ul class=""product-features list-styled flex-column"" data-v-64dfe0b9="""">
<li data-v-64dfe0b9="""">Automates your daily HPLC tasks, ensuring reliable HPLC results</li>
<li data-v-64dfe0b9="""">Delivers gradient formation/mixing performance equivalent to a binary-like system</li>
<li data-v-64dfe0b9="""">Provides excellent retention time reproducibility, accuracy, and precision</li>
<li data-v-64dfe0b9="""">Offers seamless method transfer with Intelligent System Emulation Technology</li>
<li data-v-64dfe0b9="""">Mediates solvent effects with Feed Injection using a Hybrid Multisampler</li>
</ul>
<p> </p>",790.000000,1,"Taxable Goods","Not Visible Individually",7000.000000,,,,1260-infinity-iii-prime-lc-system-level-sensing-elsd-dad-hs-hybrid-multisampler-stack,"1260 Infinity III Prime LC System","1260 Infinity III Prime LC System","1260 Infinity III Prime LC System Featured documents

Brochure
Agilent InfinityLab LC Solutions: HPLC Made for Tomorrow

Application note
Pesticide Analysis with Agilent 1260 Infinity II Prime LC Ultivo Triple Quad LC/MS

",,,,,,,,,8/16/26,8/16/26,,,"Block after Info Column",,,,No,,,,,,,"Use config",,"agilent_autosampler=Hybrid Multisampler,agilent_bench_stack_configuration=Stack,agilent_detector=DAD HS,agilent_optional_secondary_detector=ELSD,agilent_solvent_fluid_management=Level Sensing,gift_wrapping_available=Yes",123.0000,0.0000,1,0,0,1,1,1,10000,1,1,1.0000,1,1,1,1,1.0000,1,0,0,0,0,1,,,,,,,,,,,,,,,,,,,,,,,,,,,,,,,,,,
"1260-Level Sensing-ELSD-DAD HS-Vialsampler-Flex",,Agilent_LC,simple,"Default Category/Products",base,"1260 Infinity III Prime LC System-Level Sensing-ELSD-DAD HS-Vialsampler-Flex","<p data-v-64dfe0b9=""""><strong>Featured documents</strong></p>
<div class=""documents-list d-flex flex-column flex-md-row"" data-v-64dfe0b9="""">
<div class=""document-item rounded d-flex flex-column"" tabindex=""0"" data-v-64dfe0b9=""""><a class=""d-flex"" tabindex=""-1"" href=""https://www.agilent.com/cs/library/brochures/br-infinitylab-analytical-hplc-systems-5994-7151EN-agilent.pdf"" target=""_blank"" rel=""noopener"" data-v-64dfe0b9=""""><span data-v-64dfe0b9="""">Brochure</span></a>
<h4 data-v-64dfe0b9="""">Agilent InfinityLab LC Solutions: HPLC Made for Tomorrow</h4>
</div>
<div class=""document-item rounded d-flex flex-column"" tabindex=""0"" data-v-64dfe0b9=""""><a class=""d-flex"" tabindex=""-1"" href=""https://www.agilent.com/cs/library/applications/application-pesticide-analysis-1260-infinity-II-prime-lc-ultivo-lc-ms-ms-5994-1889en-agilent.pdf"" target=""_blank"" rel=""noopener"" data-v-64dfe0b9=""""><span data-v-64dfe0b9="""">Application note</span></a>
<h4 data-v-64dfe0b9="""">Pesticide Analysis with Agilent 1260 Infinity II Prime LC Ultivo Triple Quad LC/MS</h4>
</div>
</div>","<p class=""product-description"" data-v-64dfe0b9="""">The 1260 Infinity III Prime LC System is an analytical high-performance liquid chromatography (HPLC) system, offering the flexibility of both an HPLC and a UHPLC for columns with sub-2 μm particles. It can operate at high pressures and handle flow rates up to 5 mL/min. This HPLC/UHPLC system gives you the utmost confidence in your HPLC results and can be a front end for your LC/MS system.</p>
<p class=""product-ul"" data-v-64dfe0b9=""""> </p>
<ul class=""product-features list-styled flex-column"" data-v-64dfe0b9="""">
<li data-v-64dfe0b9="""">Automates your daily HPLC tasks, ensuring reliable HPLC results</li>
<li data-v-64dfe0b9="""">Delivers gradient formation/mixing performance equivalent to a binary-like system</li>
<li data-v-64dfe0b9="""">Provides excellent retention time reproducibility, accuracy, and precision</li>
<li data-v-64dfe0b9="""">Offers seamless method transfer with Intelligent System Emulation Technology</li>
<li data-v-64dfe0b9="""">Mediates solvent effects with Feed Injection using a Hybrid Multisampler</li>
</ul>
<p> </p>",790.000000,1,"Taxable Goods","Not Visible Individually",7000.000000,,,,1260-infinity-iii-prime-lc-system-level-sensing-elsd-dad-hs-vialsampler-flex,"1260 Infinity III Prime LC System","1260 Infinity III Prime LC System","1260 Infinity III Prime LC System Featured documents

Brochure
Agilent InfinityLab LC Solutions: HPLC Made for Tomorrow

Application note
Pesticide Analysis with Agilent 1260 Infinity II Prime LC Ultivo Triple Quad LC/MS

",,,,,,,,,8/16/26,8/16/26,,,"Block after Info Column",,,,No,,,,,,,"Use config",,"agilent_autosampler=Vialsampler,agilent_bench_stack_configuration=Flex,agilent_detector=DAD HS,agilent_optional_secondary_detector=ELSD,agilent_solvent_fluid_management=Level Sensing,gift_wrapping_available=Yes",123.0000,0.0000,1,0,0,1,1,1,10000,1,1,1.0000,1,1,1,1,1.0000,1,0,0,0,0,1,,,,,,,,,,,,,,,,,,,,,,,,,,,,,,,,,,
"1260-Level Sensing-ELSD-DAD HS-Vialsampler-Benchtop",,Agilent_LC,simple,"Default Category/Products",base,"1260 Infinity III Prime LC System-Level Sensing-ELSD-DAD HS-Vialsampler-Benchtop","<p data-v-64dfe0b9=""""><strong>Featured documents</strong></p>
<div class=""documents-list d-flex flex-column flex-md-row"" data-v-64dfe0b9="""">
<div class=""document-item rounded d-flex flex-column"" tabindex=""0"" data-v-64dfe0b9=""""><a class=""d-flex"" tabindex=""-1"" href=""https://www.agilent.com/cs/library/brochures/br-infinitylab-analytical-hplc-systems-5994-7151EN-agilent.pdf"" target=""_blank"" rel=""noopener"" data-v-64dfe0b9=""""><span data-v-64dfe0b9="""">Brochure</span></a>
<h4 data-v-64dfe0b9="""">Agilent InfinityLab LC Solutions: HPLC Made for Tomorrow</h4>
</div>
<div class=""document-item rounded d-flex flex-column"" tabindex=""0"" data-v-64dfe0b9=""""><a class=""d-flex"" tabindex=""-1"" href=""https://www.agilent.com/cs/library/applications/application-pesticide-analysis-1260-infinity-II-prime-lc-ultivo-lc-ms-ms-5994-1889en-agilent.pdf"" target=""_blank"" rel=""noopener"" data-v-64dfe0b9=""""><span data-v-64dfe0b9="""">Application note</span></a>
<h4 data-v-64dfe0b9="""">Pesticide Analysis with Agilent 1260 Infinity II Prime LC Ultivo Triple Quad LC/MS</h4>
</div>
</div>","<p class=""product-description"" data-v-64dfe0b9="""">The 1260 Infinity III Prime LC System is an analytical high-performance liquid chromatography (HPLC) system, offering the flexibility of both an HPLC and a UHPLC for columns with sub-2 μm particles. It can operate at high pressures and handle flow rates up to 5 mL/min. This HPLC/UHPLC system gives you the utmost confidence in your HPLC results and can be a front end for your LC/MS system.</p>
<p class=""product-ul"" data-v-64dfe0b9=""""> </p>
<ul class=""product-features list-styled flex-column"" data-v-64dfe0b9="""">
<li data-v-64dfe0b9="""">Automates your daily HPLC tasks, ensuring reliable HPLC results</li>
<li data-v-64dfe0b9="""">Delivers gradient formation/mixing performance equivalent to a binary-like system</li>
<li data-v-64dfe0b9="""">Provides excellent retention time reproducibility, accuracy, and precision</li>
<li data-v-64dfe0b9="""">Offers seamless method transfer with Intelligent System Emulation Technology</li>
<li data-v-64dfe0b9="""">Mediates solvent effects with Feed Injection using a Hybrid Multisampler</li>
</ul>
<p> </p>",790.000000,1,"Taxable Goods","Not Visible Individually",7000.000000,,,,1260-infinity-iii-prime-lc-system-level-sensing-elsd-dad-hs-vialsampler-benchtop,"1260 Infinity III Prime LC System","1260 Infinity III Prime LC System","1260 Infinity III Prime LC System Featured documents

Brochure
Agilent InfinityLab LC Solutions: HPLC Made for Tomorrow

Application note
Pesticide Analysis with Agilent 1260 Infinity II Prime LC Ultivo Triple Quad LC/MS

",,,,,,,,,8/16/26,8/16/26,,,"Block after Info Column",,,,No,,,,,,,"Use config",,"agilent_autosampler=Vialsampler,agilent_bench_stack_configuration=Benchtop,agilent_detector=DAD HS,agilent_optional_secondary_detector=ELSD,agilent_solvent_fluid_management=Level Sensing,gift_wrapping_available=Yes",123.0000,0.0000,1,0,0,1,1,1,10000,1,1,1.0000,1,1,1,1,1.0000,1,0,0,0,0,1,,,,,,,,,,,,,,,,,,,,,,,,,,,,,,,,,,
"1260-Level Sensing-ELSD-DAD HS-Vialsampler-Stack",,Agilent_LC,simple,"Default Category/Products",base,"1260 Infinity III Prime LC System-Level Sensing-ELSD-DAD HS-Vialsampler-Stack","<p data-v-64dfe0b9=""""><strong>Featured documents</strong></p>
<div class=""documents-list d-flex flex-column flex-md-row"" data-v-64dfe0b9="""">
<div class=""document-item rounded d-flex flex-column"" tabindex=""0"" data-v-64dfe0b9=""""><a class=""d-flex"" tabindex=""-1"" href=""https://www.agilent.com/cs/library/brochures/br-infinitylab-analytical-hplc-systems-5994-7151EN-agilent.pdf"" target=""_blank"" rel=""noopener"" data-v-64dfe0b9=""""><span data-v-64dfe0b9="""">Brochure</span></a>
<h4 data-v-64dfe0b9="""">Agilent InfinityLab LC Solutions: HPLC Made for Tomorrow</h4>
</div>
<div class=""document-item rounded d-flex flex-column"" tabindex=""0"" data-v-64dfe0b9=""""><a class=""d-flex"" tabindex=""-1"" href=""https://www.agilent.com/cs/library/applications/application-pesticide-analysis-1260-infinity-II-prime-lc-ultivo-lc-ms-ms-5994-1889en-agilent.pdf"" target=""_blank"" rel=""noopener"" data-v-64dfe0b9=""""><span data-v-64dfe0b9="""">Application note</span></a>
<h4 data-v-64dfe0b9="""">Pesticide Analysis with Agilent 1260 Infinity II Prime LC Ultivo Triple Quad LC/MS</h4>
</div>
</div>","<p class=""product-description"" data-v-64dfe0b9="""">The 1260 Infinity III Prime LC System is an analytical high-performance liquid chromatography (HPLC) system, offering the flexibility of both an HPLC and a UHPLC for columns with sub-2 μm particles. It can operate at high pressures and handle flow rates up to 5 mL/min. This HPLC/UHPLC system gives you the utmost confidence in your HPLC results and can be a front end for your LC/MS system.</p>
<p class=""product-ul"" data-v-64dfe0b9=""""> </p>
<ul class=""product-features list-styled flex-column"" data-v-64dfe0b9="""">
<li data-v-64dfe0b9="""">Automates your daily HPLC tasks, ensuring reliable HPLC results</li>
<li data-v-64dfe0b9="""">Delivers gradient formation/mixing performance equivalent to a binary-like system</li>
<li data-v-64dfe0b9="""">Provides excellent retention time reproducibility, accuracy, and precision</li>
<li data-v-64dfe0b9="""">Offers seamless method transfer with Intelligent System Emulation Technology</li>
<li data-v-64dfe0b9="""">Mediates solvent effects with Feed Injection using a Hybrid Multisampler</li>
</ul>
<p> </p>",790.000000,1,"Taxable Goods","Not Visible Individually",7000.000000,,,,1260-infinity-iii-prime-lc-system-level-sensing-elsd-dad-hs-vialsampler-stack,"1260 Infinity III Prime LC System","1260 Infinity III Prime LC System","1260 Infinity III Prime LC System Featured documents

Brochure
Agilent InfinityLab LC Solutions: HPLC Made for Tomorrow

Application note
Pesticide Analysis with Agilent 1260 Infinity II Prime LC Ultivo Triple Quad LC/MS

",,,,,,,,,8/16/26,8/16/26,,,"Block after Info Column",,,,No,,,,,,,"Use config",,"agilent_autosampler=Vialsampler,agilent_bench_stack_configuration=Stack,agilent_detector=DAD HS,agilent_optional_secondary_detector=ELSD,agilent_solvent_fluid_management=Level Sensing,gift_wrapping_available=Yes",123.0000,0.0000,1,0,0,1,1,1,10000,1,1,1.0000,1,1,1,1,1.0000,1,0,0,0,0,1,,,,,,,,,,,,,,,,,,,,,,,,,,,,,,,,,,
"1260-Level Sensing-ELSD-DAD WR-Multisampler-Flex",,Agilent_LC,simple,"Default Category/Products",base,"1260 Infinity III Prime LC System-Level Sensing-ELSD-DAD WR-Multisampler-Flex","<p data-v-64dfe0b9=""""><strong>Featured documents</strong></p>
<div class=""documents-list d-flex flex-column flex-md-row"" data-v-64dfe0b9="""">
<div class=""document-item rounded d-flex flex-column"" tabindex=""0"" data-v-64dfe0b9=""""><a class=""d-flex"" tabindex=""-1"" href=""https://www.agilent.com/cs/library/brochures/br-infinitylab-analytical-hplc-systems-5994-7151EN-agilent.pdf"" target=""_blank"" rel=""noopener"" data-v-64dfe0b9=""""><span data-v-64dfe0b9="""">Brochure</span></a>
<h4 data-v-64dfe0b9="""">Agilent InfinityLab LC Solutions: HPLC Made for Tomorrow</h4>
</div>
<div class=""document-item rounded d-flex flex-column"" tabindex=""0"" data-v-64dfe0b9=""""><a class=""d-flex"" tabindex=""-1"" href=""https://www.agilent.com/cs/library/applications/application-pesticide-analysis-1260-infinity-II-prime-lc-ultivo-lc-ms-ms-5994-1889en-agilent.pdf"" target=""_blank"" rel=""noopener"" data-v-64dfe0b9=""""><span data-v-64dfe0b9="""">Application note</span></a>
<h4 data-v-64dfe0b9="""">Pesticide Analysis with Agilent 1260 Infinity II Prime LC Ultivo Triple Quad LC/MS</h4>
</div>
</div>","<p class=""product-description"" data-v-64dfe0b9="""">The 1260 Infinity III Prime LC System is an analytical high-performance liquid chromatography (HPLC) system, offering the flexibility of both an HPLC and a UHPLC for columns with sub-2 μm particles. It can operate at high pressures and handle flow rates up to 5 mL/min. This HPLC/UHPLC system gives you the utmost confidence in your HPLC results and can be a front end for your LC/MS system.</p>
<p class=""product-ul"" data-v-64dfe0b9=""""> </p>
<ul class=""product-features list-styled flex-column"" data-v-64dfe0b9="""">
<li data-v-64dfe0b9="""">Automates your daily HPLC tasks, ensuring reliable HPLC results</li>
<li data-v-64dfe0b9="""">Delivers gradient formation/mixing performance equivalent to a binary-like system</li>
<li data-v-64dfe0b9="""">Provides excellent retention time reproducibility, accuracy, and precision</li>
<li data-v-64dfe0b9="""">Offers seamless method transfer with Intelligent System Emulation Technology</li>
<li data-v-64dfe0b9="""">Mediates solvent effects with Feed Injection using a Hybrid Multisampler</li>
</ul>
<p> </p>",790.000000,1,"Taxable Goods","Not Visible Individually",7000.000000,,,,1260-infinity-iii-prime-lc-system-level-sensing-elsd-dad-wr-multisampler-flex,"1260 Infinity III Prime LC System","1260 Infinity III Prime LC System","1260 Infinity III Prime LC System Featured documents

Brochure
Agilent InfinityLab LC Solutions: HPLC Made for Tomorrow

Application note
Pesticide Analysis with Agilent 1260 Infinity II Prime LC Ultivo Triple Quad LC/MS

",,,,,,,,,8/16/26,8/16/26,,,"Block after Info Column",,,,No,,,,,,,"Use config",,"agilent_autosampler=Multisampler,agilent_bench_stack_configuration=Flex,agilent_detector=DAD WR,agilent_optional_secondary_detector=ELSD,agilent_solvent_fluid_management=Level Sensing,gift_wrapping_available=Yes",123.0000,0.0000,1,0,0,1,1,1,10000,1,1,1.0000,1,1,1,1,1.0000,1,0,0,0,0,1,,,,,,,,,,,,,,,,,,,,,,,,,,,,,,,,,,
"1260-Level Sensing-ELSD-DAD WR-Multisampler-Benchtop",,Agilent_LC,simple,"Default Category/Products",base,"1260 Infinity III Prime LC System-Level Sensing-ELSD-DAD WR-Multisampler-Benchtop","<p data-v-64dfe0b9=""""><strong>Featured documents</strong></p>
<div class=""documents-list d-flex flex-column flex-md-row"" data-v-64dfe0b9="""">
<div class=""document-item rounded d-flex flex-column"" tabindex=""0"" data-v-64dfe0b9=""""><a class=""d-flex"" tabindex=""-1"" href=""https://www.agilent.com/cs/library/brochures/br-infinitylab-analytical-hplc-systems-5994-7151EN-agilent.pdf"" target=""_blank"" rel=""noopener"" data-v-64dfe0b9=""""><span data-v-64dfe0b9="""">Brochure</span></a>
<h4 data-v-64dfe0b9="""">Agilent InfinityLab LC Solutions: HPLC Made for Tomorrow</h4>
</div>
<div class=""document-item rounded d-flex flex-column"" tabindex=""0"" data-v-64dfe0b9=""""><a class=""d-flex"" tabindex=""-1"" href=""https://www.agilent.com/cs/library/applications/application-pesticide-analysis-1260-infinity-II-prime-lc-ultivo-lc-ms-ms-5994-1889en-agilent.pdf"" target=""_blank"" rel=""noopener"" data-v-64dfe0b9=""""><span data-v-64dfe0b9="""">Application note</span></a>
<h4 data-v-64dfe0b9="""">Pesticide Analysis with Agilent 1260 Infinity II Prime LC Ultivo Triple Quad LC/MS</h4>
</div>
</div>","<p class=""product-description"" data-v-64dfe0b9="""">The 1260 Infinity III Prime LC System is an analytical high-performance liquid chromatography (HPLC) system, offering the flexibility of both an HPLC and a UHPLC for columns with sub-2 μm particles. It can operate at high pressures and handle flow rates up to 5 mL/min. This HPLC/UHPLC system gives you the utmost confidence in your HPLC results and can be a front end for your LC/MS system.</p>
<p class=""product-ul"" data-v-64dfe0b9=""""> </p>
<ul class=""product-features list-styled flex-column"" data-v-64dfe0b9="""">
<li data-v-64dfe0b9="""">Automates your daily HPLC tasks, ensuring reliable HPLC results</li>
<li data-v-64dfe0b9="""">Delivers gradient formation/mixing performance equivalent to a binary-like system</li>
<li data-v-64dfe0b9="""">Provides excellent retention time reproducibility, accuracy, and precision</li>
<li data-v-64dfe0b9="""">Offers seamless method transfer with Intelligent System Emulation Technology</li>
<li data-v-64dfe0b9="""">Mediates solvent effects with Feed Injection using a Hybrid Multisampler</li>
</ul>
<p> </p>",790.000000,1,"Taxable Goods","Not Visible Individually",7000.000000,,,,1260-infinity-iii-prime-lc-system-level-sensing-elsd-dad-wr-multisampler-benchtop,"1260 Infinity III Prime LC System","1260 Infinity III Prime LC System","1260 Infinity III Prime LC System Featured documents

Brochure
Agilent InfinityLab LC Solutions: HPLC Made for Tomorrow

Application note
Pesticide Analysis with Agilent 1260 Infinity II Prime LC Ultivo Triple Quad LC/MS

",,,,,,,,,8/16/26,8/16/26,,,"Block after Info Column",,,,No,,,,,,,"Use config",,"agilent_autosampler=Multisampler,agilent_bench_stack_configuration=Benchtop,agilent_detector=DAD WR,agilent_optional_secondary_detector=ELSD,agilent_solvent_fluid_management=Level Sensing,gift_wrapping_available=Yes",123.0000,0.0000,1,0,0,1,1,1,10000,1,1,1.0000,1,1,1,1,1.0000,1,0,0,0,0,1,,,,,,,,,,,,,,,,,,,,,,,,,,,,,,,,,,
"1260-Level Sensing-ELSD-DAD WR-Multisampler-Stack",,Agilent_LC,simple,"Default Category/Products",base,"1260 Infinity III Prime LC System-Level Sensing-ELSD-DAD WR-Multisampler-Stack","<p data-v-64dfe0b9=""""><strong>Featured documents</strong></p>
<div class=""documents-list d-flex flex-column flex-md-row"" data-v-64dfe0b9="""">
<div class=""document-item rounded d-flex flex-column"" tabindex=""0"" data-v-64dfe0b9=""""><a class=""d-flex"" tabindex=""-1"" href=""https://www.agilent.com/cs/library/brochures/br-infinitylab-analytical-hplc-systems-5994-7151EN-agilent.pdf"" target=""_blank"" rel=""noopener"" data-v-64dfe0b9=""""><span data-v-64dfe0b9="""">Brochure</span></a>
<h4 data-v-64dfe0b9="""">Agilent InfinityLab LC Solutions: HPLC Made for Tomorrow</h4>
</div>
<div class=""document-item rounded d-flex flex-column"" tabindex=""0"" data-v-64dfe0b9=""""><a class=""d-flex"" tabindex=""-1"" href=""https://www.agilent.com/cs/library/applications/application-pesticide-analysis-1260-infinity-II-prime-lc-ultivo-lc-ms-ms-5994-1889en-agilent.pdf"" target=""_blank"" rel=""noopener"" data-v-64dfe0b9=""""><span data-v-64dfe0b9="""">Application note</span></a>
<h4 data-v-64dfe0b9="""">Pesticide Analysis with Agilent 1260 Infinity II Prime LC Ultivo Triple Quad LC/MS</h4>
</div>
</div>","<p class=""product-description"" data-v-64dfe0b9="""">The 1260 Infinity III Prime LC System is an analytical high-performance liquid chromatography (HPLC) system, offering the flexibility of both an HPLC and a UHPLC for columns with sub-2 μm particles. It can operate at high pressures and handle flow rates up to 5 mL/min. This HPLC/UHPLC system gives you the utmost confidence in your HPLC results and can be a front end for your LC/MS system.</p>
<p class=""product-ul"" data-v-64dfe0b9=""""> </p>
<ul class=""product-features list-styled flex-column"" data-v-64dfe0b9="""">
<li data-v-64dfe0b9="""">Automates your daily HPLC tasks, ensuring reliable HPLC results</li>
<li data-v-64dfe0b9="""">Delivers gradient formation/mixing performance equivalent to a binary-like system</li>
<li data-v-64dfe0b9="""">Provides excellent retention time reproducibility, accuracy, and precision</li>
<li data-v-64dfe0b9="""">Offers seamless method transfer with Intelligent System Emulation Technology</li>
<li data-v-64dfe0b9="""">Mediates solvent effects with Feed Injection using a Hybrid Multisampler</li>
</ul>
<p> </p>",790.000000,1,"Taxable Goods","Not Visible Individually",7000.000000,,,,1260-infinity-iii-prime-lc-system-level-sensing-elsd-dad-wr-multisampler-stack,"1260 Infinity III Prime LC System","1260 Infinity III Prime LC System","1260 Infinity III Prime LC System Featured documents

Brochure
Agilent InfinityLab LC Solutions: HPLC Made for Tomorrow

Application note
Pesticide Analysis with Agilent 1260 Infinity II Prime LC Ultivo Triple Quad LC/MS

",,,,,,,,,8/16/26,8/16/26,,,"Block after Info Column",,,,No,,,,,,,"Use config",,"agilent_autosampler=Multisampler,agilent_bench_stack_configuration=Stack,agilent_detector=DAD WR,agilent_optional_secondary_detector=ELSD,agilent_solvent_fluid_management=Level Sensing,gift_wrapping_available=Yes",123.0000,0.0000,1,0,0,1,1,1,10000,1,1,1.0000,1,1,1,1,1.0000,1,0,0,0,0,1,,,,,,,,,,,,,,,,,,,,,,,,,,,,,,,,,,
"1260-Level Sensing-ELSD-DAD WR-Hybrid Multisampler-Flex",,Agilent_LC,simple,"Default Category/Products",base,"1260 Infinity III Prime LC System-Level Sensing-ELSD-DAD WR-Hybrid Multisampler-Flex","<p data-v-64dfe0b9=""""><strong>Featured documents</strong></p>
<div class=""documents-list d-flex flex-column flex-md-row"" data-v-64dfe0b9="""">
<div class=""document-item rounded d-flex flex-column"" tabindex=""0"" data-v-64dfe0b9=""""><a class=""d-flex"" tabindex=""-1"" href=""https://www.agilent.com/cs/library/brochures/br-infinitylab-analytical-hplc-systems-5994-7151EN-agilent.pdf"" target=""_blank"" rel=""noopener"" data-v-64dfe0b9=""""><span data-v-64dfe0b9="""">Brochure</span></a>
<h4 data-v-64dfe0b9="""">Agilent InfinityLab LC Solutions: HPLC Made for Tomorrow</h4>
</div>
<div class=""document-item rounded d-flex flex-column"" tabindex=""0"" data-v-64dfe0b9=""""><a class=""d-flex"" tabindex=""-1"" href=""https://www.agilent.com/cs/library/applications/application-pesticide-analysis-1260-infinity-II-prime-lc-ultivo-lc-ms-ms-5994-1889en-agilent.pdf"" target=""_blank"" rel=""noopener"" data-v-64dfe0b9=""""><span data-v-64dfe0b9="""">Application note</span></a>
<h4 data-v-64dfe0b9="""">Pesticide Analysis with Agilent 1260 Infinity II Prime LC Ultivo Triple Quad LC/MS</h4>
</div>
</div>","<p class=""product-description"" data-v-64dfe0b9="""">The 1260 Infinity III Prime LC System is an analytical high-performance liquid chromatography (HPLC) system, offering the flexibility of both an HPLC and a UHPLC for columns with sub-2 μm particles. It can operate at high pressures and handle flow rates up to 5 mL/min. This HPLC/UHPLC system gives you the utmost confidence in your HPLC results and can be a front end for your LC/MS system.</p>
<p class=""product-ul"" data-v-64dfe0b9=""""> </p>
<ul class=""product-features list-styled flex-column"" data-v-64dfe0b9="""">
<li data-v-64dfe0b9="""">Automates your daily HPLC tasks, ensuring reliable HPLC results</li>
<li data-v-64dfe0b9="""">Delivers gradient formation/mixing performance equivalent to a binary-like system</li>
<li data-v-64dfe0b9="""">Provides excellent retention time reproducibility, accuracy, and precision</li>
<li data-v-64dfe0b9="""">Offers seamless method transfer with Intelligent System Emulation Technology</li>
<li data-v-64dfe0b9="""">Mediates solvent effects with Feed Injection using a Hybrid Multisampler</li>
</ul>
<p> </p>",790.000000,1,"Taxable Goods","Not Visible Individually",7000.000000,,,,1260-infinity-iii-prime-lc-system-level-sensing-elsd-dad-wr-hybrid-multisampler-flex,"1260 Infinity III Prime LC System","1260 Infinity III Prime LC System","1260 Infinity III Prime LC System Featured documents

Brochure
Agilent InfinityLab LC Solutions: HPLC Made for Tomorrow

Application note
Pesticide Analysis with Agilent 1260 Infinity II Prime LC Ultivo Triple Quad LC/MS

",,,,,,,,,8/16/26,8/16/26,,,"Block after Info Column",,,,No,,,,,,,"Use config",,"agilent_autosampler=Hybrid Multisampler,agilent_bench_stack_configuration=Flex,agilent_detector=DAD WR,agilent_optional_secondary_detector=ELSD,agilent_solvent_fluid_management=Level Sensing,gift_wrapping_available=Yes",123.0000,0.0000,1,0,0,1,1,1,10000,1,1,1.0000,1,1,1,1,1.0000,1,0,0,0,0,1,,,,,,,,,,,,,,,,,,,,,,,,,,,,,,,,,,
"1260-Level Sensing-ELSD-DAD WR-Hybrid Multisampler-Benchtop",,Agilent_LC,simple,"Default Category/Products",base,"1260 Infinity III Prime LC System-Level Sensing-ELSD-DAD WR-Hybrid Multisampler-Benchtop","<p data-v-64dfe0b9=""""><strong>Featured documents</strong></p>
<div class=""documents-list d-flex flex-column flex-md-row"" data-v-64dfe0b9="""">
<div class=""document-item rounded d-flex flex-column"" tabindex=""0"" data-v-64dfe0b9=""""><a class=""d-flex"" tabindex=""-1"" href=""https://www.agilent.com/cs/library/brochures/br-infinitylab-analytical-hplc-systems-5994-7151EN-agilent.pdf"" target=""_blank"" rel=""noopener"" data-v-64dfe0b9=""""><span data-v-64dfe0b9="""">Brochure</span></a>
<h4 data-v-64dfe0b9="""">Agilent InfinityLab LC Solutions: HPLC Made for Tomorrow</h4>
</div>
<div class=""document-item rounded d-flex flex-column"" tabindex=""0"" data-v-64dfe0b9=""""><a class=""d-flex"" tabindex=""-1"" href=""https://www.agilent.com/cs/library/applications/application-pesticide-analysis-1260-infinity-II-prime-lc-ultivo-lc-ms-ms-5994-1889en-agilent.pdf"" target=""_blank"" rel=""noopener"" data-v-64dfe0b9=""""><span data-v-64dfe0b9="""">Application note</span></a>
<h4 data-v-64dfe0b9="""">Pesticide Analysis with Agilent 1260 Infinity II Prime LC Ultivo Triple Quad LC/MS</h4>
</div>
</div>","<p class=""product-description"" data-v-64dfe0b9="""">The 1260 Infinity III Prime LC System is an analytical high-performance liquid chromatography (HPLC) system, offering the flexibility of both an HPLC and a UHPLC for columns with sub-2 μm particles. It can operate at high pressures and handle flow rates up to 5 mL/min. This HPLC/UHPLC system gives you the utmost confidence in your HPLC results and can be a front end for your LC/MS system.</p>
<p class=""product-ul"" data-v-64dfe0b9=""""> </p>
<ul class=""product-features list-styled flex-column"" data-v-64dfe0b9="""">
<li data-v-64dfe0b9="""">Automates your daily HPLC tasks, ensuring reliable HPLC results</li>
<li data-v-64dfe0b9="""">Delivers gradient formation/mixing performance equivalent to a binary-like system</li>
<li data-v-64dfe0b9="""">Provides excellent retention time reproducibility, accuracy, and precision</li>
<li data-v-64dfe0b9="""">Offers seamless method transfer with Intelligent System Emulation Technology</li>
<li data-v-64dfe0b9="""">Mediates solvent effects with Feed Injection using a Hybrid Multisampler</li>
</ul>
<p> </p>",790.000000,1,"Taxable Goods","Not Visible Individually",7000.000000,,,,1260-infinity-iii-prime-lc-system-level-sensing-elsd-dad-wr-hybrid-multisampler-benchtop,"1260 Infinity III Prime LC System","1260 Infinity III Prime LC System","1260 Infinity III Prime LC System Featured documents

Brochure
Agilent InfinityLab LC Solutions: HPLC Made for Tomorrow

Application note
Pesticide Analysis with Agilent 1260 Infinity II Prime LC Ultivo Triple Quad LC/MS

",,,,,,,,,8/16/26,8/16/26,,,"Block after Info Column",,,,No,,,,,,,"Use config",,"agilent_autosampler=Hybrid Multisampler,agilent_bench_stack_configuration=Benchtop,agilent_detector=DAD WR,agilent_optional_secondary_detector=ELSD,agilent_solvent_fluid_management=Level Sensing,gift_wrapping_available=Yes",123.0000,0.0000,1,0,0,1,1,1,10000,1,1,1.0000,1,1,1,1,1.0000,1,0,0,0,0,1,,,,,,,,,,,,,,,,,,,,,,,,,,,,,,,,,,
"1260-Level Sensing-ELSD-DAD WR-Hybrid Multisampler-Stack",,Agilent_LC,simple,"Default Category/Products",base,"1260 Infinity III Prime LC System-Level Sensing-ELSD-DAD WR-Hybrid Multisampler-Stack","<p data-v-64dfe0b9=""""><strong>Featured documents</strong></p>
<div class=""documents-list d-flex flex-column flex-md-row"" data-v-64dfe0b9="""">
<div class=""document-item rounded d-flex flex-column"" tabindex=""0"" data-v-64dfe0b9=""""><a class=""d-flex"" tabindex=""-1"" href=""https://www.agilent.com/cs/library/brochures/br-infinitylab-analytical-hplc-systems-5994-7151EN-agilent.pdf"" target=""_blank"" rel=""noopener"" data-v-64dfe0b9=""""><span data-v-64dfe0b9="""">Brochure</span></a>
<h4 data-v-64dfe0b9="""">Agilent InfinityLab LC Solutions: HPLC Made for Tomorrow</h4>
</div>
<div class=""document-item rounded d-flex flex-column"" tabindex=""0"" data-v-64dfe0b9=""""><a class=""d-flex"" tabindex=""-1"" href=""https://www.agilent.com/cs/library/applications/application-pesticide-analysis-1260-infinity-II-prime-lc-ultivo-lc-ms-ms-5994-1889en-agilent.pdf"" target=""_blank"" rel=""noopener"" data-v-64dfe0b9=""""><span data-v-64dfe0b9="""">Application note</span></a>
<h4 data-v-64dfe0b9="""">Pesticide Analysis with Agilent 1260 Infinity II Prime LC Ultivo Triple Quad LC/MS</h4>
</div>
</div>","<p class=""product-description"" data-v-64dfe0b9="""">The 1260 Infinity III Prime LC System is an analytical high-performance liquid chromatography (HPLC) system, offering the flexibility of both an HPLC and a UHPLC for columns with sub-2 μm particles. It can operate at high pressures and handle flow rates up to 5 mL/min. This HPLC/UHPLC system gives you the utmost confidence in your HPLC results and can be a front end for your LC/MS system.</p>
<p class=""product-ul"" data-v-64dfe0b9=""""> </p>
<ul class=""product-features list-styled flex-column"" data-v-64dfe0b9="""">
<li data-v-64dfe0b9="""">Automates your daily HPLC tasks, ensuring reliable HPLC results</li>
<li data-v-64dfe0b9="""">Delivers gradient formation/mixing performance equivalent to a binary-like system</li>
<li data-v-64dfe0b9="""">Provides excellent retention time reproducibility, accuracy, and precision</li>
<li data-v-64dfe0b9="""">Offers seamless method transfer with Intelligent System Emulation Technology</li>
<li data-v-64dfe0b9="""">Mediates solvent effects with Feed Injection using a Hybrid Multisampler</li>
</ul>
<p> </p>",790.000000,1,"Taxable Goods","Not Visible Individually",7000.000000,,,,1260-infinity-iii-prime-lc-system-level-sensing-elsd-dad-wr-hybrid-multisampler-stack,"1260 Infinity III Prime LC System","1260 Infinity III Prime LC System","1260 Infinity III Prime LC System Featured documents

Brochure
Agilent InfinityLab LC Solutions: HPLC Made for Tomorrow

Application note
Pesticide Analysis with Agilent 1260 Infinity II Prime LC Ultivo Triple Quad LC/MS

",,,,,,,,,8/16/26,8/16/26,,,"Block after Info Column",,,,No,,,,,,,"Use config",,"agilent_autosampler=Hybrid Multisampler,agilent_bench_stack_configuration=Stack,agilent_detector=DAD WR,agilent_optional_secondary_detector=ELSD,agilent_solvent_fluid_management=Level Sensing,gift_wrapping_available=Yes",123.0000,0.0000,1,0,0,1,1,1,10000,1,1,1.0000,1,1,1,1,1.0000,1,0,0,0,0,1,,,,,,,,,,,,,,,,,,,,,,,,,,,,,,,,,,
"1260-Level Sensing-ELSD-DAD WR-Vialsampler-Flex",,Agilent_LC,simple,"Default Category/Products",base,"1260 Infinity III Prime LC System-Level Sensing-ELSD-DAD WR-Vialsampler-Flex","<p data-v-64dfe0b9=""""><strong>Featured documents</strong></p>
<div class=""documents-list d-flex flex-column flex-md-row"" data-v-64dfe0b9="""">
<div class=""document-item rounded d-flex flex-column"" tabindex=""0"" data-v-64dfe0b9=""""><a class=""d-flex"" tabindex=""-1"" href=""https://www.agilent.com/cs/library/brochures/br-infinitylab-analytical-hplc-systems-5994-7151EN-agilent.pdf"" target=""_blank"" rel=""noopener"" data-v-64dfe0b9=""""><span data-v-64dfe0b9="""">Brochure</span></a>
<h4 data-v-64dfe0b9="""">Agilent InfinityLab LC Solutions: HPLC Made for Tomorrow</h4>
</div>
<div class=""document-item rounded d-flex flex-column"" tabindex=""0"" data-v-64dfe0b9=""""><a class=""d-flex"" tabindex=""-1"" href=""https://www.agilent.com/cs/library/applications/application-pesticide-analysis-1260-infinity-II-prime-lc-ultivo-lc-ms-ms-5994-1889en-agilent.pdf"" target=""_blank"" rel=""noopener"" data-v-64dfe0b9=""""><span data-v-64dfe0b9="""">Application note</span></a>
<h4 data-v-64dfe0b9="""">Pesticide Analysis with Agilent 1260 Infinity II Prime LC Ultivo Triple Quad LC/MS</h4>
</div>
</div>","<p class=""product-description"" data-v-64dfe0b9="""">The 1260 Infinity III Prime LC System is an analytical high-performance liquid chromatography (HPLC) system, offering the flexibility of both an HPLC and a UHPLC for columns with sub-2 μm particles. It can operate at high pressures and handle flow rates up to 5 mL/min. This HPLC/UHPLC system gives you the utmost confidence in your HPLC results and can be a front end for your LC/MS system.</p>
<p class=""product-ul"" data-v-64dfe0b9=""""> </p>
<ul class=""product-features list-styled flex-column"" data-v-64dfe0b9="""">
<li data-v-64dfe0b9="""">Automates your daily HPLC tasks, ensuring reliable HPLC results</li>
<li data-v-64dfe0b9="""">Delivers gradient formation/mixing performance equivalent to a binary-like system</li>
<li data-v-64dfe0b9="""">Provides excellent retention time reproducibility, accuracy, and precision</li>
<li data-v-64dfe0b9="""">Offers seamless method transfer with Intelligent System Emulation Technology</li>
<li data-v-64dfe0b9="""">Mediates solvent effects with Feed Injection using a Hybrid Multisampler</li>
</ul>
<p> </p>",790.000000,1,"Taxable Goods","Not Visible Individually",7000.000000,,,,1260-infinity-iii-prime-lc-system-level-sensing-elsd-dad-wr-vialsampler-flex,"1260 Infinity III Prime LC System","1260 Infinity III Prime LC System","1260 Infinity III Prime LC System Featured documents

Brochure
Agilent InfinityLab LC Solutions: HPLC Made for Tomorrow

Application note
Pesticide Analysis with Agilent 1260 Infinity II Prime LC Ultivo Triple Quad LC/MS

",,,,,,,,,8/16/26,8/16/26,,,"Block after Info Column",,,,No,,,,,,,"Use config",,"agilent_autosampler=Vialsampler,agilent_bench_stack_configuration=Flex,agilent_detector=DAD WR,agilent_optional_secondary_detector=ELSD,agilent_solvent_fluid_management=Level Sensing,gift_wrapping_available=Yes",123.0000,0.0000,1,0,0,1,1,1,10000,1,1,1.0000,1,1,1,1,1.0000,1,0,0,0,0,1,,,,,,,,,,,,,,,,,,,,,,,,,,,,,,,,,,
"1260-Level Sensing-ELSD-DAD WR-Vialsampler-Benchtop",,Agilent_LC,simple,"Default Category/Products",base,"1260 Infinity III Prime LC System-Level Sensing-ELSD-DAD WR-Vialsampler-Benchtop","<p data-v-64dfe0b9=""""><strong>Featured documents</strong></p>
<div class=""documents-list d-flex flex-column flex-md-row"" data-v-64dfe0b9="""">
<div class=""document-item rounded d-flex flex-column"" tabindex=""0"" data-v-64dfe0b9=""""><a class=""d-flex"" tabindex=""-1"" href=""https://www.agilent.com/cs/library/brochures/br-infinitylab-analytical-hplc-systems-5994-7151EN-agilent.pdf"" target=""_blank"" rel=""noopener"" data-v-64dfe0b9=""""><span data-v-64dfe0b9="""">Brochure</span></a>
<h4 data-v-64dfe0b9="""">Agilent InfinityLab LC Solutions: HPLC Made for Tomorrow</h4>
</div>
<div class=""document-item rounded d-flex flex-column"" tabindex=""0"" data-v-64dfe0b9=""""><a class=""d-flex"" tabindex=""-1"" href=""https://www.agilent.com/cs/library/applications/application-pesticide-analysis-1260-infinity-II-prime-lc-ultivo-lc-ms-ms-5994-1889en-agilent.pdf"" target=""_blank"" rel=""noopener"" data-v-64dfe0b9=""""><span data-v-64dfe0b9="""">Application note</span></a>
<h4 data-v-64dfe0b9="""">Pesticide Analysis with Agilent 1260 Infinity II Prime LC Ultivo Triple Quad LC/MS</h4>
</div>
</div>","<p class=""product-description"" data-v-64dfe0b9="""">The 1260 Infinity III Prime LC System is an analytical high-performance liquid chromatography (HPLC) system, offering the flexibility of both an HPLC and a UHPLC for columns with sub-2 μm particles. It can operate at high pressures and handle flow rates up to 5 mL/min. This HPLC/UHPLC system gives you the utmost confidence in your HPLC results and can be a front end for your LC/MS system.</p>
<p class=""product-ul"" data-v-64dfe0b9=""""> </p>
<ul class=""product-features list-styled flex-column"" data-v-64dfe0b9="""">
<li data-v-64dfe0b9="""">Automates your daily HPLC tasks, ensuring reliable HPLC results</li>
<li data-v-64dfe0b9="""">Delivers gradient formation/mixing performance equivalent to a binary-like system</li>
<li data-v-64dfe0b9="""">Provides excellent retention time reproducibility, accuracy, and precision</li>
<li data-v-64dfe0b9="""">Offers seamless method transfer with Intelligent System Emulation Technology</li>
<li data-v-64dfe0b9="""">Mediates solvent effects with Feed Injection using a Hybrid Multisampler</li>
</ul>
<p> </p>",790.000000,1,"Taxable Goods","Not Visible Individually",7000.000000,,,,1260-infinity-iii-prime-lc-system-level-sensing-elsd-dad-wr-vialsampler-benchtop,"1260 Infinity III Prime LC System","1260 Infinity III Prime LC System","1260 Infinity III Prime LC System Featured documents

Brochure
Agilent InfinityLab LC Solutions: HPLC Made for Tomorrow

Application note
Pesticide Analysis with Agilent 1260 Infinity II Prime LC Ultivo Triple Quad LC/MS

",,,,,,,,,8/16/26,8/16/26,,,"Block after Info Column",,,,No,,,,,,,"Use config",,"agilent_autosampler=Vialsampler,agilent_bench_stack_configuration=Benchtop,agilent_detector=DAD WR,agilent_optional_secondary_detector=ELSD,agilent_solvent_fluid_management=Level Sensing,gift_wrapping_available=Yes",123.0000,0.0000,1,0,0,1,1,1,10000,1,1,1.0000,1,1,1,1,1.0000,1,0,0,0,0,1,,,,,,,,,,,,,,,,,,,,,,,,,,,,,,,,,,
"1260-Level Sensing-ELSD-DAD WR-Vialsampler-Stack",,Agilent_LC,simple,"Default Category/Products",base,"1260 Infinity III Prime LC System-Level Sensing-ELSD-DAD WR-Vialsampler-Stack","<p data-v-64dfe0b9=""""><strong>Featured documents</strong></p>
<div class=""documents-list d-flex flex-column flex-md-row"" data-v-64dfe0b9="""">
<div class=""document-item rounded d-flex flex-column"" tabindex=""0"" data-v-64dfe0b9=""""><a class=""d-flex"" tabindex=""-1"" href=""https://www.agilent.com/cs/library/brochures/br-infinitylab-analytical-hplc-systems-5994-7151EN-agilent.pdf"" target=""_blank"" rel=""noopener"" data-v-64dfe0b9=""""><span data-v-64dfe0b9="""">Brochure</span></a>
<h4 data-v-64dfe0b9="""">Agilent InfinityLab LC Solutions: HPLC Made for Tomorrow</h4>
</div>
<div class=""document-item rounded d-flex flex-column"" tabindex=""0"" data-v-64dfe0b9=""""><a class=""d-flex"" tabindex=""-1"" href=""https://www.agilent.com/cs/library/applications/application-pesticide-analysis-1260-infinity-II-prime-lc-ultivo-lc-ms-ms-5994-1889en-agilent.pdf"" target=""_blank"" rel=""noopener"" data-v-64dfe0b9=""""><span data-v-64dfe0b9="""">Application note</span></a>
<h4 data-v-64dfe0b9="""">Pesticide Analysis with Agilent 1260 Infinity II Prime LC Ultivo Triple Quad LC/MS</h4>
</div>
</div>","<p class=""product-description"" data-v-64dfe0b9="""">The 1260 Infinity III Prime LC System is an analytical high-performance liquid chromatography (HPLC) system, offering the flexibility of both an HPLC and a UHPLC for columns with sub-2 μm particles. It can operate at high pressures and handle flow rates up to 5 mL/min. This HPLC/UHPLC system gives you the utmost confidence in your HPLC results and can be a front end for your LC/MS system.</p>
<p class=""product-ul"" data-v-64dfe0b9=""""> </p>
<ul class=""product-features list-styled flex-column"" data-v-64dfe0b9="""">
<li data-v-64dfe0b9="""">Automates your daily HPLC tasks, ensuring reliable HPLC results</li>
<li data-v-64dfe0b9="""">Delivers gradient formation/mixing performance equivalent to a binary-like system</li>
<li data-v-64dfe0b9="""">Provides excellent retention time reproducibility, accuracy, and precision</li>
<li data-v-64dfe0b9="""">Offers seamless method transfer with Intelligent System Emulation Technology</li>
<li data-v-64dfe0b9="""">Mediates solvent effects with Feed Injection using a Hybrid Multisampler</li>
</ul>
<p> </p>",790.000000,1,"Taxable Goods","Not Visible Individually",7000.000000,,,,1260-infinity-iii-prime-lc-system-level-sensing-elsd-dad-wr-vialsampler-stack,"1260 Infinity III Prime LC System","1260 Infinity III Prime LC System","1260 Infinity III Prime LC System Featured documents

Brochure
Agilent InfinityLab LC Solutions: HPLC Made for Tomorrow

Application note
Pesticide Analysis with Agilent 1260 Infinity II Prime LC Ultivo Triple Quad LC/MS

",,,,,,,,,8/16/26,8/16/26,,,"Block after Info Column",,,,No,,,,,,,"Use config",,"agilent_autosampler=Vialsampler,agilent_bench_stack_configuration=Stack,agilent_detector=DAD WR,agilent_optional_secondary_detector=ELSD,agilent_solvent_fluid_management=Level Sensing,gift_wrapping_available=Yes",123.0000,0.0000,1,0,0,1,1,1,10000,1,1,1.0000,1,1,1,1,1.0000,1,0,0,0,0,1,,,,,,,,,,,,,,,,,,,,,,,,,,,,,,,,,,
"1260-Level Sensing-ELSD-VWD-Multisampler-Flex",,Agilent_LC,simple,"Default Category/Products",base,"1260 Infinity III Prime LC System-Level Sensing-ELSD-VWD-Multisampler-Flex","<p data-v-64dfe0b9=""""><strong>Featured documents</strong></p>
<div class=""documents-list d-flex flex-column flex-md-row"" data-v-64dfe0b9="""">
<div class=""document-item rounded d-flex flex-column"" tabindex=""0"" data-v-64dfe0b9=""""><a class=""d-flex"" tabindex=""-1"" href=""https://www.agilent.com/cs/library/brochures/br-infinitylab-analytical-hplc-systems-5994-7151EN-agilent.pdf"" target=""_blank"" rel=""noopener"" data-v-64dfe0b9=""""><span data-v-64dfe0b9="""">Brochure</span></a>
<h4 data-v-64dfe0b9="""">Agilent InfinityLab LC Solutions: HPLC Made for Tomorrow</h4>
</div>
<div class=""document-item rounded d-flex flex-column"" tabindex=""0"" data-v-64dfe0b9=""""><a class=""d-flex"" tabindex=""-1"" href=""https://www.agilent.com/cs/library/applications/application-pesticide-analysis-1260-infinity-II-prime-lc-ultivo-lc-ms-ms-5994-1889en-agilent.pdf"" target=""_blank"" rel=""noopener"" data-v-64dfe0b9=""""><span data-v-64dfe0b9="""">Application note</span></a>
<h4 data-v-64dfe0b9="""">Pesticide Analysis with Agilent 1260 Infinity II Prime LC Ultivo Triple Quad LC/MS</h4>
</div>
</div>","<p class=""product-description"" data-v-64dfe0b9="""">The 1260 Infinity III Prime LC System is an analytical high-performance liquid chromatography (HPLC) system, offering the flexibility of both an HPLC and a UHPLC for columns with sub-2 μm particles. It can operate at high pressures and handle flow rates up to 5 mL/min. This HPLC/UHPLC system gives you the utmost confidence in your HPLC results and can be a front end for your LC/MS system.</p>
<p class=""product-ul"" data-v-64dfe0b9=""""> </p>
<ul class=""product-features list-styled flex-column"" data-v-64dfe0b9="""">
<li data-v-64dfe0b9="""">Automates your daily HPLC tasks, ensuring reliable HPLC results</li>
<li data-v-64dfe0b9="""">Delivers gradient formation/mixing performance equivalent to a binary-like system</li>
<li data-v-64dfe0b9="""">Provides excellent retention time reproducibility, accuracy, and precision</li>
<li data-v-64dfe0b9="""">Offers seamless method transfer with Intelligent System Emulation Technology</li>
<li data-v-64dfe0b9="""">Mediates solvent effects with Feed Injection using a Hybrid Multisampler</li>
</ul>
<p> </p>",790.000000,1,"Taxable Goods","Not Visible Individually",7000.000000,,,,1260-infinity-iii-prime-lc-system-level-sensing-elsd-vwd-multisampler-flex,"1260 Infinity III Prime LC System","1260 Infinity III Prime LC System","1260 Infinity III Prime LC System Featured documents

Brochure
Agilent InfinityLab LC Solutions: HPLC Made for Tomorrow

Application note
Pesticide Analysis with Agilent 1260 Infinity II Prime LC Ultivo Triple Quad LC/MS

",,,,,,,,,8/16/26,8/16/26,,,"Block after Info Column",,,,No,,,,,,,"Use config",,"agilent_autosampler=Multisampler,agilent_bench_stack_configuration=Flex,agilent_detector=VWD,agilent_optional_secondary_detector=ELSD,agilent_solvent_fluid_management=Level Sensing,gift_wrapping_available=Yes",123.0000,0.0000,1,0,0,1,1,1,10000,1,1,1.0000,1,1,1,1,1.0000,1,0,0,0,0,1,,,,,,,,,,,,,,,,,,,,,,,,,,,,,,,,,,
"1260-Level Sensing-ELSD-VWD-Multisampler-Benchtop",,Agilent_LC,simple,"Default Category/Products",base,"1260 Infinity III Prime LC System-Level Sensing-ELSD-VWD-Multisampler-Benchtop","<p data-v-64dfe0b9=""""><strong>Featured documents</strong></p>
<div class=""documents-list d-flex flex-column flex-md-row"" data-v-64dfe0b9="""">
<div class=""document-item rounded d-flex flex-column"" tabindex=""0"" data-v-64dfe0b9=""""><a class=""d-flex"" tabindex=""-1"" href=""https://www.agilent.com/cs/library/brochures/br-infinitylab-analytical-hplc-systems-5994-7151EN-agilent.pdf"" target=""_blank"" rel=""noopener"" data-v-64dfe0b9=""""><span data-v-64dfe0b9="""">Brochure</span></a>
<h4 data-v-64dfe0b9="""">Agilent InfinityLab LC Solutions: HPLC Made for Tomorrow</h4>
</div>
<div class=""document-item rounded d-flex flex-column"" tabindex=""0"" data-v-64dfe0b9=""""><a class=""d-flex"" tabindex=""-1"" href=""https://www.agilent.com/cs/library/applications/application-pesticide-analysis-1260-infinity-II-prime-lc-ultivo-lc-ms-ms-5994-1889en-agilent.pdf"" target=""_blank"" rel=""noopener"" data-v-64dfe0b9=""""><span data-v-64dfe0b9="""">Application note</span></a>
<h4 data-v-64dfe0b9="""">Pesticide Analysis with Agilent 1260 Infinity II Prime LC Ultivo Triple Quad LC/MS</h4>
</div>
</div>","<p class=""product-description"" data-v-64dfe0b9="""">The 1260 Infinity III Prime LC System is an analytical high-performance liquid chromatography (HPLC) system, offering the flexibility of both an HPLC and a UHPLC for columns with sub-2 μm particles. It can operate at high pressures and handle flow rates up to 5 mL/min. This HPLC/UHPLC system gives you the utmost confidence in your HPLC results and can be a front end for your LC/MS system.</p>
<p class=""product-ul"" data-v-64dfe0b9=""""> </p>
<ul class=""product-features list-styled flex-column"" data-v-64dfe0b9="""">
<li data-v-64dfe0b9="""">Automates your daily HPLC tasks, ensuring reliable HPLC results</li>
<li data-v-64dfe0b9="""">Delivers gradient formation/mixing performance equivalent to a binary-like system</li>
<li data-v-64dfe0b9="""">Provides excellent retention time reproducibility, accuracy, and precision</li>
<li data-v-64dfe0b9="""">Offers seamless method transfer with Intelligent System Emulation Technology</li>
<li data-v-64dfe0b9="""">Mediates solvent effects with Feed Injection using a Hybrid Multisampler</li>
</ul>
<p> </p>",790.000000,1,"Taxable Goods","Not Visible Individually",7000.000000,,,,1260-infinity-iii-prime-lc-system-level-sensing-elsd-vwd-multisampler-benchtop,"1260 Infinity III Prime LC System","1260 Infinity III Prime LC System","1260 Infinity III Prime LC System Featured documents

Brochure
Agilent InfinityLab LC Solutions: HPLC Made for Tomorrow

Application note
Pesticide Analysis with Agilent 1260 Infinity II Prime LC Ultivo Triple Quad LC/MS

",,,,,,,,,8/16/26,8/16/26,,,"Block after Info Column",,,,No,,,,,,,"Use config",,"agilent_autosampler=Multisampler,agilent_bench_stack_configuration=Benchtop,agilent_detector=VWD,agilent_optional_secondary_detector=ELSD,agilent_solvent_fluid_management=Level Sensing,gift_wrapping_available=Yes",123.0000,0.0000,1,0,0,1,1,1,10000,1,1,1.0000,1,1,1,1,1.0000,1,0,0,0,0,1,,,,,,,,,,,,,,,,,,,,,,,,,,,,,,,,,,
"1260-Level Sensing-ELSD-VWD-Multisampler-Stack",,Agilent_LC,simple,"Default Category/Products",base,"1260 Infinity III Prime LC System-Level Sensing-ELSD-VWD-Multisampler-Stack","<p data-v-64dfe0b9=""""><strong>Featured documents</strong></p>
<div class=""documents-list d-flex flex-column flex-md-row"" data-v-64dfe0b9="""">
<div class=""document-item rounded d-flex flex-column"" tabindex=""0"" data-v-64dfe0b9=""""><a class=""d-flex"" tabindex=""-1"" href=""https://www.agilent.com/cs/library/brochures/br-infinitylab-analytical-hplc-systems-5994-7151EN-agilent.pdf"" target=""_blank"" rel=""noopener"" data-v-64dfe0b9=""""><span data-v-64dfe0b9="""">Brochure</span></a>
<h4 data-v-64dfe0b9="""">Agilent InfinityLab LC Solutions: HPLC Made for Tomorrow</h4>
</div>
<div class=""document-item rounded d-flex flex-column"" tabindex=""0"" data-v-64dfe0b9=""""><a class=""d-flex"" tabindex=""-1"" href=""https://www.agilent.com/cs/library/applications/application-pesticide-analysis-1260-infinity-II-prime-lc-ultivo-lc-ms-ms-5994-1889en-agilent.pdf"" target=""_blank"" rel=""noopener"" data-v-64dfe0b9=""""><span data-v-64dfe0b9="""">Application note</span></a>
<h4 data-v-64dfe0b9="""">Pesticide Analysis with Agilent 1260 Infinity II Prime LC Ultivo Triple Quad LC/MS</h4>
</div>
</div>","<p class=""product-description"" data-v-64dfe0b9="""">The 1260 Infinity III Prime LC System is an analytical high-performance liquid chromatography (HPLC) system, offering the flexibility of both an HPLC and a UHPLC for columns with sub-2 μm particles. It can operate at high pressures and handle flow rates up to 5 mL/min. This HPLC/UHPLC system gives you the utmost confidence in your HPLC results and can be a front end for your LC/MS system.</p>
<p class=""product-ul"" data-v-64dfe0b9=""""> </p>
<ul class=""product-features list-styled flex-column"" data-v-64dfe0b9="""">
<li data-v-64dfe0b9="""">Automates your daily HPLC tasks, ensuring reliable HPLC results</li>
<li data-v-64dfe0b9="""">Delivers gradient formation/mixing performance equivalent to a binary-like system</li>
<li data-v-64dfe0b9="""">Provides excellent retention time reproducibility, accuracy, and precision</li>
<li data-v-64dfe0b9="""">Offers seamless method transfer with Intelligent System Emulation Technology</li>
<li data-v-64dfe0b9="""">Mediates solvent effects with Feed Injection using a Hybrid Multisampler</li>
</ul>
<p> </p>",790.000000,1,"Taxable Goods","Not Visible Individually",7000.000000,,,,1260-infinity-iii-prime-lc-system-level-sensing-elsd-vwd-multisampler-stack,"1260 Infinity III Prime LC System","1260 Infinity III Prime LC System","1260 Infinity III Prime LC System Featured documents

Brochure
Agilent InfinityLab LC Solutions: HPLC Made for Tomorrow

Application note
Pesticide Analysis with Agilent 1260 Infinity II Prime LC Ultivo Triple Quad LC/MS

",,,,,,,,,8/16/26,8/16/26,,,"Block after Info Column",,,,No,,,,,,,"Use config",,"agilent_autosampler=Multisampler,agilent_bench_stack_configuration=Stack,agilent_detector=VWD,agilent_optional_secondary_detector=ELSD,agilent_solvent_fluid_management=Level Sensing,gift_wrapping_available=Yes",123.0000,0.0000,1,0,0,1,1,1,10000,1,1,1.0000,1,1,1,1,1.0000,1,0,0,0,0,1,,,,,,,,,,,,,,,,,,,,,,,,,,,,,,,,,,
"1260-Level Sensing-ELSD-VWD-Hybrid Multisampler-Flex",,Agilent_LC,simple,"Default Category/Products",base,"1260 Infinity III Prime LC System-Level Sensing-ELSD-VWD-Hybrid Multisampler-Flex","<p data-v-64dfe0b9=""""><strong>Featured documents</strong></p>
<div class=""documents-list d-flex flex-column flex-md-row"" data-v-64dfe0b9="""">
<div class=""document-item rounded d-flex flex-column"" tabindex=""0"" data-v-64dfe0b9=""""><a class=""d-flex"" tabindex=""-1"" href=""https://www.agilent.com/cs/library/brochures/br-infinitylab-analytical-hplc-systems-5994-7151EN-agilent.pdf"" target=""_blank"" rel=""noopener"" data-v-64dfe0b9=""""><span data-v-64dfe0b9="""">Brochure</span></a>
<h4 data-v-64dfe0b9="""">Agilent InfinityLab LC Solutions: HPLC Made for Tomorrow</h4>
</div>
<div class=""document-item rounded d-flex flex-column"" tabindex=""0"" data-v-64dfe0b9=""""><a class=""d-flex"" tabindex=""-1"" href=""https://www.agilent.com/cs/library/applications/application-pesticide-analysis-1260-infinity-II-prime-lc-ultivo-lc-ms-ms-5994-1889en-agilent.pdf"" target=""_blank"" rel=""noopener"" data-v-64dfe0b9=""""><span data-v-64dfe0b9="""">Application note</span></a>
<h4 data-v-64dfe0b9="""">Pesticide Analysis with Agilent 1260 Infinity II Prime LC Ultivo Triple Quad LC/MS</h4>
</div>
</div>","<p class=""product-description"" data-v-64dfe0b9="""">The 1260 Infinity III Prime LC System is an analytical high-performance liquid chromatography (HPLC) system, offering the flexibility of both an HPLC and a UHPLC for columns with sub-2 μm particles. It can operate at high pressures and handle flow rates up to 5 mL/min. This HPLC/UHPLC system gives you the utmost confidence in your HPLC results and can be a front end for your LC/MS system.</p>
<p class=""product-ul"" data-v-64dfe0b9=""""> </p>
<ul class=""product-features list-styled flex-column"" data-v-64dfe0b9="""">
<li data-v-64dfe0b9="""">Automates your daily HPLC tasks, ensuring reliable HPLC results</li>
<li data-v-64dfe0b9="""">Delivers gradient formation/mixing performance equivalent to a binary-like system</li>
<li data-v-64dfe0b9="""">Provides excellent retention time reproducibility, accuracy, and precision</li>
<li data-v-64dfe0b9="""">Offers seamless method transfer with Intelligent System Emulation Technology</li>
<li data-v-64dfe0b9="""">Mediates solvent effects with Feed Injection using a Hybrid Multisampler</li>
</ul>
<p> </p>",790.000000,1,"Taxable Goods","Not Visible Individually",7000.000000,,,,1260-infinity-iii-prime-lc-system-level-sensing-elsd-vwd-hybrid-multisampler-flex,"1260 Infinity III Prime LC System","1260 Infinity III Prime LC System","1260 Infinity III Prime LC System Featured documents

Brochure
Agilent InfinityLab LC Solutions: HPLC Made for Tomorrow

Application note
Pesticide Analysis with Agilent 1260 Infinity II Prime LC Ultivo Triple Quad LC/MS

",,,,,,,,,8/16/26,8/16/26,,,"Block after Info Column",,,,No,,,,,,,"Use config",,"agilent_autosampler=Hybrid Multisampler,agilent_bench_stack_configuration=Flex,agilent_detector=VWD,agilent_optional_secondary_detector=ELSD,agilent_solvent_fluid_management=Level Sensing,gift_wrapping_available=Yes",123.0000,0.0000,1,0,0,1,1,1,10000,1,1,1.0000,1,1,1,1,1.0000,1,0,0,0,0,1,,,,,,,,,,,,,,,,,,,,,,,,,,,,,,,,,,
"1260-Level Sensing-ELSD-VWD-Hybrid Multisampler-Benchtop",,Agilent_LC,simple,"Default Category/Products",base,"1260 Infinity III Prime LC System-Level Sensing-ELSD-VWD-Hybrid Multisampler-Benchtop","<p data-v-64dfe0b9=""""><strong>Featured documents</strong></p>
<div class=""documents-list d-flex flex-column flex-md-row"" data-v-64dfe0b9="""">
<div class=""document-item rounded d-flex flex-column"" tabindex=""0"" data-v-64dfe0b9=""""><a class=""d-flex"" tabindex=""-1"" href=""https://www.agilent.com/cs/library/brochures/br-infinitylab-analytical-hplc-systems-5994-7151EN-agilent.pdf"" target=""_blank"" rel=""noopener"" data-v-64dfe0b9=""""><span data-v-64dfe0b9="""">Brochure</span></a>
<h4 data-v-64dfe0b9="""">Agilent InfinityLab LC Solutions: HPLC Made for Tomorrow</h4>
</div>
<div class=""document-item rounded d-flex flex-column"" tabindex=""0"" data-v-64dfe0b9=""""><a class=""d-flex"" tabindex=""-1"" href=""https://www.agilent.com/cs/library/applications/application-pesticide-analysis-1260-infinity-II-prime-lc-ultivo-lc-ms-ms-5994-1889en-agilent.pdf"" target=""_blank"" rel=""noopener"" data-v-64dfe0b9=""""><span data-v-64dfe0b9="""">Application note</span></a>
<h4 data-v-64dfe0b9="""">Pesticide Analysis with Agilent 1260 Infinity II Prime LC Ultivo Triple Quad LC/MS</h4>
</div>
</div>","<p class=""product-description"" data-v-64dfe0b9="""">The 1260 Infinity III Prime LC System is an analytical high-performance liquid chromatography (HPLC) system, offering the flexibility of both an HPLC and a UHPLC for columns with sub-2 μm particles. It can operate at high pressures and handle flow rates up to 5 mL/min. This HPLC/UHPLC system gives you the utmost confidence in your HPLC results and can be a front end for your LC/MS system.</p>
<p class=""product-ul"" data-v-64dfe0b9=""""> </p>
<ul class=""product-features list-styled flex-column"" data-v-64dfe0b9="""">
<li data-v-64dfe0b9="""">Automates your daily HPLC tasks, ensuring reliable HPLC results</li>
<li data-v-64dfe0b9="""">Delivers gradient formation/mixing performance equivalent to a binary-like system</li>
<li data-v-64dfe0b9="""">Provides excellent retention time reproducibility, accuracy, and precision</li>
<li data-v-64dfe0b9="""">Offers seamless method transfer with Intelligent System Emulation Technology</li>
<li data-v-64dfe0b9="""">Mediates solvent effects with Feed Injection using a Hybrid Multisampler</li>
</ul>
<p> </p>",790.000000,1,"Taxable Goods","Not Visible Individually",7000.000000,,,,1260-infinity-iii-prime-lc-system-level-sensing-elsd-vwd-hybrid-multisampler-benchtop,"1260 Infinity III Prime LC System","1260 Infinity III Prime LC System","1260 Infinity III Prime LC System Featured documents

Brochure
Agilent InfinityLab LC Solutions: HPLC Made for Tomorrow

Application note
Pesticide Analysis with Agilent 1260 Infinity II Prime LC Ultivo Triple Quad LC/MS

",,,,,,,,,8/16/26,8/16/26,,,"Block after Info Column",,,,No,,,,,,,"Use config",,"agilent_autosampler=Hybrid Multisampler,agilent_bench_stack_configuration=Benchtop,agilent_detector=VWD,agilent_optional_secondary_detector=ELSD,agilent_solvent_fluid_management=Level Sensing,gift_wrapping_available=Yes",123.0000,0.0000,1,0,0,1,1,1,10000,1,1,1.0000,1,1,1,1,1.0000,1,0,0,0,0,1,,,,,,,,,,,,,,,,,,,,,,,,,,,,,,,,,,
"1260-Level Sensing-ELSD-VWD-Hybrid Multisampler-Stack",,Agilent_LC,simple,"Default Category/Products",base,"1260 Infinity III Prime LC System-Level Sensing-ELSD-VWD-Hybrid Multisampler-Stack","<p data-v-64dfe0b9=""""><strong>Featured documents</strong></p>
<div class=""documents-list d-flex flex-column flex-md-row"" data-v-64dfe0b9="""">
<div class=""document-item rounded d-flex flex-column"" tabindex=""0"" data-v-64dfe0b9=""""><a class=""d-flex"" tabindex=""-1"" href=""https://www.agilent.com/cs/library/brochures/br-infinitylab-analytical-hplc-systems-5994-7151EN-agilent.pdf"" target=""_blank"" rel=""noopener"" data-v-64dfe0b9=""""><span data-v-64dfe0b9="""">Brochure</span></a>
<h4 data-v-64dfe0b9="""">Agilent InfinityLab LC Solutions: HPLC Made for Tomorrow</h4>
</div>
<div class=""document-item rounded d-flex flex-column"" tabindex=""0"" data-v-64dfe0b9=""""><a class=""d-flex"" tabindex=""-1"" href=""https://www.agilent.com/cs/library/applications/application-pesticide-analysis-1260-infinity-II-prime-lc-ultivo-lc-ms-ms-5994-1889en-agilent.pdf"" target=""_blank"" rel=""noopener"" data-v-64dfe0b9=""""><span data-v-64dfe0b9="""">Application note</span></a>
<h4 data-v-64dfe0b9="""">Pesticide Analysis with Agilent 1260 Infinity II Prime LC Ultivo Triple Quad LC/MS</h4>
</div>
</div>","<p class=""product-description"" data-v-64dfe0b9="""">The 1260 Infinity III Prime LC System is an analytical high-performance liquid chromatography (HPLC) system, offering the flexibility of both an HPLC and a UHPLC for columns with sub-2 μm particles. It can operate at high pressures and handle flow rates up to 5 mL/min. This HPLC/UHPLC system gives you the utmost confidence in your HPLC results and can be a front end for your LC/MS system.</p>
<p class=""product-ul"" data-v-64dfe0b9=""""> </p>
<ul class=""product-features list-styled flex-column"" data-v-64dfe0b9="""">
<li data-v-64dfe0b9="""">Automates your daily HPLC tasks, ensuring reliable HPLC results</li>
<li data-v-64dfe0b9="""">Delivers gradient formation/mixing performance equivalent to a binary-like system</li>
<li data-v-64dfe0b9="""">Provides excellent retention time reproducibility, accuracy, and precision</li>
<li data-v-64dfe0b9="""">Offers seamless method transfer with Intelligent System Emulation Technology</li>
<li data-v-64dfe0b9="""">Mediates solvent effects with Feed Injection using a Hybrid Multisampler</li>
</ul>
<p> </p>",790.000000,1,"Taxable Goods","Not Visible Individually",7000.000000,,,,1260-infinity-iii-prime-lc-system-level-sensing-elsd-vwd-hybrid-multisampler-stack,"1260 Infinity III Prime LC System","1260 Infinity III Prime LC System","1260 Infinity III Prime LC System Featured documents

Brochure
Agilent InfinityLab LC Solutions: HPLC Made for Tomorrow

Application note
Pesticide Analysis with Agilent 1260 Infinity II Prime LC Ultivo Triple Quad LC/MS

",,,,,,,,,8/16/26,8/16/26,,,"Block after Info Column",,,,No,,,,,,,"Use config",,"agilent_autosampler=Hybrid Multisampler,agilent_bench_stack_configuration=Stack,agilent_detector=VWD,agilent_optional_secondary_detector=ELSD,agilent_solvent_fluid_management=Level Sensing,gift_wrapping_available=Yes",123.0000,0.0000,1,0,0,1,1,1,10000,1,1,1.0000,1,1,1,1,1.0000,1,0,0,0,0,1,,,,,,,,,,,,,,,,,,,,,,,,,,,,,,,,,,
"1260-Level Sensing-ELSD-VWD-Vialsampler-Flex",,Agilent_LC,simple,"Default Category/Products",base,"1260 Infinity III Prime LC System-Level Sensing-ELSD-VWD-Vialsampler-Flex","<p data-v-64dfe0b9=""""><strong>Featured documents</strong></p>
<div class=""documents-list d-flex flex-column flex-md-row"" data-v-64dfe0b9="""">
<div class=""document-item rounded d-flex flex-column"" tabindex=""0"" data-v-64dfe0b9=""""><a class=""d-flex"" tabindex=""-1"" href=""https://www.agilent.com/cs/library/brochures/br-infinitylab-analytical-hplc-systems-5994-7151EN-agilent.pdf"" target=""_blank"" rel=""noopener"" data-v-64dfe0b9=""""><span data-v-64dfe0b9="""">Brochure</span></a>
<h4 data-v-64dfe0b9="""">Agilent InfinityLab LC Solutions: HPLC Made for Tomorrow</h4>
</div>
<div class=""document-item rounded d-flex flex-column"" tabindex=""0"" data-v-64dfe0b9=""""><a class=""d-flex"" tabindex=""-1"" href=""https://www.agilent.com/cs/library/applications/application-pesticide-analysis-1260-infinity-II-prime-lc-ultivo-lc-ms-ms-5994-1889en-agilent.pdf"" target=""_blank"" rel=""noopener"" data-v-64dfe0b9=""""><span data-v-64dfe0b9="""">Application note</span></a>
<h4 data-v-64dfe0b9="""">Pesticide Analysis with Agilent 1260 Infinity II Prime LC Ultivo Triple Quad LC/MS</h4>
</div>
</div>","<p class=""product-description"" data-v-64dfe0b9="""">The 1260 Infinity III Prime LC System is an analytical high-performance liquid chromatography (HPLC) system, offering the flexibility of both an HPLC and a UHPLC for columns with sub-2 μm particles. It can operate at high pressures and handle flow rates up to 5 mL/min. This HPLC/UHPLC system gives you the utmost confidence in your HPLC results and can be a front end for your LC/MS system.</p>
<p class=""product-ul"" data-v-64dfe0b9=""""> </p>
<ul class=""product-features list-styled flex-column"" data-v-64dfe0b9="""">
<li data-v-64dfe0b9="""">Automates your daily HPLC tasks, ensuring reliable HPLC results</li>
<li data-v-64dfe0b9="""">Delivers gradient formation/mixing performance equivalent to a binary-like system</li>
<li data-v-64dfe0b9="""">Provides excellent retention time reproducibility, accuracy, and precision</li>
<li data-v-64dfe0b9="""">Offers seamless method transfer with Intelligent System Emulation Technology</li>
<li data-v-64dfe0b9="""">Mediates solvent effects with Feed Injection using a Hybrid Multisampler</li>
</ul>
<p> </p>",790.000000,1,"Taxable Goods","Not Visible Individually",7000.000000,,,,1260-infinity-iii-prime-lc-system-level-sensing-elsd-vwd-vialsampler-flex,"1260 Infinity III Prime LC System","1260 Infinity III Prime LC System","1260 Infinity III Prime LC System Featured documents

Brochure
Agilent InfinityLab LC Solutions: HPLC Made for Tomorrow

Application note
Pesticide Analysis with Agilent 1260 Infinity II Prime LC Ultivo Triple Quad LC/MS

",,,,,,,,,8/16/26,8/16/26,,,"Block after Info Column",,,,No,,,,,,,"Use config",,"agilent_autosampler=Vialsampler,agilent_bench_stack_configuration=Flex,agilent_detector=VWD,agilent_optional_secondary_detector=ELSD,agilent_solvent_fluid_management=Level Sensing,gift_wrapping_available=Yes",123.0000,0.0000,1,0,0,1,1,1,10000,1,1,1.0000,1,1,1,1,1.0000,1,0,0,0,0,1,,,,,,,,,,,,,,,,,,,,,,,,,,,,,,,,,,
"1260-Level Sensing-ELSD-VWD-Vialsampler-Benchtop",,Agilent_LC,simple,"Default Category/Products",base,"1260 Infinity III Prime LC System-Level Sensing-ELSD-VWD-Vialsampler-Benchtop","<p data-v-64dfe0b9=""""><strong>Featured documents</strong></p>
<div class=""documents-list d-flex flex-column flex-md-row"" data-v-64dfe0b9="""">
<div class=""document-item rounded d-flex flex-column"" tabindex=""0"" data-v-64dfe0b9=""""><a class=""d-flex"" tabindex=""-1"" href=""https://www.agilent.com/cs/library/brochures/br-infinitylab-analytical-hplc-systems-5994-7151EN-agilent.pdf"" target=""_blank"" rel=""noopener"" data-v-64dfe0b9=""""><span data-v-64dfe0b9="""">Brochure</span></a>
<h4 data-v-64dfe0b9="""">Agilent InfinityLab LC Solutions: HPLC Made for Tomorrow</h4>
</div>
<div class=""document-item rounded d-flex flex-column"" tabindex=""0"" data-v-64dfe0b9=""""><a class=""d-flex"" tabindex=""-1"" href=""https://www.agilent.com/cs/library/applications/application-pesticide-analysis-1260-infinity-II-prime-lc-ultivo-lc-ms-ms-5994-1889en-agilent.pdf"" target=""_blank"" rel=""noopener"" data-v-64dfe0b9=""""><span data-v-64dfe0b9="""">Application note</span></a>
<h4 data-v-64dfe0b9="""">Pesticide Analysis with Agilent 1260 Infinity II Prime LC Ultivo Triple Quad LC/MS</h4>
</div>
</div>","<p class=""product-description"" data-v-64dfe0b9="""">The 1260 Infinity III Prime LC System is an analytical high-performance liquid chromatography (HPLC) system, offering the flexibility of both an HPLC and a UHPLC for columns with sub-2 μm particles. It can operate at high pressures and handle flow rates up to 5 mL/min. This HPLC/UHPLC system gives you the utmost confidence in your HPLC results and can be a front end for your LC/MS system.</p>
<p class=""product-ul"" data-v-64dfe0b9=""""> </p>
<ul class=""product-features list-styled flex-column"" data-v-64dfe0b9="""">
<li data-v-64dfe0b9="""">Automates your daily HPLC tasks, ensuring reliable HPLC results</li>
<li data-v-64dfe0b9="""">Delivers gradient formation/mixing performance equivalent to a binary-like system</li>
<li data-v-64dfe0b9="""">Provides excellent retention time reproducibility, accuracy, and precision</li>
<li data-v-64dfe0b9="""">Offers seamless method transfer with Intelligent System Emulation Technology</li>
<li data-v-64dfe0b9="""">Mediates solvent effects with Feed Injection using a Hybrid Multisampler</li>
</ul>
<p> </p>",790.000000,1,"Taxable Goods","Not Visible Individually",7000.000000,,,,1260-infinity-iii-prime-lc-system-level-sensing-elsd-vwd-vialsampler-benchtop,"1260 Infinity III Prime LC System","1260 Infinity III Prime LC System","1260 Infinity III Prime LC System Featured documents

Brochure
Agilent InfinityLab LC Solutions: HPLC Made for Tomorrow

Application note
Pesticide Analysis with Agilent 1260 Infinity II Prime LC Ultivo Triple Quad LC/MS

",,,,,,,,,8/16/26,8/16/26,,,"Block after Info Column",,,,No,,,,,,,"Use config",,"agilent_autosampler=Vialsampler,agilent_bench_stack_configuration=Benchtop,agilent_detector=VWD,agilent_optional_secondary_detector=ELSD,agilent_solvent_fluid_management=Level Sensing,gift_wrapping_available=Yes",123.0000,0.0000,1,0,0,1,1,1,10000,1,1,1.0000,1,1,1,1,1.0000,1,0,0,0,0,1,,,,,,,,,,,,,,,,,,,,,,,,,,,,,,,,,,
"1260-Level Sensing-ELSD-VWD-Vialsampler-Stack",,Agilent_LC,simple,"Default Category/Products",base,"1260 Infinity III Prime LC System-Level Sensing-ELSD-VWD-Vialsampler-Stack","<p data-v-64dfe0b9=""""><strong>Featured documents</strong></p>
<div class=""documents-list d-flex flex-column flex-md-row"" data-v-64dfe0b9="""">
<div class=""document-item rounded d-flex flex-column"" tabindex=""0"" data-v-64dfe0b9=""""><a class=""d-flex"" tabindex=""-1"" href=""https://www.agilent.com/cs/library/brochures/br-infinitylab-analytical-hplc-systems-5994-7151EN-agilent.pdf"" target=""_blank"" rel=""noopener"" data-v-64dfe0b9=""""><span data-v-64dfe0b9="""">Brochure</span></a>
<h4 data-v-64dfe0b9="""">Agilent InfinityLab LC Solutions: HPLC Made for Tomorrow</h4>
</div>
<div class=""document-item rounded d-flex flex-column"" tabindex=""0"" data-v-64dfe0b9=""""><a class=""d-flex"" tabindex=""-1"" href=""https://www.agilent.com/cs/library/applications/application-pesticide-analysis-1260-infinity-II-prime-lc-ultivo-lc-ms-ms-5994-1889en-agilent.pdf"" target=""_blank"" rel=""noopener"" data-v-64dfe0b9=""""><span data-v-64dfe0b9="""">Application note</span></a>
<h4 data-v-64dfe0b9="""">Pesticide Analysis with Agilent 1260 Infinity II Prime LC Ultivo Triple Quad LC/MS</h4>
</div>
</div>","<p class=""product-description"" data-v-64dfe0b9="""">The 1260 Infinity III Prime LC System is an analytical high-performance liquid chromatography (HPLC) system, offering the flexibility of both an HPLC and a UHPLC for columns with sub-2 μm particles. It can operate at high pressures and handle flow rates up to 5 mL/min. This HPLC/UHPLC system gives you the utmost confidence in your HPLC results and can be a front end for your LC/MS system.</p>
<p class=""product-ul"" data-v-64dfe0b9=""""> </p>
<ul class=""product-features list-styled flex-column"" data-v-64dfe0b9="""">
<li data-v-64dfe0b9="""">Automates your daily HPLC tasks, ensuring reliable HPLC results</li>
<li data-v-64dfe0b9="""">Delivers gradient formation/mixing performance equivalent to a binary-like system</li>
<li data-v-64dfe0b9="""">Provides excellent retention time reproducibility, accuracy, and precision</li>
<li data-v-64dfe0b9="""">Offers seamless method transfer with Intelligent System Emulation Technology</li>
<li data-v-64dfe0b9="""">Mediates solvent effects with Feed Injection using a Hybrid Multisampler</li>
</ul>
<p> </p>",790.000000,1,"Taxable Goods","Not Visible Individually",7000.000000,,,,1260-infinity-iii-prime-lc-system-level-sensing-elsd-vwd-vialsampler-stack,"1260 Infinity III Prime LC System","1260 Infinity III Prime LC System","1260 Infinity III Prime LC System Featured documents

Brochure
Agilent InfinityLab LC Solutions: HPLC Made for Tomorrow

Application note
Pesticide Analysis with Agilent 1260 Infinity II Prime LC Ultivo Triple Quad LC/MS

",,,,,,,,,8/16/26,8/16/26,,,"Block after Info Column",,,,No,,,,,,,"Use config",,"agilent_autosampler=Vialsampler,agilent_bench_stack_configuration=Stack,agilent_detector=VWD,agilent_optional_secondary_detector=ELSD,agilent_solvent_fluid_management=Level Sensing,gift_wrapping_available=Yes",123.0000,0.0000,1,0,0,1,1,1,10000,1,1,1.0000,1,1,1,1,1.0000,1,0,0,0,0,1,,,,,,,,,,,,,,,,,,,,,,,,,,,,,,,,,,
"1260-Level Sensing-ELSD-FLD-Multisampler-Flex",,Agilent_LC,simple,"Default Category/Products",base,"1260 Infinity III Prime LC System-Level Sensing-ELSD-FLD-Multisampler-Flex","<p data-v-64dfe0b9=""""><strong>Featured documents</strong></p>
<div class=""documents-list d-flex flex-column flex-md-row"" data-v-64dfe0b9="""">
<div class=""document-item rounded d-flex flex-column"" tabindex=""0"" data-v-64dfe0b9=""""><a class=""d-flex"" tabindex=""-1"" href=""https://www.agilent.com/cs/library/brochures/br-infinitylab-analytical-hplc-systems-5994-7151EN-agilent.pdf"" target=""_blank"" rel=""noopener"" data-v-64dfe0b9=""""><span data-v-64dfe0b9="""">Brochure</span></a>
<h4 data-v-64dfe0b9="""">Agilent InfinityLab LC Solutions: HPLC Made for Tomorrow</h4>
</div>
<div class=""document-item rounded d-flex flex-column"" tabindex=""0"" data-v-64dfe0b9=""""><a class=""d-flex"" tabindex=""-1"" href=""https://www.agilent.com/cs/library/applications/application-pesticide-analysis-1260-infinity-II-prime-lc-ultivo-lc-ms-ms-5994-1889en-agilent.pdf"" target=""_blank"" rel=""noopener"" data-v-64dfe0b9=""""><span data-v-64dfe0b9="""">Application note</span></a>
<h4 data-v-64dfe0b9="""">Pesticide Analysis with Agilent 1260 Infinity II Prime LC Ultivo Triple Quad LC/MS</h4>
</div>
</div>","<p class=""product-description"" data-v-64dfe0b9="""">The 1260 Infinity III Prime LC System is an analytical high-performance liquid chromatography (HPLC) system, offering the flexibility of both an HPLC and a UHPLC for columns with sub-2 μm particles. It can operate at high pressures and handle flow rates up to 5 mL/min. This HPLC/UHPLC system gives you the utmost confidence in your HPLC results and can be a front end for your LC/MS system.</p>
<p class=""product-ul"" data-v-64dfe0b9=""""> </p>
<ul class=""product-features list-styled flex-column"" data-v-64dfe0b9="""">
<li data-v-64dfe0b9="""">Automates your daily HPLC tasks, ensuring reliable HPLC results</li>
<li data-v-64dfe0b9="""">Delivers gradient formation/mixing performance equivalent to a binary-like system</li>
<li data-v-64dfe0b9="""">Provides excellent retention time reproducibility, accuracy, and precision</li>
<li data-v-64dfe0b9="""">Offers seamless method transfer with Intelligent System Emulation Technology</li>
<li data-v-64dfe0b9="""">Mediates solvent effects with Feed Injection using a Hybrid Multisampler</li>
</ul>
<p> </p>",790.000000,1,"Taxable Goods","Not Visible Individually",7000.000000,,,,1260-infinity-iii-prime-lc-system-level-sensing-elsd-fld-multisampler-flex,"1260 Infinity III Prime LC System","1260 Infinity III Prime LC System","1260 Infinity III Prime LC System Featured documents

Brochure
Agilent InfinityLab LC Solutions: HPLC Made for Tomorrow

Application note
Pesticide Analysis with Agilent 1260 Infinity II Prime LC Ultivo Triple Quad LC/MS

",,,,,,,,,8/16/26,8/16/26,,,"Block after Info Column",,,,No,,,,,,,"Use config",,"agilent_autosampler=Multisampler,agilent_bench_stack_configuration=Flex,agilent_detector=FLD,agilent_optional_secondary_detector=ELSD,agilent_solvent_fluid_management=Level Sensing,gift_wrapping_available=Yes",123.0000,0.0000,1,0,0,1,1,1,10000,1,1,1.0000,1,1,1,1,1.0000,1,0,0,0,0,1,,,,,,,,,,,,,,,,,,,,,,,,,,,,,,,,,,
"1260-Level Sensing-ELSD-FLD-Multisampler-Benchtop",,Agilent_LC,simple,"Default Category/Products",base,"1260 Infinity III Prime LC System-Level Sensing-ELSD-FLD-Multisampler-Benchtop","<p data-v-64dfe0b9=""""><strong>Featured documents</strong></p>
<div class=""documents-list d-flex flex-column flex-md-row"" data-v-64dfe0b9="""">
<div class=""document-item rounded d-flex flex-column"" tabindex=""0"" data-v-64dfe0b9=""""><a class=""d-flex"" tabindex=""-1"" href=""https://www.agilent.com/cs/library/brochures/br-infinitylab-analytical-hplc-systems-5994-7151EN-agilent.pdf"" target=""_blank"" rel=""noopener"" data-v-64dfe0b9=""""><span data-v-64dfe0b9="""">Brochure</span></a>
<h4 data-v-64dfe0b9="""">Agilent InfinityLab LC Solutions: HPLC Made for Tomorrow</h4>
</div>
<div class=""document-item rounded d-flex flex-column"" tabindex=""0"" data-v-64dfe0b9=""""><a class=""d-flex"" tabindex=""-1"" href=""https://www.agilent.com/cs/library/applications/application-pesticide-analysis-1260-infinity-II-prime-lc-ultivo-lc-ms-ms-5994-1889en-agilent.pdf"" target=""_blank"" rel=""noopener"" data-v-64dfe0b9=""""><span data-v-64dfe0b9="""">Application note</span></a>
<h4 data-v-64dfe0b9="""">Pesticide Analysis with Agilent 1260 Infinity II Prime LC Ultivo Triple Quad LC/MS</h4>
</div>
</div>","<p class=""product-description"" data-v-64dfe0b9="""">The 1260 Infinity III Prime LC System is an analytical high-performance liquid chromatography (HPLC) system, offering the flexibility of both an HPLC and a UHPLC for columns with sub-2 μm particles. It can operate at high pressures and handle flow rates up to 5 mL/min. This HPLC/UHPLC system gives you the utmost confidence in your HPLC results and can be a front end for your LC/MS system.</p>
<p class=""product-ul"" data-v-64dfe0b9=""""> </p>
<ul class=""product-features list-styled flex-column"" data-v-64dfe0b9="""">
<li data-v-64dfe0b9="""">Automates your daily HPLC tasks, ensuring reliable HPLC results</li>
<li data-v-64dfe0b9="""">Delivers gradient formation/mixing performance equivalent to a binary-like system</li>
<li data-v-64dfe0b9="""">Provides excellent retention time reproducibility, accuracy, and precision</li>
<li data-v-64dfe0b9="""">Offers seamless method transfer with Intelligent System Emulation Technology</li>
<li data-v-64dfe0b9="""">Mediates solvent effects with Feed Injection using a Hybrid Multisampler</li>
</ul>
<p> </p>",790.000000,1,"Taxable Goods","Not Visible Individually",7000.000000,,,,1260-infinity-iii-prime-lc-system-level-sensing-elsd-fld-multisampler-benchtop,"1260 Infinity III Prime LC System","1260 Infinity III Prime LC System","1260 Infinity III Prime LC System Featured documents

Brochure
Agilent InfinityLab LC Solutions: HPLC Made for Tomorrow

Application note
Pesticide Analysis with Agilent 1260 Infinity II Prime LC Ultivo Triple Quad LC/MS

",,,,,,,,,8/16/26,8/16/26,,,"Block after Info Column",,,,No,,,,,,,"Use config",,"agilent_autosampler=Multisampler,agilent_bench_stack_configuration=Benchtop,agilent_detector=FLD,agilent_optional_secondary_detector=ELSD,agilent_solvent_fluid_management=Level Sensing,gift_wrapping_available=Yes",123.0000,0.0000,1,0,0,1,1,1,10000,1,1,1.0000,1,1,1,1,1.0000,1,0,0,0,0,1,,,,,,,,,,,,,,,,,,,,,,,,,,,,,,,,,,
"1260-Level Sensing-ELSD-FLD-Multisampler-Stack",,Agilent_LC,simple,"Default Category/Products",base,"1260 Infinity III Prime LC System-Level Sensing-ELSD-FLD-Multisampler-Stack","<p data-v-64dfe0b9=""""><strong>Featured documents</strong></p>
<div class=""documents-list d-flex flex-column flex-md-row"" data-v-64dfe0b9="""">
<div class=""document-item rounded d-flex flex-column"" tabindex=""0"" data-v-64dfe0b9=""""><a class=""d-flex"" tabindex=""-1"" href=""https://www.agilent.com/cs/library/brochures/br-infinitylab-analytical-hplc-systems-5994-7151EN-agilent.pdf"" target=""_blank"" rel=""noopener"" data-v-64dfe0b9=""""><span data-v-64dfe0b9="""">Brochure</span></a>
<h4 data-v-64dfe0b9="""">Agilent InfinityLab LC Solutions: HPLC Made for Tomorrow</h4>
</div>
<div class=""document-item rounded d-flex flex-column"" tabindex=""0"" data-v-64dfe0b9=""""><a class=""d-flex"" tabindex=""-1"" href=""https://www.agilent.com/cs/library/applications/application-pesticide-analysis-1260-infinity-II-prime-lc-ultivo-lc-ms-ms-5994-1889en-agilent.pdf"" target=""_blank"" rel=""noopener"" data-v-64dfe0b9=""""><span data-v-64dfe0b9="""">Application note</span></a>
<h4 data-v-64dfe0b9="""">Pesticide Analysis with Agilent 1260 Infinity II Prime LC Ultivo Triple Quad LC/MS</h4>
</div>
</div>","<p class=""product-description"" data-v-64dfe0b9="""">The 1260 Infinity III Prime LC System is an analytical high-performance liquid chromatography (HPLC) system, offering the flexibility of both an HPLC and a UHPLC for columns with sub-2 μm particles. It can operate at high pressures and handle flow rates up to 5 mL/min. This HPLC/UHPLC system gives you the utmost confidence in your HPLC results and can be a front end for your LC/MS system.</p>
<p class=""product-ul"" data-v-64dfe0b9=""""> </p>
<ul class=""product-features list-styled flex-column"" data-v-64dfe0b9="""">
<li data-v-64dfe0b9="""">Automates your daily HPLC tasks, ensuring reliable HPLC results</li>
<li data-v-64dfe0b9="""">Delivers gradient formation/mixing performance equivalent to a binary-like system</li>
<li data-v-64dfe0b9="""">Provides excellent retention time reproducibility, accuracy, and precision</li>
<li data-v-64dfe0b9="""">Offers seamless method transfer with Intelligent System Emulation Technology</li>
<li data-v-64dfe0b9="""">Mediates solvent effects with Feed Injection using a Hybrid Multisampler</li>
</ul>
<p> </p>",790.000000,1,"Taxable Goods","Not Visible Individually",7000.000000,,,,1260-infinity-iii-prime-lc-system-level-sensing-elsd-fld-multisampler-stack,"1260 Infinity III Prime LC System","1260 Infinity III Prime LC System","1260 Infinity III Prime LC System Featured documents

Brochure
Agilent InfinityLab LC Solutions: HPLC Made for Tomorrow

Application note
Pesticide Analysis with Agilent 1260 Infinity II Prime LC Ultivo Triple Quad LC/MS

",,,,,,,,,8/16/26,8/16/26,,,"Block after Info Column",,,,No,,,,,,,"Use config",,"agilent_autosampler=Multisampler,agilent_bench_stack_configuration=Stack,agilent_detector=FLD,agilent_optional_secondary_detector=ELSD,agilent_solvent_fluid_management=Level Sensing,gift_wrapping_available=Yes",123.0000,0.0000,1,0,0,1,1,1,10000,1,1,1.0000,1,1,1,1,1.0000,1,0,0,0,0,1,,,,,,,,,,,,,,,,,,,,,,,,,,,,,,,,,,
"1260-Level Sensing-ELSD-FLD-Hybrid Multisampler-Flex",,Agilent_LC,simple,"Default Category/Products",base,"1260 Infinity III Prime LC System-Level Sensing-ELSD-FLD-Hybrid Multisampler-Flex","<p data-v-64dfe0b9=""""><strong>Featured documents</strong></p>
<div class=""documents-list d-flex flex-column flex-md-row"" data-v-64dfe0b9="""">
<div class=""document-item rounded d-flex flex-column"" tabindex=""0"" data-v-64dfe0b9=""""><a class=""d-flex"" tabindex=""-1"" href=""https://www.agilent.com/cs/library/brochures/br-infinitylab-analytical-hplc-systems-5994-7151EN-agilent.pdf"" target=""_blank"" rel=""noopener"" data-v-64dfe0b9=""""><span data-v-64dfe0b9="""">Brochure</span></a>
<h4 data-v-64dfe0b9="""">Agilent InfinityLab LC Solutions: HPLC Made for Tomorrow</h4>
</div>
<div class=""document-item rounded d-flex flex-column"" tabindex=""0"" data-v-64dfe0b9=""""><a class=""d-flex"" tabindex=""-1"" href=""https://www.agilent.com/cs/library/applications/application-pesticide-analysis-1260-infinity-II-prime-lc-ultivo-lc-ms-ms-5994-1889en-agilent.pdf"" target=""_blank"" rel=""noopener"" data-v-64dfe0b9=""""><span data-v-64dfe0b9="""">Application note</span></a>
<h4 data-v-64dfe0b9="""">Pesticide Analysis with Agilent 1260 Infinity II Prime LC Ultivo Triple Quad LC/MS</h4>
</div>
</div>","<p class=""product-description"" data-v-64dfe0b9="""">The 1260 Infinity III Prime LC System is an analytical high-performance liquid chromatography (HPLC) system, offering the flexibility of both an HPLC and a UHPLC for columns with sub-2 μm particles. It can operate at high pressures and handle flow rates up to 5 mL/min. This HPLC/UHPLC system gives you the utmost confidence in your HPLC results and can be a front end for your LC/MS system.</p>
<p class=""product-ul"" data-v-64dfe0b9=""""> </p>
<ul class=""product-features list-styled flex-column"" data-v-64dfe0b9="""">
<li data-v-64dfe0b9="""">Automates your daily HPLC tasks, ensuring reliable HPLC results</li>
<li data-v-64dfe0b9="""">Delivers gradient formation/mixing performance equivalent to a binary-like system</li>
<li data-v-64dfe0b9="""">Provides excellent retention time reproducibility, accuracy, and precision</li>
<li data-v-64dfe0b9="""">Offers seamless method transfer with Intelligent System Emulation Technology</li>
<li data-v-64dfe0b9="""">Mediates solvent effects with Feed Injection using a Hybrid Multisampler</li>
</ul>
<p> </p>",790.000000,1,"Taxable Goods","Not Visible Individually",7000.000000,,,,1260-infinity-iii-prime-lc-system-level-sensing-elsd-fld-hybrid-multisampler-flex,"1260 Infinity III Prime LC System","1260 Infinity III Prime LC System","1260 Infinity III Prime LC System Featured documents

Brochure
Agilent InfinityLab LC Solutions: HPLC Made for Tomorrow

Application note
Pesticide Analysis with Agilent 1260 Infinity II Prime LC Ultivo Triple Quad LC/MS

",,,,,,,,,8/16/26,8/16/26,,,"Block after Info Column",,,,No,,,,,,,"Use config",,"agilent_autosampler=Hybrid Multisampler,agilent_bench_stack_configuration=Flex,agilent_detector=FLD,agilent_optional_secondary_detector=ELSD,agilent_solvent_fluid_management=Level Sensing,gift_wrapping_available=Yes",123.0000,0.0000,1,0,0,1,1,1,10000,1,1,1.0000,1,1,1,1,1.0000,1,0,0,0,0,1,,,,,,,,,,,,,,,,,,,,,,,,,,,,,,,,,,
"1260-Level Sensing-ELSD-FLD-Hybrid Multisampler-Benchtop",,Agilent_LC,simple,"Default Category/Products",base,"1260 Infinity III Prime LC System-Level Sensing-ELSD-FLD-Hybrid Multisampler-Benchtop","<p data-v-64dfe0b9=""""><strong>Featured documents</strong></p>
<div class=""documents-list d-flex flex-column flex-md-row"" data-v-64dfe0b9="""">
<div class=""document-item rounded d-flex flex-column"" tabindex=""0"" data-v-64dfe0b9=""""><a class=""d-flex"" tabindex=""-1"" href=""https://www.agilent.com/cs/library/brochures/br-infinitylab-analytical-hplc-systems-5994-7151EN-agilent.pdf"" target=""_blank"" rel=""noopener"" data-v-64dfe0b9=""""><span data-v-64dfe0b9="""">Brochure</span></a>
<h4 data-v-64dfe0b9="""">Agilent InfinityLab LC Solutions: HPLC Made for Tomorrow</h4>
</div>
<div class=""document-item rounded d-flex flex-column"" tabindex=""0"" data-v-64dfe0b9=""""><a class=""d-flex"" tabindex=""-1"" href=""https://www.agilent.com/cs/library/applications/application-pesticide-analysis-1260-infinity-II-prime-lc-ultivo-lc-ms-ms-5994-1889en-agilent.pdf"" target=""_blank"" rel=""noopener"" data-v-64dfe0b9=""""><span data-v-64dfe0b9="""">Application note</span></a>
<h4 data-v-64dfe0b9="""">Pesticide Analysis with Agilent 1260 Infinity II Prime LC Ultivo Triple Quad LC/MS</h4>
</div>
</div>","<p class=""product-description"" data-v-64dfe0b9="""">The 1260 Infinity III Prime LC System is an analytical high-performance liquid chromatography (HPLC) system, offering the flexibility of both an HPLC and a UHPLC for columns with sub-2 μm particles. It can operate at high pressures and handle flow rates up to 5 mL/min. This HPLC/UHPLC system gives you the utmost confidence in your HPLC results and can be a front end for your LC/MS system.</p>
<p class=""product-ul"" data-v-64dfe0b9=""""> </p>
<ul class=""product-features list-styled flex-column"" data-v-64dfe0b9="""">
<li data-v-64dfe0b9="""">Automates your daily HPLC tasks, ensuring reliable HPLC results</li>
<li data-v-64dfe0b9="""">Delivers gradient formation/mixing performance equivalent to a binary-like system</li>
<li data-v-64dfe0b9="""">Provides excellent retention time reproducibility, accuracy, and precision</li>
<li data-v-64dfe0b9="""">Offers seamless method transfer with Intelligent System Emulation Technology</li>
<li data-v-64dfe0b9="""">Mediates solvent effects with Feed Injection using a Hybrid Multisampler</li>
</ul>
<p> </p>",790.000000,1,"Taxable Goods","Not Visible Individually",7000.000000,,,,1260-infinity-iii-prime-lc-system-level-sensing-elsd-fld-hybrid-multisampler-benchtop,"1260 Infinity III Prime LC System","1260 Infinity III Prime LC System","1260 Infinity III Prime LC System Featured documents

Brochure
Agilent InfinityLab LC Solutions: HPLC Made for Tomorrow

Application note
Pesticide Analysis with Agilent 1260 Infinity II Prime LC Ultivo Triple Quad LC/MS

",,,,,,,,,8/16/26,8/16/26,,,"Block after Info Column",,,,No,,,,,,,"Use config",,"agilent_autosampler=Hybrid Multisampler,agilent_bench_stack_configuration=Benchtop,agilent_detector=FLD,agilent_optional_secondary_detector=ELSD,agilent_solvent_fluid_management=Level Sensing,gift_wrapping_available=Yes",123.0000,0.0000,1,0,0,1,1,1,10000,1,1,1.0000,1,1,1,1,1.0000,1,0,0,0,0,1,,,,,,,,,,,,,,,,,,,,,,,,,,,,,,,,,,
"1260-Level Sensing-ELSD-FLD-Hybrid Multisampler-Stack",,Agilent_LC,simple,"Default Category/Products",base,"1260 Infinity III Prime LC System-Level Sensing-ELSD-FLD-Hybrid Multisampler-Stack","<p data-v-64dfe0b9=""""><strong>Featured documents</strong></p>
<div class=""documents-list d-flex flex-column flex-md-row"" data-v-64dfe0b9="""">
<div class=""document-item rounded d-flex flex-column"" tabindex=""0"" data-v-64dfe0b9=""""><a class=""d-flex"" tabindex=""-1"" href=""https://www.agilent.com/cs/library/brochures/br-infinitylab-analytical-hplc-systems-5994-7151EN-agilent.pdf"" target=""_blank"" rel=""noopener"" data-v-64dfe0b9=""""><span data-v-64dfe0b9="""">Brochure</span></a>
<h4 data-v-64dfe0b9="""">Agilent InfinityLab LC Solutions: HPLC Made for Tomorrow</h4>
</div>
<div class=""document-item rounded d-flex flex-column"" tabindex=""0"" data-v-64dfe0b9=""""><a class=""d-flex"" tabindex=""-1"" href=""https://www.agilent.com/cs/library/applications/application-pesticide-analysis-1260-infinity-II-prime-lc-ultivo-lc-ms-ms-5994-1889en-agilent.pdf"" target=""_blank"" rel=""noopener"" data-v-64dfe0b9=""""><span data-v-64dfe0b9="""">Application note</span></a>
<h4 data-v-64dfe0b9="""">Pesticide Analysis with Agilent 1260 Infinity II Prime LC Ultivo Triple Quad LC/MS</h4>
</div>
</div>","<p class=""product-description"" data-v-64dfe0b9="""">The 1260 Infinity III Prime LC System is an analytical high-performance liquid chromatography (HPLC) system, offering the flexibility of both an HPLC and a UHPLC for columns with sub-2 μm particles. It can operate at high pressures and handle flow rates up to 5 mL/min. This HPLC/UHPLC system gives you the utmost confidence in your HPLC results and can be a front end for your LC/MS system.</p>
<p class=""product-ul"" data-v-64dfe0b9=""""> </p>
<ul class=""product-features list-styled flex-column"" data-v-64dfe0b9="""">
<li data-v-64dfe0b9="""">Automates your daily HPLC tasks, ensuring reliable HPLC results</li>
<li data-v-64dfe0b9="""">Delivers gradient formation/mixing performance equivalent to a binary-like system</li>
<li data-v-64dfe0b9="""">Provides excellent retention time reproducibility, accuracy, and precision</li>
<li data-v-64dfe0b9="""">Offers seamless method transfer with Intelligent System Emulation Technology</li>
<li data-v-64dfe0b9="""">Mediates solvent effects with Feed Injection using a Hybrid Multisampler</li>
</ul>
<p> </p>",790.000000,1,"Taxable Goods","Not Visible Individually",7000.000000,,,,1260-infinity-iii-prime-lc-system-level-sensing-elsd-fld-hybrid-multisampler-stack,"1260 Infinity III Prime LC System","1260 Infinity III Prime LC System","1260 Infinity III Prime LC System Featured documents

Brochure
Agilent InfinityLab LC Solutions: HPLC Made for Tomorrow

Application note
Pesticide Analysis with Agilent 1260 Infinity II Prime LC Ultivo Triple Quad LC/MS

",,,,,,,,,8/16/26,8/16/26,,,"Block after Info Column",,,,No,,,,,,,"Use config",,"agilent_autosampler=Hybrid Multisampler,agilent_bench_stack_configuration=Stack,agilent_detector=FLD,agilent_optional_secondary_detector=ELSD,agilent_solvent_fluid_management=Level Sensing,gift_wrapping_available=Yes",123.0000,0.0000,1,0,0,1,1,1,10000,1,1,1.0000,1,1,1,1,1.0000,1,0,0,0,0,1,,,,,,,,,,,,,,,,,,,,,,,,,,,,,,,,,,
"1260-Level Sensing-ELSD-FLD-Vialsampler-Flex",,Agilent_LC,simple,"Default Category/Products",base,"1260 Infinity III Prime LC System-Level Sensing-ELSD-FLD-Vialsampler-Flex","<p data-v-64dfe0b9=""""><strong>Featured documents</strong></p>
<div class=""documents-list d-flex flex-column flex-md-row"" data-v-64dfe0b9="""">
<div class=""document-item rounded d-flex flex-column"" tabindex=""0"" data-v-64dfe0b9=""""><a class=""d-flex"" tabindex=""-1"" href=""https://www.agilent.com/cs/library/brochures/br-infinitylab-analytical-hplc-systems-5994-7151EN-agilent.pdf"" target=""_blank"" rel=""noopener"" data-v-64dfe0b9=""""><span data-v-64dfe0b9="""">Brochure</span></a>
<h4 data-v-64dfe0b9="""">Agilent InfinityLab LC Solutions: HPLC Made for Tomorrow</h4>
</div>
<div class=""document-item rounded d-flex flex-column"" tabindex=""0"" data-v-64dfe0b9=""""><a class=""d-flex"" tabindex=""-1"" href=""https://www.agilent.com/cs/library/applications/application-pesticide-analysis-1260-infinity-II-prime-lc-ultivo-lc-ms-ms-5994-1889en-agilent.pdf"" target=""_blank"" rel=""noopener"" data-v-64dfe0b9=""""><span data-v-64dfe0b9="""">Application note</span></a>
<h4 data-v-64dfe0b9="""">Pesticide Analysis with Agilent 1260 Infinity II Prime LC Ultivo Triple Quad LC/MS</h4>
</div>
</div>","<p class=""product-description"" data-v-64dfe0b9="""">The 1260 Infinity III Prime LC System is an analytical high-performance liquid chromatography (HPLC) system, offering the flexibility of both an HPLC and a UHPLC for columns with sub-2 μm particles. It can operate at high pressures and handle flow rates up to 5 mL/min. This HPLC/UHPLC system gives you the utmost confidence in your HPLC results and can be a front end for your LC/MS system.</p>
<p class=""product-ul"" data-v-64dfe0b9=""""> </p>
<ul class=""product-features list-styled flex-column"" data-v-64dfe0b9="""">
<li data-v-64dfe0b9="""">Automates your daily HPLC tasks, ensuring reliable HPLC results</li>
<li data-v-64dfe0b9="""">Delivers gradient formation/mixing performance equivalent to a binary-like system</li>
<li data-v-64dfe0b9="""">Provides excellent retention time reproducibility, accuracy, and precision</li>
<li data-v-64dfe0b9="""">Offers seamless method transfer with Intelligent System Emulation Technology</li>
<li data-v-64dfe0b9="""">Mediates solvent effects with Feed Injection using a Hybrid Multisampler</li>
</ul>
<p> </p>",790.000000,1,"Taxable Goods","Not Visible Individually",7000.000000,,,,1260-infinity-iii-prime-lc-system-level-sensing-elsd-fld-vialsampler-flex,"1260 Infinity III Prime LC System","1260 Infinity III Prime LC System","1260 Infinity III Prime LC System Featured documents

Brochure
Agilent InfinityLab LC Solutions: HPLC Made for Tomorrow

Application note
Pesticide Analysis with Agilent 1260 Infinity II Prime LC Ultivo Triple Quad LC/MS

",,,,,,,,,8/16/26,8/16/26,,,"Block after Info Column",,,,No,,,,,,,"Use config",,"agilent_autosampler=Vialsampler,agilent_bench_stack_configuration=Flex,agilent_detector=FLD,agilent_optional_secondary_detector=ELSD,agilent_solvent_fluid_management=Level Sensing,gift_wrapping_available=Yes",123.0000,0.0000,1,0,0,1,1,1,10000,1,1,1.0000,1,1,1,1,1.0000,1,0,0,0,0,1,,,,,,,,,,,,,,,,,,,,,,,,,,,,,,,,,,
"1260-Level Sensing-ELSD-FLD-Vialsampler-Benchtop",,Agilent_LC,simple,"Default Category/Products",base,"1260 Infinity III Prime LC System-Level Sensing-ELSD-FLD-Vialsampler-Benchtop","<p data-v-64dfe0b9=""""><strong>Featured documents</strong></p>
<div class=""documents-list d-flex flex-column flex-md-row"" data-v-64dfe0b9="""">
<div class=""document-item rounded d-flex flex-column"" tabindex=""0"" data-v-64dfe0b9=""""><a class=""d-flex"" tabindex=""-1"" href=""https://www.agilent.com/cs/library/brochures/br-infinitylab-analytical-hplc-systems-5994-7151EN-agilent.pdf"" target=""_blank"" rel=""noopener"" data-v-64dfe0b9=""""><span data-v-64dfe0b9="""">Brochure</span></a>
<h4 data-v-64dfe0b9="""">Agilent InfinityLab LC Solutions: HPLC Made for Tomorrow</h4>
</div>
<div class=""document-item rounded d-flex flex-column"" tabindex=""0"" data-v-64dfe0b9=""""><a class=""d-flex"" tabindex=""-1"" href=""https://www.agilent.com/cs/library/applications/application-pesticide-analysis-1260-infinity-II-prime-lc-ultivo-lc-ms-ms-5994-1889en-agilent.pdf"" target=""_blank"" rel=""noopener"" data-v-64dfe0b9=""""><span data-v-64dfe0b9="""">Application note</span></a>
<h4 data-v-64dfe0b9="""">Pesticide Analysis with Agilent 1260 Infinity II Prime LC Ultivo Triple Quad LC/MS</h4>
</div>
</div>","<p class=""product-description"" data-v-64dfe0b9="""">The 1260 Infinity III Prime LC System is an analytical high-performance liquid chromatography (HPLC) system, offering the flexibility of both an HPLC and a UHPLC for columns with sub-2 μm particles. It can operate at high pressures and handle flow rates up to 5 mL/min. This HPLC/UHPLC system gives you the utmost confidence in your HPLC results and can be a front end for your LC/MS system.</p>
<p class=""product-ul"" data-v-64dfe0b9=""""> </p>
<ul class=""product-features list-styled flex-column"" data-v-64dfe0b9="""">
<li data-v-64dfe0b9="""">Automates your daily HPLC tasks, ensuring reliable HPLC results</li>
<li data-v-64dfe0b9="""">Delivers gradient formation/mixing performance equivalent to a binary-like system</li>
<li data-v-64dfe0b9="""">Provides excellent retention time reproducibility, accuracy, and precision</li>
<li data-v-64dfe0b9="""">Offers seamless method transfer with Intelligent System Emulation Technology</li>
<li data-v-64dfe0b9="""">Mediates solvent effects with Feed Injection using a Hybrid Multisampler</li>
</ul>
<p> </p>",790.000000,1,"Taxable Goods","Not Visible Individually",7000.000000,,,,1260-infinity-iii-prime-lc-system-level-sensing-elsd-fld-vialsampler-benchtop,"1260 Infinity III Prime LC System","1260 Infinity III Prime LC System","1260 Infinity III Prime LC System Featured documents

Brochure
Agilent InfinityLab LC Solutions: HPLC Made for Tomorrow

Application note
Pesticide Analysis with Agilent 1260 Infinity II Prime LC Ultivo Triple Quad LC/MS

",,,,,,,,,8/16/26,8/16/26,,,"Block after Info Column",,,,No,,,,,,,"Use config",,"agilent_autosampler=Vialsampler,agilent_bench_stack_configuration=Benchtop,agilent_detector=FLD,agilent_optional_secondary_detector=ELSD,agilent_solvent_fluid_management=Level Sensing,gift_wrapping_available=Yes",123.0000,0.0000,1,0,0,1,1,1,10000,1,1,1.0000,1,1,1,1,1.0000,1,0,0,0,0,1,,,,,,,,,,,,,,,,,,,,,,,,,,,,,,,,,,
"1260-Level Sensing-ELSD-FLD-Vialsampler-Stack",,Agilent_LC,simple,"Default Category/Products",base,"1260 Infinity III Prime LC System-Level Sensing-ELSD-FLD-Vialsampler-Stack","<p data-v-64dfe0b9=""""><strong>Featured documents</strong></p>
<div class=""documents-list d-flex flex-column flex-md-row"" data-v-64dfe0b9="""">
<div class=""document-item rounded d-flex flex-column"" tabindex=""0"" data-v-64dfe0b9=""""><a class=""d-flex"" tabindex=""-1"" href=""https://www.agilent.com/cs/library/brochures/br-infinitylab-analytical-hplc-systems-5994-7151EN-agilent.pdf"" target=""_blank"" rel=""noopener"" data-v-64dfe0b9=""""><span data-v-64dfe0b9="""">Brochure</span></a>
<h4 data-v-64dfe0b9="""">Agilent InfinityLab LC Solutions: HPLC Made for Tomorrow</h4>
</div>
<div class=""document-item rounded d-flex flex-column"" tabindex=""0"" data-v-64dfe0b9=""""><a class=""d-flex"" tabindex=""-1"" href=""https://www.agilent.com/cs/library/applications/application-pesticide-analysis-1260-infinity-II-prime-lc-ultivo-lc-ms-ms-5994-1889en-agilent.pdf"" target=""_blank"" rel=""noopener"" data-v-64dfe0b9=""""><span data-v-64dfe0b9="""">Application note</span></a>
<h4 data-v-64dfe0b9="""">Pesticide Analysis with Agilent 1260 Infinity II Prime LC Ultivo Triple Quad LC/MS</h4>
</div>
</div>","<p class=""product-description"" data-v-64dfe0b9="""">The 1260 Infinity III Prime LC System is an analytical high-performance liquid chromatography (HPLC) system, offering the flexibility of both an HPLC and a UHPLC for columns with sub-2 μm particles. It can operate at high pressures and handle flow rates up to 5 mL/min. This HPLC/UHPLC system gives you the utmost confidence in your HPLC results and can be a front end for your LC/MS system.</p>
<p class=""product-ul"" data-v-64dfe0b9=""""> </p>
<ul class=""product-features list-styled flex-column"" data-v-64dfe0b9="""">
<li data-v-64dfe0b9="""">Automates your daily HPLC tasks, ensuring reliable HPLC results</li>
<li data-v-64dfe0b9="""">Delivers gradient formation/mixing performance equivalent to a binary-like system</li>
<li data-v-64dfe0b9="""">Provides excellent retention time reproducibility, accuracy, and precision</li>
<li data-v-64dfe0b9="""">Offers seamless method transfer with Intelligent System Emulation Technology</li>
<li data-v-64dfe0b9="""">Mediates solvent effects with Feed Injection using a Hybrid Multisampler</li>
</ul>
<p> </p>",790.000000,1,"Taxable Goods","Not Visible Individually",7000.000000,,,,1260-infinity-iii-prime-lc-system-level-sensing-elsd-fld-vialsampler-stack,"1260 Infinity III Prime LC System","1260 Infinity III Prime LC System","1260 Infinity III Prime LC System Featured documents

Brochure
Agilent InfinityLab LC Solutions: HPLC Made for Tomorrow

Application note
Pesticide Analysis with Agilent 1260 Infinity II Prime LC Ultivo Triple Quad LC/MS

",,,,,,,,,8/16/26,8/16/26,,,"Block after Info Column",,,,No,,,,,,,"Use config",,"agilent_autosampler=Vialsampler,agilent_bench_stack_configuration=Stack,agilent_detector=FLD,agilent_optional_secondary_detector=ELSD,agilent_solvent_fluid_management=Level Sensing,gift_wrapping_available=Yes",123.0000,0.0000,1,0,0,1,1,1,10000,1,1,1.0000,1,1,1,1,1.0000,1,0,0,0,0,1,,,,,,,,,,,,,,,,,,,,,,,,,,,,,,,,,,
"1260-Level Sensing-ELSD-RID-Multisampler-Flex",,Agilent_LC,simple,"Default Category/Products",base,"1260 Infinity III Prime LC System-Level Sensing-ELSD-RID-Multisampler-Flex","<p data-v-64dfe0b9=""""><strong>Featured documents</strong></p>
<div class=""documents-list d-flex flex-column flex-md-row"" data-v-64dfe0b9="""">
<div class=""document-item rounded d-flex flex-column"" tabindex=""0"" data-v-64dfe0b9=""""><a class=""d-flex"" tabindex=""-1"" href=""https://www.agilent.com/cs/library/brochures/br-infinitylab-analytical-hplc-systems-5994-7151EN-agilent.pdf"" target=""_blank"" rel=""noopener"" data-v-64dfe0b9=""""><span data-v-64dfe0b9="""">Brochure</span></a>
<h4 data-v-64dfe0b9="""">Agilent InfinityLab LC Solutions: HPLC Made for Tomorrow</h4>
</div>
<div class=""document-item rounded d-flex flex-column"" tabindex=""0"" data-v-64dfe0b9=""""><a class=""d-flex"" tabindex=""-1"" href=""https://www.agilent.com/cs/library/applications/application-pesticide-analysis-1260-infinity-II-prime-lc-ultivo-lc-ms-ms-5994-1889en-agilent.pdf"" target=""_blank"" rel=""noopener"" data-v-64dfe0b9=""""><span data-v-64dfe0b9="""">Application note</span></a>
<h4 data-v-64dfe0b9="""">Pesticide Analysis with Agilent 1260 Infinity II Prime LC Ultivo Triple Quad LC/MS</h4>
</div>
</div>","<p class=""product-description"" data-v-64dfe0b9="""">The 1260 Infinity III Prime LC System is an analytical high-performance liquid chromatography (HPLC) system, offering the flexibility of both an HPLC and a UHPLC for columns with sub-2 μm particles. It can operate at high pressures and handle flow rates up to 5 mL/min. This HPLC/UHPLC system gives you the utmost confidence in your HPLC results and can be a front end for your LC/MS system.</p>
<p class=""product-ul"" data-v-64dfe0b9=""""> </p>
<ul class=""product-features list-styled flex-column"" data-v-64dfe0b9="""">
<li data-v-64dfe0b9="""">Automates your daily HPLC tasks, ensuring reliable HPLC results</li>
<li data-v-64dfe0b9="""">Delivers gradient formation/mixing performance equivalent to a binary-like system</li>
<li data-v-64dfe0b9="""">Provides excellent retention time reproducibility, accuracy, and precision</li>
<li data-v-64dfe0b9="""">Offers seamless method transfer with Intelligent System Emulation Technology</li>
<li data-v-64dfe0b9="""">Mediates solvent effects with Feed Injection using a Hybrid Multisampler</li>
</ul>
<p> </p>",790.000000,1,"Taxable Goods","Not Visible Individually",7000.000000,,,,1260-infinity-iii-prime-lc-system-level-sensing-elsd-rid-multisampler-flex,"1260 Infinity III Prime LC System","1260 Infinity III Prime LC System","1260 Infinity III Prime LC System Featured documents

Brochure
Agilent InfinityLab LC Solutions: HPLC Made for Tomorrow

Application note
Pesticide Analysis with Agilent 1260 Infinity II Prime LC Ultivo Triple Quad LC/MS

",,,,,,,,,8/16/26,8/16/26,,,"Block after Info Column",,,,No,,,,,,,"Use config",,"agilent_autosampler=Multisampler,agilent_bench_stack_configuration=Flex,agilent_detector=RID,agilent_optional_secondary_detector=ELSD,agilent_solvent_fluid_management=Level Sensing,gift_wrapping_available=Yes",123.0000,0.0000,1,0,0,1,1,1,10000,1,1,1.0000,1,1,1,1,1.0000,1,0,0,0,0,1,,,,,,,,,,,,,,,,,,,,,,,,,,,,,,,,,,
"1260-Level Sensing-ELSD-RID-Multisampler-Benchtop",,Agilent_LC,simple,"Default Category/Products",base,"1260 Infinity III Prime LC System-Level Sensing-ELSD-RID-Multisampler-Benchtop","<p data-v-64dfe0b9=""""><strong>Featured documents</strong></p>
<div class=""documents-list d-flex flex-column flex-md-row"" data-v-64dfe0b9="""">
<div class=""document-item rounded d-flex flex-column"" tabindex=""0"" data-v-64dfe0b9=""""><a class=""d-flex"" tabindex=""-1"" href=""https://www.agilent.com/cs/library/brochures/br-infinitylab-analytical-hplc-systems-5994-7151EN-agilent.pdf"" target=""_blank"" rel=""noopener"" data-v-64dfe0b9=""""><span data-v-64dfe0b9="""">Brochure</span></a>
<h4 data-v-64dfe0b9="""">Agilent InfinityLab LC Solutions: HPLC Made for Tomorrow</h4>
</div>
<div class=""document-item rounded d-flex flex-column"" tabindex=""0"" data-v-64dfe0b9=""""><a class=""d-flex"" tabindex=""-1"" href=""https://www.agilent.com/cs/library/applications/application-pesticide-analysis-1260-infinity-II-prime-lc-ultivo-lc-ms-ms-5994-1889en-agilent.pdf"" target=""_blank"" rel=""noopener"" data-v-64dfe0b9=""""><span data-v-64dfe0b9="""">Application note</span></a>
<h4 data-v-64dfe0b9="""">Pesticide Analysis with Agilent 1260 Infinity II Prime LC Ultivo Triple Quad LC/MS</h4>
</div>
</div>","<p class=""product-description"" data-v-64dfe0b9="""">The 1260 Infinity III Prime LC System is an analytical high-performance liquid chromatography (HPLC) system, offering the flexibility of both an HPLC and a UHPLC for columns with sub-2 μm particles. It can operate at high pressures and handle flow rates up to 5 mL/min. This HPLC/UHPLC system gives you the utmost confidence in your HPLC results and can be a front end for your LC/MS system.</p>
<p class=""product-ul"" data-v-64dfe0b9=""""> </p>
<ul class=""product-features list-styled flex-column"" data-v-64dfe0b9="""">
<li data-v-64dfe0b9="""">Automates your daily HPLC tasks, ensuring reliable HPLC results</li>
<li data-v-64dfe0b9="""">Delivers gradient formation/mixing performance equivalent to a binary-like system</li>
<li data-v-64dfe0b9="""">Provides excellent retention time reproducibility, accuracy, and precision</li>
<li data-v-64dfe0b9="""">Offers seamless method transfer with Intelligent System Emulation Technology</li>
<li data-v-64dfe0b9="""">Mediates solvent effects with Feed Injection using a Hybrid Multisampler</li>
</ul>
<p> </p>",790.000000,1,"Taxable Goods","Not Visible Individually",7000.000000,,,,1260-infinity-iii-prime-lc-system-level-sensing-elsd-rid-multisampler-benchtop,"1260 Infinity III Prime LC System","1260 Infinity III Prime LC System","1260 Infinity III Prime LC System Featured documents

Brochure
Agilent InfinityLab LC Solutions: HPLC Made for Tomorrow

Application note
Pesticide Analysis with Agilent 1260 Infinity II Prime LC Ultivo Triple Quad LC/MS

",,,,,,,,,8/16/26,8/16/26,,,"Block after Info Column",,,,No,,,,,,,"Use config",,"agilent_autosampler=Multisampler,agilent_bench_stack_configuration=Benchtop,agilent_detector=RID,agilent_optional_secondary_detector=ELSD,agilent_solvent_fluid_management=Level Sensing,gift_wrapping_available=Yes",123.0000,0.0000,1,0,0,1,1,1,10000,1,1,1.0000,1,1,1,1,1.0000,1,0,0,0,0,1,,,,,,,,,,,,,,,,,,,,,,,,,,,,,,,,,,
"1260-Level Sensing-ELSD-RID-Multisampler-Stack",,Agilent_LC,simple,"Default Category/Products",base,"1260 Infinity III Prime LC System-Level Sensing-ELSD-RID-Multisampler-Stack","<p data-v-64dfe0b9=""""><strong>Featured documents</strong></p>
<div class=""documents-list d-flex flex-column flex-md-row"" data-v-64dfe0b9="""">
<div class=""document-item rounded d-flex flex-column"" tabindex=""0"" data-v-64dfe0b9=""""><a class=""d-flex"" tabindex=""-1"" href=""https://www.agilent.com/cs/library/brochures/br-infinitylab-analytical-hplc-systems-5994-7151EN-agilent.pdf"" target=""_blank"" rel=""noopener"" data-v-64dfe0b9=""""><span data-v-64dfe0b9="""">Brochure</span></a>
<h4 data-v-64dfe0b9="""">Agilent InfinityLab LC Solutions: HPLC Made for Tomorrow</h4>
</div>
<div class=""document-item rounded d-flex flex-column"" tabindex=""0"" data-v-64dfe0b9=""""><a class=""d-flex"" tabindex=""-1"" href=""https://www.agilent.com/cs/library/applications/application-pesticide-analysis-1260-infinity-II-prime-lc-ultivo-lc-ms-ms-5994-1889en-agilent.pdf"" target=""_blank"" rel=""noopener"" data-v-64dfe0b9=""""><span data-v-64dfe0b9="""">Application note</span></a>
<h4 data-v-64dfe0b9="""">Pesticide Analysis with Agilent 1260 Infinity II Prime LC Ultivo Triple Quad LC/MS</h4>
</div>
</div>","<p class=""product-description"" data-v-64dfe0b9="""">The 1260 Infinity III Prime LC System is an analytical high-performance liquid chromatography (HPLC) system, offering the flexibility of both an HPLC and a UHPLC for columns with sub-2 μm particles. It can operate at high pressures and handle flow rates up to 5 mL/min. This HPLC/UHPLC system gives you the utmost confidence in your HPLC results and can be a front end for your LC/MS system.</p>
<p class=""product-ul"" data-v-64dfe0b9=""""> </p>
<ul class=""product-features list-styled flex-column"" data-v-64dfe0b9="""">
<li data-v-64dfe0b9="""">Automates your daily HPLC tasks, ensuring reliable HPLC results</li>
<li data-v-64dfe0b9="""">Delivers gradient formation/mixing performance equivalent to a binary-like system</li>
<li data-v-64dfe0b9="""">Provides excellent retention time reproducibility, accuracy, and precision</li>
<li data-v-64dfe0b9="""">Offers seamless method transfer with Intelligent System Emulation Technology</li>
<li data-v-64dfe0b9="""">Mediates solvent effects with Feed Injection using a Hybrid Multisampler</li>
</ul>
<p> </p>",790.000000,1,"Taxable Goods","Not Visible Individually",7000.000000,,,,1260-infinity-iii-prime-lc-system-level-sensing-elsd-rid-multisampler-stack,"1260 Infinity III Prime LC System","1260 Infinity III Prime LC System","1260 Infinity III Prime LC System Featured documents

Brochure
Agilent InfinityLab LC Solutions: HPLC Made for Tomorrow

Application note
Pesticide Analysis with Agilent 1260 Infinity II Prime LC Ultivo Triple Quad LC/MS

",,,,,,,,,8/16/26,8/16/26,,,"Block after Info Column",,,,No,,,,,,,"Use config",,"agilent_autosampler=Multisampler,agilent_bench_stack_configuration=Stack,agilent_detector=RID,agilent_optional_secondary_detector=ELSD,agilent_solvent_fluid_management=Level Sensing,gift_wrapping_available=Yes",123.0000,0.0000,1,0,0,1,1,1,10000,1,1,1.0000,1,1,1,1,1.0000,1,0,0,0,0,1,,,,,,,,,,,,,,,,,,,,,,,,,,,,,,,,,,
"1260-Level Sensing-ELSD-RID-Hybrid Multisampler-Flex",,Agilent_LC,simple,"Default Category/Products",base,"1260 Infinity III Prime LC System-Level Sensing-ELSD-RID-Hybrid Multisampler-Flex","<p data-v-64dfe0b9=""""><strong>Featured documents</strong></p>
<div class=""documents-list d-flex flex-column flex-md-row"" data-v-64dfe0b9="""">
<div class=""document-item rounded d-flex flex-column"" tabindex=""0"" data-v-64dfe0b9=""""><a class=""d-flex"" tabindex=""-1"" href=""https://www.agilent.com/cs/library/brochures/br-infinitylab-analytical-hplc-systems-5994-7151EN-agilent.pdf"" target=""_blank"" rel=""noopener"" data-v-64dfe0b9=""""><span data-v-64dfe0b9="""">Brochure</span></a>
<h4 data-v-64dfe0b9="""">Agilent InfinityLab LC Solutions: HPLC Made for Tomorrow</h4>
</div>
<div class=""document-item rounded d-flex flex-column"" tabindex=""0"" data-v-64dfe0b9=""""><a class=""d-flex"" tabindex=""-1"" href=""https://www.agilent.com/cs/library/applications/application-pesticide-analysis-1260-infinity-II-prime-lc-ultivo-lc-ms-ms-5994-1889en-agilent.pdf"" target=""_blank"" rel=""noopener"" data-v-64dfe0b9=""""><span data-v-64dfe0b9="""">Application note</span></a>
<h4 data-v-64dfe0b9="""">Pesticide Analysis with Agilent 1260 Infinity II Prime LC Ultivo Triple Quad LC/MS</h4>
</div>
</div>","<p class=""product-description"" data-v-64dfe0b9="""">The 1260 Infinity III Prime LC System is an analytical high-performance liquid chromatography (HPLC) system, offering the flexibility of both an HPLC and a UHPLC for columns with sub-2 μm particles. It can operate at high pressures and handle flow rates up to 5 mL/min. This HPLC/UHPLC system gives you the utmost confidence in your HPLC results and can be a front end for your LC/MS system.</p>
<p class=""product-ul"" data-v-64dfe0b9=""""> </p>
<ul class=""product-features list-styled flex-column"" data-v-64dfe0b9="""">
<li data-v-64dfe0b9="""">Automates your daily HPLC tasks, ensuring reliable HPLC results</li>
<li data-v-64dfe0b9="""">Delivers gradient formation/mixing performance equivalent to a binary-like system</li>
<li data-v-64dfe0b9="""">Provides excellent retention time reproducibility, accuracy, and precision</li>
<li data-v-64dfe0b9="""">Offers seamless method transfer with Intelligent System Emulation Technology</li>
<li data-v-64dfe0b9="""">Mediates solvent effects with Feed Injection using a Hybrid Multisampler</li>
</ul>
<p> </p>",790.000000,1,"Taxable Goods","Not Visible Individually",7000.000000,,,,1260-infinity-iii-prime-lc-system-level-sensing-elsd-rid-hybrid-multisampler-flex,"1260 Infinity III Prime LC System","1260 Infinity III Prime LC System","1260 Infinity III Prime LC System Featured documents

Brochure
Agilent InfinityLab LC Solutions: HPLC Made for Tomorrow

Application note
Pesticide Analysis with Agilent 1260 Infinity II Prime LC Ultivo Triple Quad LC/MS

",,,,,,,,,8/16/26,8/16/26,,,"Block after Info Column",,,,No,,,,,,,"Use config",,"agilent_autosampler=Hybrid Multisampler,agilent_bench_stack_configuration=Flex,agilent_detector=RID,agilent_optional_secondary_detector=ELSD,agilent_solvent_fluid_management=Level Sensing,gift_wrapping_available=Yes",123.0000,0.0000,1,0,0,1,1,1,10000,1,1,1.0000,1,1,1,1,1.0000,1,0,0,0,0,1,,,,,,,,,,,,,,,,,,,,,,,,,,,,,,,,,,
"1260-Level Sensing-ELSD-RID-Hybrid Multisampler-Benchtop",,Agilent_LC,simple,"Default Category/Products",base,"1260 Infinity III Prime LC System-Level Sensing-ELSD-RID-Hybrid Multisampler-Benchtop","<p data-v-64dfe0b9=""""><strong>Featured documents</strong></p>
<div class=""documents-list d-flex flex-column flex-md-row"" data-v-64dfe0b9="""">
<div class=""document-item rounded d-flex flex-column"" tabindex=""0"" data-v-64dfe0b9=""""><a class=""d-flex"" tabindex=""-1"" href=""https://www.agilent.com/cs/library/brochures/br-infinitylab-analytical-hplc-systems-5994-7151EN-agilent.pdf"" target=""_blank"" rel=""noopener"" data-v-64dfe0b9=""""><span data-v-64dfe0b9="""">Brochure</span></a>
<h4 data-v-64dfe0b9="""">Agilent InfinityLab LC Solutions: HPLC Made for Tomorrow</h4>
</div>
<div class=""document-item rounded d-flex flex-column"" tabindex=""0"" data-v-64dfe0b9=""""><a class=""d-flex"" tabindex=""-1"" href=""https://www.agilent.com/cs/library/applications/application-pesticide-analysis-1260-infinity-II-prime-lc-ultivo-lc-ms-ms-5994-1889en-agilent.pdf"" target=""_blank"" rel=""noopener"" data-v-64dfe0b9=""""><span data-v-64dfe0b9="""">Application note</span></a>
<h4 data-v-64dfe0b9="""">Pesticide Analysis with Agilent 1260 Infinity II Prime LC Ultivo Triple Quad LC/MS</h4>
</div>
</div>","<p class=""product-description"" data-v-64dfe0b9="""">The 1260 Infinity III Prime LC System is an analytical high-performance liquid chromatography (HPLC) system, offering the flexibility of both an HPLC and a UHPLC for columns with sub-2 μm particles. It can operate at high pressures and handle flow rates up to 5 mL/min. This HPLC/UHPLC system gives you the utmost confidence in your HPLC results and can be a front end for your LC/MS system.</p>
<p class=""product-ul"" data-v-64dfe0b9=""""> </p>
<ul class=""product-features list-styled flex-column"" data-v-64dfe0b9="""">
<li data-v-64dfe0b9="""">Automates your daily HPLC tasks, ensuring reliable HPLC results</li>
<li data-v-64dfe0b9="""">Delivers gradient formation/mixing performance equivalent to a binary-like system</li>
<li data-v-64dfe0b9="""">Provides excellent retention time reproducibility, accuracy, and precision</li>
<li data-v-64dfe0b9="""">Offers seamless method transfer with Intelligent System Emulation Technology</li>
<li data-v-64dfe0b9="""">Mediates solvent effects with Feed Injection using a Hybrid Multisampler</li>
</ul>
<p> </p>",790.000000,1,"Taxable Goods","Not Visible Individually",7000.000000,,,,1260-infinity-iii-prime-lc-system-level-sensing-elsd-rid-hybrid-multisampler-benchtop,"1260 Infinity III Prime LC System","1260 Infinity III Prime LC System","1260 Infinity III Prime LC System Featured documents

Brochure
Agilent InfinityLab LC Solutions: HPLC Made for Tomorrow

Application note
Pesticide Analysis with Agilent 1260 Infinity II Prime LC Ultivo Triple Quad LC/MS

",,,,,,,,,8/16/26,8/16/26,,,"Block after Info Column",,,,No,,,,,,,"Use config",,"agilent_autosampler=Hybrid Multisampler,agilent_bench_stack_configuration=Benchtop,agilent_detector=RID,agilent_optional_secondary_detector=ELSD,agilent_solvent_fluid_management=Level Sensing,gift_wrapping_available=Yes",123.0000,0.0000,1,0,0,1,1,1,10000,1,1,1.0000,1,1,1,1,1.0000,1,0,0,0,0,1,,,,,,,,,,,,,,,,,,,,,,,,,,,,,,,,,,
"1260-Level Sensing-ELSD-RID-Hybrid Multisampler-Stack",,Agilent_LC,simple,"Default Category/Products",base,"1260 Infinity III Prime LC System-Level Sensing-ELSD-RID-Hybrid Multisampler-Stack","<p data-v-64dfe0b9=""""><strong>Featured documents</strong></p>
<div class=""documents-list d-flex flex-column flex-md-row"" data-v-64dfe0b9="""">
<div class=""document-item rounded d-flex flex-column"" tabindex=""0"" data-v-64dfe0b9=""""><a class=""d-flex"" tabindex=""-1"" href=""https://www.agilent.com/cs/library/brochures/br-infinitylab-analytical-hplc-systems-5994-7151EN-agilent.pdf"" target=""_blank"" rel=""noopener"" data-v-64dfe0b9=""""><span data-v-64dfe0b9="""">Brochure</span></a>
<h4 data-v-64dfe0b9="""">Agilent InfinityLab LC Solutions: HPLC Made for Tomorrow</h4>
</div>
<div class=""document-item rounded d-flex flex-column"" tabindex=""0"" data-v-64dfe0b9=""""><a class=""d-flex"" tabindex=""-1"" href=""https://www.agilent.com/cs/library/applications/application-pesticide-analysis-1260-infinity-II-prime-lc-ultivo-lc-ms-ms-5994-1889en-agilent.pdf"" target=""_blank"" rel=""noopener"" data-v-64dfe0b9=""""><span data-v-64dfe0b9="""">Application note</span></a>
<h4 data-v-64dfe0b9="""">Pesticide Analysis with Agilent 1260 Infinity II Prime LC Ultivo Triple Quad LC/MS</h4>
</div>
</div>","<p class=""product-description"" data-v-64dfe0b9="""">The 1260 Infinity III Prime LC System is an analytical high-performance liquid chromatography (HPLC) system, offering the flexibility of both an HPLC and a UHPLC for columns with sub-2 μm particles. It can operate at high pressures and handle flow rates up to 5 mL/min. This HPLC/UHPLC system gives you the utmost confidence in your HPLC results and can be a front end for your LC/MS system.</p>
<p class=""product-ul"" data-v-64dfe0b9=""""> </p>
<ul class=""product-features list-styled flex-column"" data-v-64dfe0b9="""">
<li data-v-64dfe0b9="""">Automates your daily HPLC tasks, ensuring reliable HPLC results</li>
<li data-v-64dfe0b9="""">Delivers gradient formation/mixing performance equivalent to a binary-like system</li>
<li data-v-64dfe0b9="""">Provides excellent retention time reproducibility, accuracy, and precision</li>
<li data-v-64dfe0b9="""">Offers seamless method transfer with Intelligent System Emulation Technology</li>
<li data-v-64dfe0b9="""">Mediates solvent effects with Feed Injection using a Hybrid Multisampler</li>
</ul>
<p> </p>",790.000000,1,"Taxable Goods","Not Visible Individually",7000.000000,,,,1260-infinity-iii-prime-lc-system-level-sensing-elsd-rid-hybrid-multisampler-stack,"1260 Infinity III Prime LC System","1260 Infinity III Prime LC System","1260 Infinity III Prime LC System Featured documents

Brochure
Agilent InfinityLab LC Solutions: HPLC Made for Tomorrow

Application note
Pesticide Analysis with Agilent 1260 Infinity II Prime LC Ultivo Triple Quad LC/MS

",,,,,,,,,8/16/26,8/16/26,,,"Block after Info Column",,,,No,,,,,,,"Use config",,"agilent_autosampler=Hybrid Multisampler,agilent_bench_stack_configuration=Stack,agilent_detector=RID,agilent_optional_secondary_detector=ELSD,agilent_solvent_fluid_management=Level Sensing,gift_wrapping_available=Yes",123.0000,0.0000,1,0,0,1,1,1,10000,1,1,1.0000,1,1,1,1,1.0000,1,0,0,0,0,1,,,,,,,,,,,,,,,,,,,,,,,,,,,,,,,,,,
"1260-Level Sensing-ELSD-RID-Vialsampler-Flex",,Agilent_LC,simple,"Default Category/Products",base,"1260 Infinity III Prime LC System-Level Sensing-ELSD-RID-Vialsampler-Flex","<p data-v-64dfe0b9=""""><strong>Featured documents</strong></p>
<div class=""documents-list d-flex flex-column flex-md-row"" data-v-64dfe0b9="""">
<div class=""document-item rounded d-flex flex-column"" tabindex=""0"" data-v-64dfe0b9=""""><a class=""d-flex"" tabindex=""-1"" href=""https://www.agilent.com/cs/library/brochures/br-infinitylab-analytical-hplc-systems-5994-7151EN-agilent.pdf"" target=""_blank"" rel=""noopener"" data-v-64dfe0b9=""""><span data-v-64dfe0b9="""">Brochure</span></a>
<h4 data-v-64dfe0b9="""">Agilent InfinityLab LC Solutions: HPLC Made for Tomorrow</h4>
</div>
<div class=""document-item rounded d-flex flex-column"" tabindex=""0"" data-v-64dfe0b9=""""><a class=""d-flex"" tabindex=""-1"" href=""https://www.agilent.com/cs/library/applications/application-pesticide-analysis-1260-infinity-II-prime-lc-ultivo-lc-ms-ms-5994-1889en-agilent.pdf"" target=""_blank"" rel=""noopener"" data-v-64dfe0b9=""""><span data-v-64dfe0b9="""">Application note</span></a>
<h4 data-v-64dfe0b9="""">Pesticide Analysis with Agilent 1260 Infinity II Prime LC Ultivo Triple Quad LC/MS</h4>
</div>
</div>","<p class=""product-description"" data-v-64dfe0b9="""">The 1260 Infinity III Prime LC System is an analytical high-performance liquid chromatography (HPLC) system, offering the flexibility of both an HPLC and a UHPLC for columns with sub-2 μm particles. It can operate at high pressures and handle flow rates up to 5 mL/min. This HPLC/UHPLC system gives you the utmost confidence in your HPLC results and can be a front end for your LC/MS system.</p>
<p class=""product-ul"" data-v-64dfe0b9=""""> </p>
<ul class=""product-features list-styled flex-column"" data-v-64dfe0b9="""">
<li data-v-64dfe0b9="""">Automates your daily HPLC tasks, ensuring reliable HPLC results</li>
<li data-v-64dfe0b9="""">Delivers gradient formation/mixing performance equivalent to a binary-like system</li>
<li data-v-64dfe0b9="""">Provides excellent retention time reproducibility, accuracy, and precision</li>
<li data-v-64dfe0b9="""">Offers seamless method transfer with Intelligent System Emulation Technology</li>
<li data-v-64dfe0b9="""">Mediates solvent effects with Feed Injection using a Hybrid Multisampler</li>
</ul>
<p> </p>",790.000000,1,"Taxable Goods","Not Visible Individually",7000.000000,,,,1260-infinity-iii-prime-lc-system-level-sensing-elsd-rid-vialsampler-flex,"1260 Infinity III Prime LC System","1260 Infinity III Prime LC System","1260 Infinity III Prime LC System Featured documents

Brochure
Agilent InfinityLab LC Solutions: HPLC Made for Tomorrow

Application note
Pesticide Analysis with Agilent 1260 Infinity II Prime LC Ultivo Triple Quad LC/MS

",,,,,,,,,8/16/26,8/16/26,,,"Block after Info Column",,,,No,,,,,,,"Use config",,"agilent_autosampler=Vialsampler,agilent_bench_stack_configuration=Flex,agilent_detector=RID,agilent_optional_secondary_detector=ELSD,agilent_solvent_fluid_management=Level Sensing,gift_wrapping_available=Yes",123.0000,0.0000,1,0,0,1,1,1,10000,1,1,1.0000,1,1,1,1,1.0000,1,0,0,0,0,1,,,,,,,,,,,,,,,,,,,,,,,,,,,,,,,,,,
"1260-Level Sensing-ELSD-RID-Vialsampler-Benchtop",,Agilent_LC,simple,"Default Category/Products",base,"1260 Infinity III Prime LC System-Level Sensing-ELSD-RID-Vialsampler-Benchtop","<p data-v-64dfe0b9=""""><strong>Featured documents</strong></p>
<div class=""documents-list d-flex flex-column flex-md-row"" data-v-64dfe0b9="""">
<div class=""document-item rounded d-flex flex-column"" tabindex=""0"" data-v-64dfe0b9=""""><a class=""d-flex"" tabindex=""-1"" href=""https://www.agilent.com/cs/library/brochures/br-infinitylab-analytical-hplc-systems-5994-7151EN-agilent.pdf"" target=""_blank"" rel=""noopener"" data-v-64dfe0b9=""""><span data-v-64dfe0b9="""">Brochure</span></a>
<h4 data-v-64dfe0b9="""">Agilent InfinityLab LC Solutions: HPLC Made for Tomorrow</h4>
</div>
<div class=""document-item rounded d-flex flex-column"" tabindex=""0"" data-v-64dfe0b9=""""><a class=""d-flex"" tabindex=""-1"" href=""https://www.agilent.com/cs/library/applications/application-pesticide-analysis-1260-infinity-II-prime-lc-ultivo-lc-ms-ms-5994-1889en-agilent.pdf"" target=""_blank"" rel=""noopener"" data-v-64dfe0b9=""""><span data-v-64dfe0b9="""">Application note</span></a>
<h4 data-v-64dfe0b9="""">Pesticide Analysis with Agilent 1260 Infinity II Prime LC Ultivo Triple Quad LC/MS</h4>
</div>
</div>","<p class=""product-description"" data-v-64dfe0b9="""">The 1260 Infinity III Prime LC System is an analytical high-performance liquid chromatography (HPLC) system, offering the flexibility of both an HPLC and a UHPLC for columns with sub-2 μm particles. It can operate at high pressures and handle flow rates up to 5 mL/min. This HPLC/UHPLC system gives you the utmost confidence in your HPLC results and can be a front end for your LC/MS system.</p>
<p class=""product-ul"" data-v-64dfe0b9=""""> </p>
<ul class=""product-features list-styled flex-column"" data-v-64dfe0b9="""">
<li data-v-64dfe0b9="""">Automates your daily HPLC tasks, ensuring reliable HPLC results</li>
<li data-v-64dfe0b9="""">Delivers gradient formation/mixing performance equivalent to a binary-like system</li>
<li data-v-64dfe0b9="""">Provides excellent retention time reproducibility, accuracy, and precision</li>
<li data-v-64dfe0b9="""">Offers seamless method transfer with Intelligent System Emulation Technology</li>
<li data-v-64dfe0b9="""">Mediates solvent effects with Feed Injection using a Hybrid Multisampler</li>
</ul>
<p> </p>",790.000000,1,"Taxable Goods","Not Visible Individually",7000.000000,,,,1260-infinity-iii-prime-lc-system-level-sensing-elsd-rid-vialsampler-benchtop,"1260 Infinity III Prime LC System","1260 Infinity III Prime LC System","1260 Infinity III Prime LC System Featured documents

Brochure
Agilent InfinityLab LC Solutions: HPLC Made for Tomorrow

Application note
Pesticide Analysis with Agilent 1260 Infinity II Prime LC Ultivo Triple Quad LC/MS

",,,,,,,,,8/16/26,8/16/26,,,"Block after Info Column",,,,No,,,,,,,"Use config",,"agilent_autosampler=Vialsampler,agilent_bench_stack_configuration=Benchtop,agilent_detector=RID,agilent_optional_secondary_detector=ELSD,agilent_solvent_fluid_management=Level Sensing,gift_wrapping_available=Yes",123.0000,0.0000,1,0,0,1,1,1,10000,1,1,1.0000,1,1,1,1,1.0000,1,0,0,0,0,1,,,,,,,,,,,,,,,,,,,,,,,,,,,,,,,,,,
"1260-Level Sensing-ELSD-RID-Vialsampler-Stack",,Agilent_LC,simple,"Default Category/Products",base,"1260 Infinity III Prime LC System-Level Sensing-ELSD-RID-Vialsampler-Stack","<p data-v-64dfe0b9=""""><strong>Featured documents</strong></p>
<div class=""documents-list d-flex flex-column flex-md-row"" data-v-64dfe0b9="""">
<div class=""document-item rounded d-flex flex-column"" tabindex=""0"" data-v-64dfe0b9=""""><a class=""d-flex"" tabindex=""-1"" href=""https://www.agilent.com/cs/library/brochures/br-infinitylab-analytical-hplc-systems-5994-7151EN-agilent.pdf"" target=""_blank"" rel=""noopener"" data-v-64dfe0b9=""""><span data-v-64dfe0b9="""">Brochure</span></a>
<h4 data-v-64dfe0b9="""">Agilent InfinityLab LC Solutions: HPLC Made for Tomorrow</h4>
</div>
<div class=""document-item rounded d-flex flex-column"" tabindex=""0"" data-v-64dfe0b9=""""><a class=""d-flex"" tabindex=""-1"" href=""https://www.agilent.com/cs/library/applications/application-pesticide-analysis-1260-infinity-II-prime-lc-ultivo-lc-ms-ms-5994-1889en-agilent.pdf"" target=""_blank"" rel=""noopener"" data-v-64dfe0b9=""""><span data-v-64dfe0b9="""">Application note</span></a>
<h4 data-v-64dfe0b9="""">Pesticide Analysis with Agilent 1260 Infinity II Prime LC Ultivo Triple Quad LC/MS</h4>
</div>
</div>","<p class=""product-description"" data-v-64dfe0b9="""">The 1260 Infinity III Prime LC System is an analytical high-performance liquid chromatography (HPLC) system, offering the flexibility of both an HPLC and a UHPLC for columns with sub-2 μm particles. It can operate at high pressures and handle flow rates up to 5 mL/min. This HPLC/UHPLC system gives you the utmost confidence in your HPLC results and can be a front end for your LC/MS system.</p>
<p class=""product-ul"" data-v-64dfe0b9=""""> </p>
<ul class=""product-features list-styled flex-column"" data-v-64dfe0b9="""">
<li data-v-64dfe0b9="""">Automates your daily HPLC tasks, ensuring reliable HPLC results</li>
<li data-v-64dfe0b9="""">Delivers gradient formation/mixing performance equivalent to a binary-like system</li>
<li data-v-64dfe0b9="""">Provides excellent retention time reproducibility, accuracy, and precision</li>
<li data-v-64dfe0b9="""">Offers seamless method transfer with Intelligent System Emulation Technology</li>
<li data-v-64dfe0b9="""">Mediates solvent effects with Feed Injection using a Hybrid Multisampler</li>
</ul>
<p> </p>",790.000000,1,"Taxable Goods","Not Visible Individually",7000.000000,,,,1260-infinity-iii-prime-lc-system-level-sensing-elsd-rid-vialsampler-stack,"1260 Infinity III Prime LC System","1260 Infinity III Prime LC System","1260 Infinity III Prime LC System Featured documents

Brochure
Agilent InfinityLab LC Solutions: HPLC Made for Tomorrow

Application note
Pesticide Analysis with Agilent 1260 Infinity II Prime LC Ultivo Triple Quad LC/MS

",,,,,,,,,8/16/26,8/16/26,,,"Block after Info Column",,,,No,,,,,,,"Use config",,"agilent_autosampler=Vialsampler,agilent_bench_stack_configuration=Stack,agilent_detector=RID,agilent_optional_secondary_detector=ELSD,agilent_solvent_fluid_management=Level Sensing,gift_wrapping_available=Yes",123.0000,0.0000,1,0,0,1,1,1,10000,1,1,1.0000,1,1,1,1,1.0000,1,0,0,0,0,1,,,,,,,,,,,,,,,,,,,,,,,,,,,,,,,,,,
